,TOWN,VAP,NAME,WVAP,BVAP,HVAP,ASIANVAP,BMAY21PAG,BMAY21PAC,BMAY21PKJ,BMAY21PMW,OVAP,TOT_VOTES,factor,WVAP_pct,BVAP_pct,HVAP_pct,ASIANVAP_pct,OVAP_pct,BMAY21PNone,BMAY21PAG_pct,BMAY21PAC_pct,BMAY21PKJ_pct,BMAY21PMW_pct,BMAY21PNone_pct
175,Boston,1717,Boston Ward 1 Precinct 1,1074,38,503,45,85,92,49,152,57,1717,1,0.6255096097845079,0.0221316249271986,0.2929528246942341,0.026208503203261502,0.033197437390797904,1339,0.04950495049504951,0.05358182877111241,0.028538147932440302,0.0885264997087944,0.7798485730926034
176,Boston,1862,Boston Ward 1 Precinct 10,552,38,1165,62,32,21,29,60,45,1862,1,0.2964554242749731,0.02040816326530612,0.625671321160043,0.03329752953813104,0.024167561761546726,1720,0.017185821697099892,0.011278195488721804,0.015574650912996778,0.0322234156820623,0.9237379162191193
177,Boston,2722,Boston Ward 1 Precinct 11,1610,57,923,87,170,21,48,130,45,2722,1,0.59147685525349,0.02094048493754592,0.3390889052167524,0.0319617927994122,0.01653196179279941,2353,0.06245407788390889,0.007714915503306392,0.01763409257898604,0.04775900073475386,0.8644379132990448
178,Boston,1830,Boston Ward 1 Precinct 12,1228,26,476,49,208,38,38,103,51,1830,1,0.6710382513661202,0.014207650273224045,0.26010928961748636,0.026775956284153007,0.027868852459016394,1443,0.11366120218579236,0.020765027322404372,0.020765027322404372,0.05628415300546448,0.7885245901639344
179,Boston,2624,Boston Ward 1 Precinct 13,1192,178,1099,95,182,46,63,160,60,2624,1,0.45426829268292684,0.06783536585365854,0.4188262195121951,0.036204268292682924,0.022865853658536585,2173,0.06935975609756098,0.01753048780487805,0.024009146341463415,0.06097560975609756,0.828125
180,Boston,823,Boston Ward 1 Precinct 14,616,16,145,36,106,20,39,67,10,823,1,0.7484811664641555,0.019441069258809233,0.17618469015795868,0.04374240583232078,0.012150668286755772,591,0.12879708383961117,0.024301336573511544,0.04738760631834751,0.08140947752126367,0.7181044957472661
181,Boston,530,Boston City Ward 1 Precinct 15,165,204,130,7,0,0,0,0,24,530,1,0.3113207547169811,0.3849056603773585,0.24528301886792453,0.013207547169811321,0.045283018867924525,530,0.0,0.0,0.0,0.0,1.0
182,Boston,2071,Boston Ward 1 Precinct 2,828,40,1073,42,52,40,21,81,88,2071,1,0.39980685659101883,0.01931434089811685,0.5181071945919845,0.020280057943022695,0.04249154997585707,1877,0.025108643167551906,0.01931434089811685,0.010140028971511348,0.039111540318686626,0.9063254466441333
183,Boston,3179,Boston Ward 1 Precinct 3,1275,212,1314,227,91,107,104,297,151,3179,1,0.40106951871657753,0.06668763762189368,0.41333752752437875,0.07140610254797106,0.04749921358917899,2580,0.028625353884869455,0.033658383139351995,0.03271469015413652,0.09342560553633218,0.8115759672853099
184,Boston,1871,Boston Ward 1 Precinct 4,507,43,1192,40,51,35,40,73,89,1871,1,0.27097808658471406,0.022982362373062535,0.6370924639230358,0.021378941742383754,0.04756814537680385,1672,0.027258150721539285,0.01870657402458578,0.021378941742383754,0.039016568679850344,0.8936397648316409
185,Boston,2888,Boston Ward 1 Precinct 5,969,47,1664,74,56,55,50,128,134,2888,1,0.3355263157894737,0.016274238227146815,0.5761772853185596,0.025623268698060944,0.046398891966759004,2599,0.019390581717451522,0.019044321329639888,0.01731301939058172,0.0443213296398892,0.8999307479224377
186,Boston,2520,Boston Ward 1 Precinct 6,812,59,1490,58,65,33,49,90,101,2520,1,0.32222222222222224,0.023412698412698413,0.5912698412698413,0.023015873015873017,0.04007936507936508,2283,0.025793650793650792,0.013095238095238096,0.019444444444444445,0.03571428571428571,0.905952380952381
187,Boston,2388,Boston Ward 1 Precinct 7,709,76,1451,72,46,41,45,96,80,2388,1,0.29690117252931325,0.031825795644891124,0.6076214405360134,0.03015075376884422,0.03350083752093802,2160,0.019262981574539362,0.017169179229480736,0.018844221105527637,0.04020100502512563,0.9045226130653267
188,Boston,2902,Boston Ward 1 Precinct 8,912,76,1669,188,78,48,59,134,57,2902,1,0.3142660234321158,0.026188835286009647,0.5751206064782909,0.0647829083390765,0.019641626464507237,2583,0.026878015161957272,0.016540317022742935,0.02033080634045486,0.0461750516884907,0.8900758097863543
189,Boston,2086,Boston Ward 1 Precinct 9,734,44,1216,38,61,51,28,83,54,2086,1,0.35186960690316393,0.02109300095877277,0.5829338446788112,0.01821668264621285,0.02588686481303931,1863,0.029242569511025888,0.02444870565675935,0.013422818791946308,0.03978906999041227,0.8930968360498562
190,Boston,1260,Boston Ward 10 Precinct 1,417,276,357,175,41,48,68,88,35,1260,1,0.33095238095238094,0.21904761904761905,0.2833333333333333,0.1388888888888889,0.027777777777777776,1015,0.03253968253968254,0.0380952380952381,0.05396825396825397,0.06984126984126984,0.8055555555555556
191,Boston,2207,Boston Ward 10 Precinct 2,1096,246,274,544,28,28,46,67,47,2207,1,0.4966017217942909,0.11146352514725873,0.12415043044857273,0.2464884458541006,0.021295876755777075,2038,0.012686905301314002,0.012686905301314002,0.02084277299501586,0.03035795197100136,0.9234254644313548
192,Boston,2020,Boston Ward 10 Precinct 3,1306,166,228,256,25,33,40,55,64,2020,1,0.6465346534653466,0.08217821782178218,0.11287128712871287,0.12673267326732673,0.031683168316831684,1867,0.012376237623762377,0.016336633663366337,0.019801980198019802,0.027227722772277228,0.9242574257425743
193,Boston,2605,Boston Ward 10 Precinct 4,1127,367,477,556,39,29,134,135,78,2605,1,0.4326295585412668,0.14088291746641074,0.18310940499040307,0.21343570057581573,0.029942418426103647,2268,0.014971209213051824,0.011132437619961612,0.05143953934740883,0.05182341650671785,0.8706333973128599
194,Boston,2078,Boston Ward 10 Precinct 5,1448,208,225,135,27,56,59,96,62,2078,1,0.6968238691049086,0.10009624639076034,0.1082771896053898,0.06496631376323388,0.029836381135707413,1840,0.012993262752646775,0.026948989412897015,0.028392685274302214,0.04619826756496631,0.8854667949951877
195,Boston,1706,Boston Ward 10 Precinct 6,386,472,665,130,12,67,75,124,53,1706,1,0.22626025791324736,0.27667057444314186,0.3898007033997655,0.07620164126611957,0.031066822977725676,1428,0.007033997655334115,0.03927315357561548,0.043962485345838215,0.07268464243845252,0.8370457209847597
196,Boston,1822,Boston Ward 10 Precinct 7,234,461,1035,46,29,57,102,142,46,1822,1,0.12843029637760703,0.2530186608122942,0.5680570801317234,0.025246981339187707,0.025246981339187707,1492,0.015916575192096598,0.03128430296377607,0.05598243688254665,0.07793633369923161,0.818880351262349
197,Boston,2780,Boston Ward 10 Precinct 8,1408,538,385,390,45,96,83,282,59,2780,1,0.5064748201438849,0.19352517985611511,0.13848920863309352,0.14028776978417265,0.021223021582733814,2274,0.01618705035971223,0.034532374100719423,0.02985611510791367,0.10143884892086331,0.8179856115107914
198,Boston,2265,Boston Ward 10 Precinct 9,1417,141,520,145,46,161,95,327,42,2265,1,0.6256070640176601,0.06225165562913907,0.22958057395143489,0.0640176600441501,0.018543046357615896,1636,0.020309050772626933,0.07108167770419425,0.04194260485651214,0.14437086092715232,0.7222958057395144
199,Boston,912,Boston Ward 11 Precinct 1,307,392,150,31,13,72,94,85,32,912,1,0.3366228070175439,0.4298245614035088,0.16447368421052633,0.03399122807017544,0.03508771929824561,648,0.01425438596491228,0.07894736842105263,0.10307017543859649,0.09320175438596491,0.7105263157894737
200,Boston,1462,Boston Ward 11 Precinct 10,998,122,238,68,15,131,81,246,36,1462,1,0.6826265389876881,0.08344733242134063,0.16279069767441862,0.046511627906976744,0.024623803009575923,989,0.010259917920656635,0.08960328317373462,0.05540355677154583,0.16826265389876882,0.6764705882352942
201,Boston,1651,Boston Ward 11 Precinct 2,113,1016,442,21,20,89,197,120,59,1651,1,0.06844336765596608,0.6153846153846154,0.2677165354330709,0.012719563900666263,0.03573591762568141,1225,0.012113870381586917,0.05390672319806178,0.11932162325863113,0.0726832222895215,0.7419745608721987
202,Boston,1410,Boston Ward 11 Precinct 3,90,799,457,13,16,53,139,49,51,1410,1,0.06382978723404255,0.5666666666666667,0.324113475177305,0.009219858156028368,0.036170212765957444,1153,0.011347517730496455,0.0375886524822695,0.09858156028368795,0.03475177304964539,0.8177304964539007
203,Boston,2232,Boston Ward 11 Precinct 4,406,705,1022,37,29,94,146,200,62,2232,1,0.18189964157706093,0.31586021505376344,0.4578853046594982,0.016577060931899642,0.027777777777777776,1763,0.012992831541218637,0.042114695340501794,0.06541218637992832,0.08960573476702509,0.7898745519713262
204,Boston,1800,Boston Ward 11 Precinct 5,440,492,791,26,36,86,105,210,51,1800,1,0.24444444444444444,0.2733333333333333,0.43944444444444447,0.014444444444444444,0.028333333333333332,1363,0.02,0.04777777777777778,0.058333333333333334,0.11666666666666667,0.7572222222222222
205,Boston,1257,Boston Ward 11 Precinct 6,646,127,399,61,29,144,49,211,24,1257,1,0.5139220365950676,0.10103420843277645,0.31742243436754175,0.04852824184566428,0.01909307875894988,824,0.023070803500397773,0.11455847255369929,0.03898170246618934,0.16785998408910102,0.6555290373906125
206,Boston,1955,Boston Ward 11 Precinct 7,938,424,487,51,33,135,91,312,55,1955,1,0.47979539641943736,0.21687979539641944,0.24910485933503837,0.02608695652173913,0.028132992327365727,1384,0.01687979539641944,0.06905370843989769,0.046547314578005115,0.15959079283887467,0.7079283887468031
207,Boston,1733,Boston Ward 11 Precinct 8,1081,196,253,153,49,188,94,385,50,1733,1,0.6237738026543566,0.11309867282169649,0.14598961338718985,0.0882862088863243,0.028851702250432775,1017,0.02827466820542412,0.10848240046162723,0.054241200230813615,0.22215810732833238,0.5868436237738026
208,Boston,997,Boston Ward 11 Precinct 9,790,48,99,40,26,129,54,223,20,997,1,0.7923771313941825,0.048144433299899696,0.09929789368104312,0.04012036108324975,0.020060180541624874,565,0.026078234704112337,0.12938816449348045,0.05416248746238716,0.22367101303911735,0.5667001003009027
209,Boston,1812,Boston Ward 12 Precinct 1,74,1328,307,32,18,64,244,88,71,1812,1,0.04083885209713024,0.7328918322295805,0.16942604856512142,0.017660044150110375,0.039183222958057394,1398,0.009933774834437087,0.03532008830022075,0.1346578366445916,0.04856512141280353,0.7715231788079471
210,Boston,2361,Boston Ward 12 Precinct 2,39,1664,529,17,18,97,271,72,112,2361,1,0.016518424396442185,0.7047861075815333,0.2240576027107158,0.007200338839474798,0.04743752647183397,1903,0.007623888182973317,0.041084286319356206,0.11478187208809826,0.030495552731893267,0.8060144006776789
211,Boston,794,Boston Ward 12 Precinct 3,20,564,151,24,8,41,150,38,35,794,1,0.02518891687657431,0.7103274559193955,0.190176322418136,0.030226700251889168,0.04408060453400504,557,0.010075566750629723,0.05163727959697733,0.1889168765743073,0.04785894206549118,0.7015113350125944
212,Boston,1235,Boston Ward 12 Precinct 4,47,826,274,3,14,55,148,57,85,1235,1,0.03805668016194332,0.668825910931174,0.22186234817813766,0.0024291497975708503,0.06882591093117409,961,0.011336032388663968,0.044534412955465584,0.11983805668016194,0.046153846153846156,0.7781376518218623
213,Boston,860,Boston Ward 12 Precinct 5,15,655,151,1,7,34,128,35,38,860,1,0.01744186046511628,0.7616279069767442,0.1755813953488372,0.0011627906976744186,0.044186046511627906,656,0.00813953488372093,0.03953488372093023,0.14883720930232558,0.040697674418604654,0.7627906976744186
214,Boston,858,Boston Ward 12 Precinct 6,21,659,134,9,11,48,152,35,35,858,1,0.024475524475524476,0.7680652680652681,0.1561771561771562,0.01048951048951049,0.04079254079254079,612,0.01282051282051282,0.055944055944055944,0.17715617715617715,0.04079254079254079,0.7132867132867133
215,Boston,3062,Boston Ward 12 Precinct 7,186,1862,913,18,23,77,228,91,83,3062,1,0.06074461136512083,0.6080992815153494,0.29817112998040496,0.005878510777269758,0.027106466361854997,2643,0.007511430437622469,0.025146962769431742,0.07446113651208361,0.029719137818419335,0.8631613324624429
216,Boston,950,Boston City Ward 12 Precinct 8,33,630,244,3,8,35,93,32,40,950,1,0.034736842105263156,0.6631578947368421,0.25684210526315787,0.003157894736842105,0.042105263157894736,782,0.008421052631578947,0.03684210526315789,0.09789473684210526,0.03368421052631579,0.8231578947368421
217,Boston,1133,Boston City Ward 12 Precinct 9,23,778,269,15,5,60,132,45,48,1133,1,0.02030008826125331,0.6866725507502206,0.23742277140335394,0.01323918799646955,0.04236540158870256,891,0.00441306266548985,0.0529567519858782,0.11650485436893204,0.03971756398940865,0.7864077669902912
218,Boston,1573,Boston City Ward 13 Precinct 1,41,851,458,11,15,54,150,46,212,1573,1,0.026064844246662427,0.5410044500953591,0.291163382072473,0.006993006993006993,0.13477431659249842,1308,0.009535918626827717,0.034329307056579786,0.09535918626827718,0.029243483788938335,0.831532104259377
219,Boston,1817,Boston City Ward 13 Precinct 10,1416,94,74,193,314,155,39,181,40,1817,1,0.779306549257017,0.051733626857457346,0.04072647220693451,0.10621904237754541,0.02201430930104568,1128,0.1728123280132086,0.085305448541552,0.02146395156851954,0.0996147495872317,0.6208035222894882
220,Boston,673,Boston City Ward 13 Precinct 2,14,351,232,8,4,29,48,19,68,673,1,0.020802377414561663,0.5215453194650818,0.3447251114413076,0.01188707280832095,0.10104011887072809,573,0.005943536404160475,0.04309063893016345,0.0713224368499257,0.02823179791976226,0.8514115898959881
221,Boston,3145,Boston City Ward 13 Precinct 3,1293,515,547,681,34,41,49,73,109,3145,1,0.4111287758346582,0.16375198728139906,0.1739268680445151,0.2165341812400636,0.03465818759936407,2948,0.010810810810810811,0.013036565977742448,0.015580286168521463,0.023211446740858507,0.9373608903020668
222,Boston,1261,Boston City Ward 13 Precinct 4,82,668,370,10,9,49,84,33,131,1261,1,0.06502775574940524,0.5297383029341792,0.2934179222839017,0.007930214115781126,0.10388580491673276,1086,0.007137192704203013,0.03885804916732752,0.06661379857256146,0.026169706582077717,0.8612212529738303
223,Boston,1352,Boston City Ward 13 Precinct 5,263,483,284,11,19,52,53,51,311,1352,1,0.1945266272189349,0.3572485207100592,0.21005917159763313,0.008136094674556213,0.23002958579881658,1177,0.014053254437869823,0.038461538461538464,0.03920118343195266,0.03772189349112426,0.8705621301775148
224,Boston,1626,Boston City Ward 13 Precinct 6,517,425,272,125,64,79,50,94,287,1626,1,0.31795817958179584,0.2613776137761378,0.16728167281672818,0.07687576875768758,0.17650676506765067,1339,0.03936039360393604,0.04858548585485855,0.03075030750307503,0.05781057810578106,0.8234932349323493
225,Boston,1775,Boston City Ward 13 Precinct 7,956,189,131,431,123,55,33,132,68,1775,1,0.5385915492957747,0.10647887323943662,0.07380281690140846,0.2428169014084507,0.03830985915492958,1432,0.06929577464788732,0.030985915492957747,0.018591549295774647,0.07436619718309859,0.8067605633802817
226,Boston,1640,Boston City Ward 13 Precinct 8,769,194,167,391,117,50,29,94,119,1640,1,0.4689024390243902,0.11829268292682926,0.10182926829268292,0.23841463414634145,0.07256097560975609,1350,0.07134146341463414,0.03048780487804878,0.01768292682926829,0.05731707317073171,0.823170731707317
227,Boston,1683,Boston City Ward 13 Precinct 9,692,228,170,428,105,71,44,104,165,1683,1,0.41117052881758764,0.1354723707664884,0.10101010101010101,0.25430778371954843,0.09803921568627451,1359,0.062388591800356503,0.0421865715983363,0.026143790849673203,0.061794414735591205,0.8074866310160428
228,Boston,2866,Boston City Ward 14 Precinct 1,48,1688,920,35,23,88,278,69,175,2866,1,0.01674808094905792,0.5889741800418702,0.32100488485694345,0.012212142358688068,0.06106071179344034,2408,0.008025122121423587,0.030704815073272853,0.09699930216329379,0.02407536636427076,0.840195394277739
229,Boston,1927,Boston City Ward 14 Precinct 10,26,1127,657,16,16,77,127,43,101,1927,1,0.013492475350285417,0.5848469122989102,0.34094447327452,0.008303061754021795,0.05241307732226259,1664,0.008303061754021795,0.03995848469122989,0.065905552672548,0.022314478463933574,0.8635184224182667
230,Boston,1300,Boston City Ward 14 Precinct 11,20,985,224,10,13,88,134,33,61,1300,1,0.015384615384615385,0.7576923076923077,0.1723076923076923,0.007692307692307693,0.04692307692307692,1032,0.01,0.06769230769230769,0.10307692307692308,0.025384615384615384,0.7938461538461539
231,Boston,816,Boston City Ward 14 Precinct 12,3,653,121,9,5,38,92,21,30,816,1,0.003676470588235294,0.8002450980392157,0.1482843137254902,0.011029411764705883,0.03676470588235294,660,0.006127450980392157,0.04656862745098039,0.11274509803921569,0.025735294117647058,0.8088235294117647
232,Boston,1206,Boston City Ward 14 Precinct 13,18,973,149,11,11,73,120,30,55,1206,1,0.014925373134328358,0.806799336650083,0.12354892205638475,0.00912106135986733,0.04560530679933665,972,0.00912106135986733,0.06053067993366501,0.09950248756218906,0.024875621890547265,0.8059701492537313
233,Boston,1340,Boston City Ward 14 Precinct 14,5,1119,177,5,15,67,142,32,34,1340,1,0.0037313432835820895,0.8350746268656717,0.13208955223880597,0.0037313432835820895,0.025373134328358207,1084,0.011194029850746268,0.05,0.10597014925373134,0.023880597014925373,0.808955223880597
234,Boston,2685,Boston City Ward 14 Precinct 2,42,2031,448,10,19,129,265,61,154,2685,1,0.01564245810055866,0.7564245810055866,0.16685288640595902,0.0037243947858473,0.05735567970204842,2211,0.00707635009310987,0.048044692737430165,0.09869646182495345,0.02271880819366853,0.823463687150838
235,Boston,1528,Boston City Ward 14 Precinct 3,19,974,452,18,6,43,125,45,65,1528,1,0.012434554973821989,0.637434554973822,0.29581151832460734,0.011780104712041885,0.04253926701570681,1309,0.003926701570680628,0.0281413612565445,0.08180628272251309,0.029450261780104712,0.856675392670157
236,Boston,1673,Boston City Ward 14 Precinct 4,50,1157,360,15,20,76,133,59,91,1673,1,0.029886431560071727,0.6915720263000598,0.21518230723251644,0.008965929468021518,0.05439330543933055,1385,0.011954572624028692,0.045427375971309025,0.0794979079497908,0.035265989240884636,0.8278541542139869
237,Boston,1449,Boston City Ward 14 Precinct 5,9,1239,157,11,13,40,112,36,33,1449,1,0.006211180124223602,0.855072463768116,0.10835058661145618,0.00759144237405107,0.022774327122153208,1248,0.008971704623878536,0.027605244996549344,0.07729468599033816,0.024844720496894408,0.8612836438923396
238,Boston,1176,Boston City Ward 14 Precinct 6,41,880,211,6,13,67,103,28,38,1176,1,0.03486394557823129,0.7482993197278912,0.179421768707483,0.00510204081632653,0.03231292517006803,965,0.011054421768707483,0.05697278911564626,0.08758503401360544,0.023809523809523808,0.8205782312925171
239,Boston,1388,Boston City Ward 14 Precinct 7,20,1016,286,7,12,74,99,32,59,1388,1,0.01440922190201729,0.7319884726224783,0.20605187319884727,0.005043227665706052,0.04250720461095101,1171,0.008645533141210375,0.053314121037463975,0.07132564841498559,0.023054755043227664,0.8436599423631124
240,Boston,1494,Boston City Ward 14 Precinct 8,93,1162,190,11,23,92,143,49,38,1494,1,0.06224899598393574,0.7777777777777778,0.12717536813922356,0.007362784471218206,0.025435073627844713,1187,0.015394912985274432,0.06157965194109773,0.09571619812583668,0.03279785809906292,0.7945113788487282
241,Boston,1384,Boston City Ward 14 Precinct 9,13,844,459,17,11,53,101,31,51,1384,1,0.00939306358381503,0.6098265895953757,0.33164739884393063,0.012283236994219654,0.03684971098265896,1188,0.007947976878612716,0.03829479768786127,0.07297687861271676,0.022398843930635837,0.8583815028901735
242,Boston,1938,Boston City Ward 15 Precinct 1,130,874,554,44,30,55,133,44,336,1938,1,0.06707946336429309,0.45098039215686275,0.28586171310629516,0.022703818369453045,0.17337461300309598,1676,0.015479876160990712,0.028379772961816305,0.06862745098039216,0.022703818369453045,0.8648090815273478
243,Boston,1270,Boston City Ward 15 Precinct 2,34,749,206,8,20,42,90,23,273,1270,1,0.026771653543307086,0.5897637795275591,0.16220472440944883,0.006299212598425197,0.21496062992125983,1095,0.015748031496062992,0.03307086614173228,0.07086614173228346,0.01811023622047244,0.8622047244094488
244,Boston,875,Boston City Ward 15 Precinct 3,56,383,164,28,16,21,47,26,244,875,1,0.064,0.4377142857142857,0.18742857142857142,0.032,0.27885714285714286,765,0.018285714285714287,0.024,0.053714285714285714,0.029714285714285714,0.8742857142857143
245,Boston,2466,Boston City Ward 15 Precinct 4,262,850,397,389,25,70,123,50,568,2466,1,0.10624493106244931,0.3446877534468775,0.16098945660989455,0.15774533657745338,0.2303325223033252,2198,0.01013787510137875,0.028386050283860504,0.049878345498783457,0.0202757502027575,0.8913219789132197
246,Boston,1661,Boston City Ward 15 Precinct 5,72,878,422,92,21,69,116,43,197,1661,1,0.04334738109572547,0.5285972305839856,0.2540638169777243,0.055388320288982544,0.11860325105358217,1412,0.012642986152919929,0.041541240216736906,0.06983744732089103,0.02588801926550271,0.8500903070439494
247,Boston,1038,Boston City Ward 15 Precinct 6,313,144,75,459,73,26,28,61,47,1038,1,0.3015414258188825,0.13872832369942195,0.07225433526011561,0.4421965317919075,0.04527938342967245,850,0.07032755298651253,0.025048169556840076,0.02697495183044316,0.05876685934489403,0.8188824662813102
248,Boston,1305,Boston City Ward 15 Precinct 7,126,608,222,21,25,53,78,48,328,1305,1,0.09655172413793103,0.46590038314176246,0.17011494252873563,0.016091954022988506,0.25134099616858235,1101,0.019157088122605363,0.04061302681992337,0.059770114942528735,0.0367816091954023,0.8436781609195402
249,Boston,1319,Boston City Ward 15 Precinct 8,133,531,236,300,38,38,66,53,119,1319,1,0.10083396512509477,0.4025777103866566,0.17892342683851403,0.22744503411675512,0.09021986353297953,1124,0.02880970432145565,0.02880970432145565,0.050037907505686124,0.0401819560272934,0.8521607278241091
250,Boston,1362,Boston City Ward 15 Precinct 9,239,457,181,351,25,46,49,59,134,1362,1,0.17547723935389134,0.3355359765051395,0.1328928046989721,0.2577092511013216,0.09838472834067548,1183,0.018355359765051395,0.033773861967694566,0.035976505139500736,0.04331864904552129,0.868575624082232
251,Boston,1581,Boston City Ward 16 Precinct 1,327,419,192,561,52,68,53,69,82,1581,1,0.20683111954459202,0.265022137887413,0.12144212523719165,0.3548387096774194,0.05186590765338393,1339,0.03289057558507274,0.043010752688172046,0.033523086654016446,0.04364326375711575,0.846932321315623
252,Boston,1559,Boston City Ward 16 Precinct 10,1158,174,70,116,343,37,24,75,41,1559,1,0.7427838357921744,0.11161000641436819,0.04490057729313662,0.07440667094291212,0.026298909557408594,1080,0.22001282873636946,0.023733162283515075,0.015394483643361129,0.04810776138550353,0.6927517639512508
253,Boston,1575,Boston City Ward 16 Precinct 11,1049,272,78,135,331,90,61,92,41,1575,1,0.6660317460317461,0.1726984126984127,0.049523809523809526,0.08571428571428572,0.02603174603174603,1001,0.21015873015873016,0.05714285714285714,0.03873015873015873,0.058412698412698416,0.6355555555555555
254,Boston,1289,Boston City Ward 16 Precinct 12,1197,45,15,16,598,39,39,51,16,1289,1,0.9286268425135764,0.03491078355314197,0.011636927851047323,0.012412723041117145,0.012412723041117145,562,0.46392552366175327,0.030256012412723042,0.030256012412723042,0.0395655546935609,0.4359968968192397
255,Boston,961,Boston City Ward 16 Precinct 2,546,115,76,187,139,41,21,78,37,961,1,0.5681581685744017,0.11966701352757544,0.07908428720083246,0.19458896982310095,0.03850156087408949,682,0.14464099895941726,0.04266389177939646,0.021852237252861603,0.08116545265348596,0.7096774193548387
256,Boston,1745,Boston City Ward 16 Precinct 3,313,709,122,475,46,117,91,79,126,1745,1,0.17936962750716332,0.40630372492836675,0.06991404011461318,0.2722063037249284,0.07220630372492837,1412,0.026361031518624643,0.0670487106017192,0.052148997134670486,0.04527220630372493,0.8091690544412607
257,Boston,2177,Boston City Ward 16 Precinct 4,624,657,210,477,72,71,67,94,209,2177,1,0.28663298116674324,0.30179145613229214,0.09646302250803858,0.2191088654111162,0.09600367478180984,1873,0.03307303628847037,0.032613688562241616,0.030776297657326597,0.04317868626550299,0.8603582912264585
258,Boston,1098,Boston City Ward 16 Precinct 5,617,151,124,153,183,70,50,104,53,1098,1,0.5619307832422586,0.13752276867030966,0.11293260473588343,0.13934426229508196,0.0482695810564663,691,0.16666666666666666,0.06375227686703097,0.04553734061930783,0.0947176684881603,0.6293260473588342
259,Boston,2277,Boston City Ward 16 Precinct 6,502,816,260,577,110,100,98,110,122,2277,1,0.2204655248133509,0.3583662714097497,0.11418533157663592,0.2534036012296882,0.05357927097057532,1859,0.04830917874396135,0.04391743522178305,0.043039086517347384,0.04830917874396135,0.8164251207729468
260,Boston,1476,Boston City Ward 16 Precinct 7,1077,186,63,116,343,53,43,83,34,1476,1,0.7296747967479674,0.12601626016260162,0.042682926829268296,0.07859078590785908,0.023035230352303523,954,0.23238482384823847,0.03590785907859079,0.029132791327913278,0.05623306233062331,0.6463414634146342
261,Boston,1548,Boston City Ward 16 Precinct 8,901,331,93,161,297,108,52,126,62,1548,1,0.5820413436692506,0.21382428940568476,0.060077519379844964,0.10400516795865633,0.040051679586563305,965,0.19186046511627908,0.06976744186046512,0.03359173126614987,0.08139534883720931,0.6233850129198967
262,Boston,1655,Boston City Ward 16 Precinct 9,1490,54,45,51,533,55,24,80,15,1655,1,0.9003021148036254,0.03262839879154079,0.027190332326283987,0.03081570996978852,0.00906344410876133,963,0.3220543806646526,0.03323262839879154,0.014501510574018127,0.04833836858006042,0.5818731117824774
263,Boston,1333,Boston City Ward 17 Precinct 1,44,941,249,4,9,65,125,38,95,1333,1,0.033008252063015754,0.705926481620405,0.1867966991747937,0.003000750187546887,0.07126781695423856,1096,0.006751687921980495,0.04876219054763691,0.09377344336084022,0.028507126781695424,0.822205551387847
264,Boston,1842,Boston City Ward 17 Precinct 10,68,1471,197,13,14,120,161,44,93,1842,1,0.03691639522258415,0.7985884907709012,0.10694896851248643,0.007057546145494028,0.050488599348534204,1503,0.00760043431053203,0.06514657980456026,0.08740499457111835,0.023887079261672096,0.8159609120521173
265,Boston,708,Boston City Ward 17 Precinct 11,86,468,66,41,15,71,53,31,47,708,1,0.12146892655367232,0.6610169491525424,0.09322033898305085,0.05790960451977401,0.06638418079096045,538,0.0211864406779661,0.10028248587570622,0.0748587570621469,0.043785310734463276,0.7598870056497176
266,Boston,1011,Boston City Ward 17 Precinct 12,120,729,76,42,39,85,141,33,44,1011,1,0.11869436201780416,0.7210682492581603,0.0751730959446093,0.04154302670623145,0.043521266073194856,713,0.03857566765578635,0.0840751730959446,0.1394658753709199,0.032640949554896145,0.705242334322453
267,Boston,1535,Boston City Ward 17 Precinct 13,812,440,96,120,152,111,97,110,67,1535,1,0.5289902280130293,0.28664495114006516,0.06254071661237785,0.0781758957654723,0.04364820846905537,1065,0.09902280130293159,0.07231270358306188,0.06319218241042346,0.07166123778501629,0.6938110749185668
268,Boston,1412,Boston City Ward 17 Precinct 14,397,792,106,70,83,170,104,101,47,1412,1,0.2811614730878187,0.5609065155807366,0.07507082152974505,0.049575070821529746,0.03328611898016997,954,0.058781869688385266,0.12039660056657224,0.07365439093484419,0.07152974504249292,0.6756373937677054
269,Boston,983,Boston City Ward 17 Precinct 2,55,563,176,91,13,66,76,29,98,983,1,0.05595116988809766,0.572736520854527,0.1790437436419125,0.09257375381485249,0.09969481180061038,799,0.013224821973550356,0.0671414038657172,0.07731434384537131,0.029501525940996948,0.8128179043743642
270,Boston,1996,Boston City Ward 17 Precinct 3,267,1330,273,40,35,168,189,82,86,1996,1,0.13376753507014028,0.6663326653306614,0.13677354709418837,0.02004008016032064,0.04308617234468938,1522,0.01753507014028056,0.0841683366733467,0.09468937875751503,0.041082164328657314,0.7625250501002004
271,Boston,2105,Boston City Ward 17 Precinct 4,492,1190,145,158,81,170,203,132,120,2105,1,0.233729216152019,0.5653206650831354,0.0688836104513064,0.07505938242280286,0.057007125890736345,1519,0.03847980997624703,0.08076009501187649,0.09643705463182897,0.06270783847980997,0.7216152019002375
272,Boston,981,Boston City Ward 17 Precinct 5,20,718,189,17,15,52,95,23,37,981,1,0.020387359836901122,0.7319062181447502,0.1926605504587156,0.017329255861365953,0.03771661569826707,796,0.01529051987767584,0.053007135575942915,0.09683995922528033,0.023445463812436288,0.8114169215086646
273,Boston,1526,Boston City Ward 17 Precinct 6,329,745,220,130,48,142,100,80,102,1526,1,0.21559633027522937,0.48820445609436436,0.14416775884665792,0.08519003931847968,0.06684141546526867,1156,0.03145478374836173,0.09305373525557012,0.0655307994757536,0.05242463958060288,0.7575360419397117
274,Boston,803,Boston City Ward 17 Precinct 7,40,660,59,10,10,59,79,21,34,803,1,0.049813200498132,0.821917808219178,0.07347447073474471,0.012453300124533,0.04234122042341221,634,0.012453300124533,0.07347447073474471,0.09838107098381071,0.026151930261519303,0.7895392278953923
275,Boston,1261,Boston City Ward 17 Precinct 8,59,958,191,10,23,114,120,47,43,1261,1,0.046788263283108644,0.7597145122918318,0.1514670896114195,0.007930214115781126,0.03409992069785884,957,0.01823949246629659,0.09040444091990484,0.09516256938937351,0.03727200634417129,0.7589214908802537
276,Boston,1032,Boston City Ward 17 Precinct 9,387,444,97,55,25,205,80,71,49,1032,1,0.375,0.43023255813953487,0.0939922480620155,0.05329457364341085,0.04748062015503876,651,0.02422480620155039,0.19864341085271317,0.07751937984496124,0.0687984496124031,0.6308139534883721
277,Boston,2382,Boston City Ward 18 Precinct 1,166,1748,358,28,42,194,281,58,82,2382,1,0.06968933669185558,0.7338371116708649,0.15029387069689337,0.011754827875734676,0.03442485306465155,1807,0.017632241813602016,0.08144416456759027,0.117968094038623,0.02434928631402183,0.7586062132661628
278,Boston,2337,Boston City Ward 18 Precinct 10,1364,351,470,87,152,157,90,454,65,2337,1,0.5836542575952075,0.15019255455712452,0.2011125374411639,0.037227214377406934,0.02781343602909713,1484,0.06504065040650407,0.06718014548566538,0.038510911424903725,0.19426615318784768,0.6350021394950791
279,Boston,1410,Boston City Ward 18 Precinct 11,298,664,390,28,41,63,120,106,30,1410,1,0.21134751773049645,0.47092198581560285,0.2765957446808511,0.019858156028368795,0.02127659574468085,1080,0.029078014184397163,0.04468085106382979,0.0851063829787234,0.075177304964539,0.7659574468085106
280,Boston,1777,Boston City Ward 18 Precinct 12,803,561,342,38,105,85,132,157,33,1777,1,0.45188519977490155,0.3157006190208216,0.19245920090039392,0.021384355655599326,0.018570624648283626,1298,0.05908835115362971,0.04783342712436691,0.0742824985931345,0.088351153629713,0.7304445694991559
281,Boston,1147,Boston City Ward 18 Precinct 13,286,546,246,33,43,46,83,66,36,1147,1,0.24934612031386225,0.47602441150828245,0.21447253705318223,0.02877070619006103,0.03138622493461203,909,0.037489102005231034,0.04010462074978204,0.07236268526591107,0.05754141238012206,0.7925021795989537
282,Boston,1284,Boston City Ward 18 Precinct 14,222,647,349,20,35,63,105,56,46,1284,1,0.17289719626168223,0.5038940809968847,0.2718068535825545,0.01557632398753894,0.03582554517133956,1025,0.027258566978193146,0.04906542056074766,0.08177570093457943,0.04361370716510903,0.7982866043613707
283,Boston,1723,Boston City Ward 18 Precinct 15,215,1131,330,20,38,105,195,95,27,1723,1,0.12478235635519443,0.6564132327336042,0.1915264074289031,0.011607661056297156,0.01567034242600116,1290,0.022054556006964595,0.06094022054556007,0.11317469529889727,0.05513639001741149,0.7486941381311666
284,Boston,1733,Boston City Ward 18 Precinct 16,1118,355,191,38,291,114,110,185,31,1733,1,0.6451240623196769,0.20484708597807272,0.1102135025966532,0.02192729371032891,0.01788805539526832,1033,0.16791690709751875,0.06578188113098672,0.06347374495095211,0.10675129832660127,0.5960761684939412
285,Boston,1650,Boston City Ward 18 Precinct 17,576,616,374,44,142,65,144,105,40,1650,1,0.3490909090909091,0.37333333333333335,0.22666666666666666,0.02666666666666667,0.024242424242424242,1194,0.08606060606060606,0.03939393939393939,0.08727272727272728,0.06363636363636363,0.7236363636363636
286,Boston,2356,Boston City Ward 18 Precinct 18,827,913,537,17,132,61,187,142,62,2356,1,0.351018675721562,0.3875212224108659,0.22792869269949068,0.007215619694397283,0.02631578947368421,1834,0.05602716468590832,0.025891341256366725,0.07937181663837012,0.06027164685908319,0.7784380305602716
287,Boston,2594,Boston City Ward 18 Precinct 19,864,1125,467,68,206,124,223,186,70,2594,1,0.3330763299922899,0.4336931380107941,0.1800308404009252,0.026214340786430222,0.026985350809560524,1855,0.07941403238242097,0.047802621434078645,0.08596761757902853,0.07170393215111796,0.7151117964533539
288,Boston,1772,Boston City Ward 18 Precinct 2,22,1544,131,16,18,75,188,49,59,1772,1,0.012415349887133182,0.871331828442438,0.07392776523702031,0.009029345372460496,0.03329571106094808,1442,0.010158013544018058,0.04232505643340858,0.10609480812641084,0.027652370203160272,0.8137697516930023
289,Boston,2279,Boston City Ward 18 Precinct 20,1417,490,254,42,373,61,120,171,76,2279,1,0.621763931548925,0.2150065818341378,0.11145239139973673,0.018429135585783237,0.03334795963141729,1554,0.1636682755594559,0.02676612549363756,0.05265467310223782,0.0750329091706889,0.6818780166739798
290,Boston,2216,Boston City Ward 18 Precinct 21,67,1801,274,1,15,133,333,85,73,2216,1,0.03023465703971119,0.8127256317689531,0.12364620938628158,0.0004512635379061372,0.03294223826714802,1650,0.006768953068592058,0.060018050541516245,0.15027075812274368,0.03835740072202166,0.7445848375451264
291,Boston,1753,Boston City Ward 18 Precinct 22,945,355,387,28,278,116,98,232,38,1753,1,0.5390758699372504,0.2025099828864803,0.22076440387906446,0.015972618368511125,0.02167712492869367,1029,0.15858528237307473,0.06617227609811752,0.055904164289788935,0.13234455219623503,0.5869937250427838
292,Boston,1195,Boston City Ward 18 Precinct 23,165,696,305,11,22,33,125,77,18,1195,1,0.13807531380753138,0.5824267782426779,0.25523012552301255,0.009205020920502092,0.01506276150627615,938,0.018410041841004185,0.027615062761506277,0.10460251046025104,0.06443514644351464,0.7849372384937239
293,Boston,2066,Boston City Ward 18 Precinct 3,57,1736,180,17,33,82,247,69,76,2066,1,0.02758954501452081,0.8402710551790901,0.08712487899322362,0.008228460793804453,0.036786060019361085,1635,0.015972894482090997,0.03969022265246854,0.11955469506292353,0.03339787028073572,0.7913843175217812
294,Boston,1909,Boston City Ward 18 Precinct 4,58,1649,129,9,27,125,238,84,64,1909,1,0.030382399161864852,0.8638030382399162,0.06757464641173389,0.004714510214772132,0.03352540597171294,1435,0.014143530644316397,0.06547930853850184,0.12467260345730749,0.044002095337873234,0.7517024620220011
295,Boston,1923,Boston City Ward 18 Precinct 5,82,1630,147,4,41,102,318,83,60,1923,1,0.042641705668226726,0.8476339053562143,0.07644305772230889,0.0020800832033281333,0.031201248049921998,1379,0.021320852834113363,0.0530421216848674,0.16536661466458658,0.04316172646905876,0.7171086843473738
296,Boston,1999,Boston City Ward 18 Precinct 6,110,1632,184,13,35,132,366,94,60,1999,1,0.05502751375687844,0.8164082041020511,0.09204602301150576,0.0065032516258129065,0.030015007503751877,1372,0.017508754377188594,0.06603301650825413,0.18309154577288644,0.04702351175587794,0.6863431715857929
297,Boston,1688,Boston City Ward 18 Precinct 7,410,584,587,59,60,134,120,134,48,1688,1,0.24289099526066352,0.3459715639810427,0.3477488151658768,0.03495260663507109,0.02843601895734597,1240,0.035545023696682464,0.07938388625592417,0.07109004739336493,0.07938388625592417,0.7345971563981043
298,Boston,3041,Boston City Ward 18 Precinct 8,566,1548,791,57,102,99,348,176,79,3041,1,0.1861229858599145,0.5090430779348898,0.260111805327195,0.018743834265044394,0.025978296612956264,2316,0.033541598158500496,0.03255508056560342,0.11443604077606051,0.05787569878329497,0.7615915817165406
299,Boston,1606,Boston City Ward 18 Precinct 9,847,345,318,40,113,108,104,224,56,1606,1,0.5273972602739726,0.21481942714819427,0.1980074719800747,0.024906600249066,0.034869240348692404,1057,0.07036114570361146,0.06724782067247821,0.0647571606475716,0.13947696139476962,0.6581569115815691
300,Boston,1994,Boston City Ward 19 Precinct 1,1440,104,329,67,24,159,86,273,54,1994,1,0.7221664994984955,0.05215646940822467,0.1649949849548646,0.033600802407221665,0.02708124373119358,1452,0.012036108324974924,0.07973921765295888,0.04312938816449348,0.13691073219658978,0.728184553660983
301,Boston,1817,Boston City Ward 19 Precinct 10,928,425,394,35,89,135,105,361,35,1817,1,0.5107319757842598,0.23390203632361034,0.21684094661529996,0.01926252063841497,0.01926252063841497,1127,0.04898183819482664,0.07429829389102917,0.05778756191524491,0.19867914144193727,0.620253164556962
302,Boston,1386,Boston City Ward 19 Precinct 11,232,342,694,73,31,58,109,180,45,1386,1,0.1673881673881674,0.24675324675324675,0.5007215007215007,0.05266955266955267,0.032467532467532464,1008,0.022366522366522368,0.04184704184704185,0.07864357864357864,0.12987012987012986,0.7272727272727273
303,Boston,1133,Boston City Ward 19 Precinct 12,656,220,212,18,63,196,62,208,27,1133,1,0.5789938217122683,0.1941747572815534,0.18711385701676964,0.01588702559576346,0.02383053839364519,604,0.05560458958517211,0.17299205648720212,0.05472197705207414,0.18358340688437777,0.5330979699911739
304,Boston,1850,Boston City Ward 19 Precinct 13,516,516,732,42,46,60,74,138,44,1850,1,0.2789189189189189,0.2789189189189189,0.3956756756756757,0.022702702702702703,0.023783783783783784,1532,0.024864864864864864,0.032432432432432434,0.04,0.0745945945945946,0.8281081081081081
305,Boston,1882,Boston City Ward 19 Precinct 2,1499,83,84,175,136,215,93,277,41,1882,1,0.7964930924548352,0.04410201912858661,0.044633368756641874,0.09298618490967056,0.021785334750265676,1161,0.07226354941551541,0.11424017003188097,0.049415515409139216,0.14718384697130713,0.6168969181721573
306,Boston,1304,Boston City Ward 19 Precinct 3,1078,59,64,64,25,145,55,245,39,1304,1,0.8266871165644172,0.04524539877300614,0.049079754601226995,0.049079754601226995,0.0299079754601227,834,0.019171779141104295,0.1111963190184049,0.04217791411042945,0.18788343558282208,0.6395705521472392
307,Boston,1234,Boston City Ward 19 Precinct 4,980,57,114,41,35,205,87,319,42,1234,1,0.7941653160453809,0.046191247974068074,0.09238249594813615,0.03322528363047002,0.03403565640194489,588,0.028363047001620744,0.16612641815235007,0.07050243111831442,0.2585089141004862,0.47649918962722854
308,Boston,1582,Boston City Ward 19 Precinct 5,1125,143,209,70,43,165,69,277,35,1582,1,0.7111251580278128,0.09039190897597978,0.13211125158027812,0.04424778761061947,0.022123893805309734,1028,0.02718078381795196,0.10429835651074588,0.04361567635903919,0.17509481668773705,0.649810366624526
309,Boston,1665,Boston City Ward 19 Precinct 6,1319,110,125,69,52,256,75,380,42,1665,1,0.7921921921921922,0.06606606606606606,0.07507507507507508,0.04144144144144144,0.025225225225225224,902,0.03123123123123123,0.15375375375375375,0.04504504504504504,0.22822822822822822,0.5417417417417417
310,Boston,1717,Boston City Ward 19 Precinct 7,941,198,388,136,45,192,93,315,54,1717,1,0.5480489225393127,0.11531741409435062,0.22597553873034362,0.07920792079207921,0.0314502038439138,1072,0.026208503203261502,0.11182294700058241,0.054164239953407106,0.1834595224228305,0.6243447874199185
311,Boston,843,Boston City Ward 19 Precinct 8,728,27,38,28,33,152,36,188,22,843,1,0.863582443653618,0.03202846975088968,0.045077105575326216,0.033214709371293,0.02609727164887307,434,0.03914590747330961,0.18030842230130487,0.042704626334519574,0.22301304863582444,0.5148279952550415
312,Boston,840,Boston City Ward 19 Precinct 9,659,39,58,66,17,124,40,191,18,840,1,0.7845238095238095,0.04642857142857143,0.06904761904761905,0.07857142857142857,0.02142857142857143,468,0.02023809523809524,0.14761904761904762,0.047619047619047616,0.22738095238095238,0.5571428571428572
313,Boston,1690,Boston Ward 2 Precinct 1,1586,9,36,51,226,109,57,236,8,1690,1,0.9384615384615385,0.0053254437869822485,0.021301775147928994,0.03017751479289941,0.004733727810650888,1062,0.13372781065088757,0.06449704142011835,0.03372781065088758,0.13964497041420118,0.6284023668639053
314,Boston,3716,Boston Ward 2 Precinct 2,2182,309,540,601,163,114,89,281,84,3716,1,0.5871905274488698,0.08315392895586653,0.14531754574811626,0.1617330462863294,0.022604951560818085,3069,0.04386437029063509,0.030678148546824543,0.02395048439181916,0.0756189451022605,0.8258880516684607
315,Boston,1652,Boston Ward 2 Precinct 3,1576,7,27,23,134,135,32,187,19,1652,1,0.9539951573849879,0.00423728813559322,0.016343825665859565,0.013922518159806295,0.011501210653753027,1164,0.0811138014527845,0.08171912832929783,0.01937046004842615,0.11319612590799032,0.7046004842615012
316,Boston,1457,Boston Ward 2 Precinct 4,966,100,230,145,138,62,43,158,16,1457,1,0.6630061770761839,0.06863417982155114,0.1578586135895676,0.09951956074124914,0.01098146877144818,1056,0.09471516815374056,0.0425531914893617,0.029512697323266987,0.10844200411805079,0.7247769389155799
317,Boston,1602,Boston Ward 2 Precinct 5,1548,6,18,21,204,81,23,193,9,1602,1,0.9662921348314607,0.003745318352059925,0.011235955056179775,0.013108614232209739,0.0056179775280898875,1101,0.12734082397003746,0.05056179775280899,0.01435705368289638,0.12047440699126093,0.6872659176029963
318,Boston,2278,Boston Ward 2 Precinct 6,1968,34,94,160,287,118,38,208,22,2278,1,0.8639157155399473,0.014925373134328358,0.041264266900790166,0.07023705004389816,0.009657594381035996,1627,0.12598770851624233,0.05179982440737489,0.016681299385425813,0.0913081650570676,0.7142230026338894
319,Boston,1359,Boston Ward 2 Precinct 7,1230,25,28,63,213,74,46,183,13,1359,1,0.9050772626931567,0.01839587932303164,0.020603384841795438,0.046357615894039736,0.009565857247976454,843,0.15673289183222958,0.054451802796173655,0.03384841795437822,0.1346578366445916,0.6203090507726269
320,Boston,1872,Boston City Ward 20 Precinct 1,1603,71,115,54,168,123,52,271,29,1872,1,0.8563034188034188,0.037927350427350424,0.06143162393162393,0.028846153846153848,0.015491452991452992,1258,0.08974358974358974,0.06570512820512821,0.027777777777777776,0.14476495726495728,0.6720085470085471
321,Boston,1488,Boston City Ward 20 Precinct 10,1191,60,122,94,409,125,57,249,21,1488,1,0.8004032258064516,0.04032258064516129,0.08198924731182795,0.06317204301075269,0.014112903225806451,648,0.27486559139784944,0.08400537634408602,0.038306451612903226,0.16733870967741934,0.43548387096774194
322,Boston,816,Boston City Ward 20 Precinct 11,708,18,35,40,170,69,20,170,15,816,1,0.8676470588235294,0.022058823529411766,0.0428921568627451,0.049019607843137254,0.01838235294117647,387,0.20833333333333334,0.08455882352941177,0.024509803921568627,0.20833333333333334,0.4742647058823529
323,Boston,1044,Boston City Ward 20 Precinct 12,974,14,23,30,264,101,37,155,3,1044,1,0.9329501915708812,0.013409961685823755,0.022030651340996167,0.028735632183908046,0.0028735632183908046,487,0.25287356321839083,0.09674329501915709,0.035440613026819924,0.14846743295019157,0.4664750957854406
324,Boston,952,Boston City Ward 20 Precinct 13,842,19,29,56,246,59,34,161,6,952,1,0.884453781512605,0.01995798319327731,0.03046218487394958,0.058823529411764705,0.0063025210084033615,452,0.25840336134453784,0.06197478991596639,0.03571428571428571,0.16911764705882354,0.47478991596638653
325,Boston,915,Boston City Ward 20 Precinct 14,828,13,28,36,293,66,18,143,10,915,1,0.9049180327868852,0.014207650273224045,0.030601092896174863,0.03934426229508197,0.01092896174863388,395,0.32021857923497266,0.07213114754098361,0.019672131147540985,0.15628415300546447,0.43169398907103823
326,Boston,2041,Boston City Ward 20 Precinct 15,1525,140,154,185,324,53,46,205,37,2041,1,0.7471827535521803,0.06859382655561,0.07545320921117099,0.09064184223419892,0.018128368446839783,1413,0.15874571288584027,0.02596766291033807,0.02253797158255757,0.10044096031357178,0.6923076923076923
327,Boston,2031,Boston City Ward 20 Precinct 16,1640,79,126,164,401,70,62,213,22,2031,1,0.8074839980305268,0.038897095027080254,0.0620384047267356,0.08074839980305268,0.010832102412604629,1285,0.19743968488429345,0.034465780403742,0.03052683407188577,0.10487444608567208,0.6326932545544067
328,Boston,1926,Boston City Ward 20 Precinct 17,1708,52,70,84,458,136,42,256,12,1926,1,0.8868120456905504,0.02699896157840083,0.036344755970924195,0.04361370716510903,0.006230529595015576,1034,0.23779854620976115,0.07061266874350987,0.021806853582554516,0.13291796469366562,0.5368639667705088
329,Boston,1041,Boston City Ward 20 Precinct 18,880,45,45,59,192,94,36,147,12,1041,1,0.8453410182516811,0.043227665706051875,0.043227665706051875,0.056676272814601344,0.011527377521613832,572,0.1844380403458213,0.09029779058597502,0.0345821325648415,0.14121037463976946,0.5494716618635928
330,Boston,1038,Boston City Ward 20 Precinct 19,927,10,41,56,267,80,11,125,4,1038,1,0.8930635838150289,0.009633911368015413,0.0394990366088632,0.05394990366088632,0.0038535645472061657,555,0.25722543352601157,0.07707129094412331,0.010597302504816955,0.12042389210019268,0.5346820809248555
331,Boston,1786,Boston City Ward 20 Precinct 2,1129,218,333,66,144,137,52,325,40,1786,1,0.6321388577827548,0.12206047032474804,0.1864501679731243,0.036954087346024636,0.022396416573348264,1128,0.08062709966405375,0.0767077267637178,0.029115341545352745,0.18197088465845465,0.631578947368421
332,Boston,2367,Boston City Ward 20 Precinct 20,1796,97,135,283,280,94,55,244,56,2367,1,0.7587663709336713,0.0409801436417406,0.057034220532319393,0.11956062526404732,0.023658639628221376,1694,0.11829319814110689,0.03971271651880017,0.02323616392057457,0.10308407266582172,0.7156738487536967
333,Boston,1926,Boston City Ward 20 Precinct 3,994,496,280,119,236,51,69,183,37,1926,1,0.5160955347871236,0.25752855659397716,0.14537902388369678,0.06178608515057113,0.01921079958463136,1387,0.122533748701973,0.0264797507788162,0.03582554517133956,0.09501557632398754,0.7201453790238836
334,Boston,1132,Boston City Ward 20 Precinct 4,941,69,85,21,63,166,50,321,16,1132,1,0.8312720848056537,0.060954063604240286,0.07508833922261485,0.018551236749116608,0.014134275618374558,532,0.05565371024734982,0.14664310954063603,0.044169611307420496,0.2835689045936396,0.46996466431095407
335,Boston,3002,Boston City Ward 20 Precinct 5,2331,173,263,185,367,75,53,216,50,3002,1,0.7764823451032645,0.05762824783477682,0.08760826115922718,0.06162558294470353,0.016655562958027982,2291,0.12225183211192538,0.024983344437041973,0.01765489673550966,0.07195203197868089,0.7631578947368421
336,Boston,1978,Boston City Ward 20 Precinct 6,1735,67,82,63,315,146,56,315,31,1978,1,0.8771486349848332,0.03387259858442872,0.041456016177957536,0.03185035389282103,0.015672396359959553,1146,0.15925176946410516,0.07381193124368049,0.028311425682507583,0.15925176946410516,0.5793731041456016
337,Boston,1072,Boston City Ward 20 Precinct 7,933,37,62,28,185,115,26,188,12,1072,1,0.8703358208955224,0.03451492537313433,0.05783582089552239,0.026119402985074626,0.011194029850746268,558,0.17257462686567165,0.10727611940298508,0.024253731343283583,0.17537313432835822,0.5205223880597015
338,Boston,1391,Boston City Ward 20 Precinct 8,1056,102,162,45,126,102,28,220,26,1391,1,0.7591660675772826,0.07332854061826025,0.11646297627606039,0.03235082674335011,0.018691588785046728,915,0.0905823148813803,0.07332854061826025,0.020129403306973402,0.15815959741193386,0.6578001437814522
339,Boston,1481,Boston City Ward 20 Precinct 9,1027,176,243,14,167,85,41,264,21,1481,1,0.6934503713706954,0.1188386225523295,0.16407832545577314,0.009453072248480757,0.014179608372721135,924,0.11276164753544902,0.05739365293720459,0.027683997299122215,0.17825793382849425,0.6239027683997299
340,Boston,4001,Boston City Ward 21 Precinct 1,2667,132,300,775,39,59,25,150,127,4001,1,0.6665833541614596,0.03299175206198451,0.07498125468632842,0.1937015746063484,0.03174206448387903,3728,0.009747563109222694,0.01474631342164459,0.006248437890527368,0.03749062734316421,0.9317670582354411
341,Boston,2112,Boston City Ward 21 Precinct 10,1399,134,214,311,18,32,47,130,54,2112,1,0.662405303030303,0.0634469696969697,0.10132575757575757,0.14725378787878787,0.02556818181818182,1885,0.008522727272727272,0.015151515151515152,0.02225378787878788,0.061553030303030304,0.8925189393939394
342,Boston,2664,Boston City Ward 21 Precinct 11,1890,76,161,465,25,54,29,178,72,2664,1,0.7094594594594594,0.028528528528528527,0.06043543543543543,0.17454954954954954,0.02702702702702703,2378,0.009384384384384385,0.02027027027027027,0.010885885885885885,0.06681681681681682,0.8926426426426426
343,Boston,2414,Boston City Ward 21 Precinct 12,1972,76,126,196,43,67,75,107,44,2414,1,0.8169014084507042,0.03148301574150787,0.05219552609776305,0.0811930405965203,0.018227009113504555,2122,0.017812758906379452,0.02775476387738194,0.03106876553438277,0.04432477216238608,0.8790389395194698
344,Boston,2772,Boston City Ward 21 Precinct 13,2088,48,76,502,67,58,154,229,58,2772,1,0.7532467532467533,0.017316017316017316,0.027417027417027416,0.1810966810966811,0.020923520923520924,2264,0.024170274170274172,0.020923520923520924,0.05555555555555555,0.08261183261183261,0.8167388167388168
345,Boston,1528,Boston City Ward 21 Precinct 14,1197,42,83,175,16,38,16,93,31,1528,1,0.7833769633507853,0.0274869109947644,0.05431937172774869,0.11452879581151833,0.020287958115183247,1365,0.010471204188481676,0.024869109947643978,0.010471204188481676,0.06086387434554974,0.893324607329843
346,Boston,1905,Boston City Ward 21 Precinct 15,1488,53,87,235,13,38,17,150,42,1905,1,0.7811023622047244,0.027821522309711286,0.04566929133858268,0.12335958005249344,0.02204724409448819,1687,0.0068241469816272965,0.01994750656167979,0.008923884514435695,0.07874015748031496,0.8855643044619422
347,Boston,5369,Boston City Ward 21 Precinct 16,4024,248,393,564,46,93,49,189,140,5369,1,0.749487800335258,0.04619109703855467,0.07319798845222573,0.10504749487800336,0.02607561929595828,4992,0.00856770348295772,0.017321661389458,0.009126466753585397,0.035202086049543675,0.9297820823244553
348,Boston,6796,Boston City Ward 21 Precinct 2,4319,204,525,1500,4,12,2,25,248,6796,1,0.6355208946439082,0.03001765744555621,0.07725132430841672,0.22071806945261918,0.03649205414949971,6753,0.0005885815185403178,0.0017657445556209534,0.0002942907592701589,0.0036786344908769863,0.9936727486756916
349,Boston,3700,Boston City Ward 21 Precinct 3,2212,127,256,946,12,26,15,92,159,3700,1,0.5978378378378378,0.03432432432432433,0.06918918918918919,0.2556756756756757,0.04297297297297297,3555,0.003243243243243243,0.007027027027027027,0.004054054054054054,0.024864864864864864,0.9608108108108108
350,Boston,2966,Boston City Ward 21 Precinct 4,1775,76,326,594,12,23,11,83,195,2966,1,0.5984490896830749,0.02562373567093729,0.10991233985165205,0.2002697235333783,0.06574511126095751,2837,0.004045853000674309,0.0077545515846257585,0.0037086985839514496,0.027983816587997302,0.9565070802427512
351,Boston,2668,Boston City Ward 21 Precinct 5,1792,98,184,507,11,46,21,146,87,2668,1,0.671664167916042,0.03673163418290855,0.06896551724137931,0.19002998500749624,0.03260869565217391,2444,0.004122938530734633,0.017241379310344827,0.007871064467766116,0.05472263868065967,0.9160419790104948
352,Boston,2860,Boston City Ward 21 Precinct 6,2024,89,216,404,33,47,25,145,127,2860,1,0.7076923076923077,0.031118881118881118,0.07552447552447553,0.14125874125874127,0.044405594405594405,2610,0.011538461538461539,0.016433566433566433,0.008741258741258742,0.050699300699300696,0.9125874125874126
353,Boston,1555,Boston City Ward 21 Precinct 7,858,131,290,206,27,54,31,146,70,1555,1,0.5517684887459807,0.0842443729903537,0.1864951768488746,0.13247588424437298,0.04501607717041801,1297,0.017363344051446947,0.03472668810289389,0.019935691318327974,0.09389067524115756,0.8340836012861736
354,Boston,2811,Boston City Ward 21 Precinct 8,1981,118,196,432,12,61,31,171,84,2811,1,0.7047314123087869,0.04197794379224475,0.06972607612949129,0.1536819637139808,0.029882604055496264,2536,0.004268943436499467,0.02170046246887229,0.011028103877623622,0.060832443970117396,0.9021700462468872
355,Boston,2813,Boston City Ward 21 Precinct 9,1641,230,303,540,37,65,39,158,99,2813,1,0.5833629576964096,0.08176324209029506,0.10771418414504089,0.19196587273373622,0.03519374333451831,2514,0.013153217205830075,0.023107003199431212,0.013864201919658727,0.05616779239246356,0.8937077852826164
356,Boston,5112,Boston City Ward 22 Precinct 1,2804,315,712,1022,71,64,37,187,259,5112,1,0.5485133020344288,0.061619718309859156,0.13928012519561817,0.19992175273865415,0.05066510172143975,4753,0.013888888888888888,0.012519561815336464,0.007237871674491393,0.03658059467918623,0.929773082942097
357,Boston,2442,Boston City Ward 22 Precinct 10,1842,81,207,248,74,55,45,207,64,2442,1,0.7542997542997543,0.033169533169533166,0.08476658476658476,0.10155610155610155,0.02620802620802621,2061,0.030303030303030304,0.02252252252252252,0.018427518427518427,0.08476658476658476,0.8439803439803439
358,Boston,1315,Boston City Ward 22 Precinct 11,949,64,109,152,77,37,17,135,41,1315,1,0.7216730038022814,0.048669201520912544,0.08288973384030418,0.1155893536121673,0.0311787072243346,1049,0.05855513307984791,0.028136882129277566,0.012927756653992395,0.10266159695817491,0.7977186311787072
359,Boston,1646,Boston City Ward 22 Precinct 12,903,138,299,242,112,39,30,126,64,1646,1,0.548602673147023,0.08383961117861483,0.18165249088699878,0.14702308626974483,0.038882138517618466,1339,0.06804374240583232,0.023693803159173753,0.018226002430133656,0.07654921020656136,0.8134872417982989
360,Boston,1268,Boston City Ward 22 Precinct 13,1078,43,34,101,61,33,19,109,12,1268,1,0.8501577287066246,0.03391167192429022,0.026813880126182965,0.07965299684542587,0.00946372239747634,1046,0.04810725552050473,0.026025236593059938,0.01498422712933754,0.0859621451104101,0.8249211356466877
361,Boston,2937,Boston City Ward 22 Precinct 2,1738,146,480,401,65,64,46,277,172,2937,1,0.5917602996254682,0.04971058903643173,0.1634320735444331,0.1365338781069118,0.05856315968675519,2485,0.022131426625808647,0.021790943139257744,0.015662240381341504,0.09431392577459993,0.8461014640789921
362,Boston,2437,Boston City Ward 22 Precinct 3,1837,70,158,318,91,69,40,208,54,2437,1,0.7537956503898235,0.028723840787853918,0.06483381206401313,0.1304883052933935,0.02215839146491588,2029,0.037340993024210095,0.028313500205170292,0.016413623307345096,0.0853508411981945,0.83258104226508
363,Boston,1406,Boston City Ward 22 Precinct 4,1085,55,87,151,56,58,33,190,28,1406,1,0.7716927453769559,0.03911806543385491,0.061877667140825036,0.1073968705547653,0.01991465149359886,1069,0.03982930298719772,0.041251778093883355,0.023470839260312945,0.13513513513513514,0.7603129445234709
364,Boston,1642,Boston City Ward 22 Precinct 5,894,99,270,184,36,38,20,108,195,1642,1,0.5444579780755177,0.06029232643118149,0.16443361753958588,0.1120584652862363,0.11875761266747868,1440,0.02192448233861145,0.023142509135200974,0.012180267965895249,0.06577344701583435,0.876979293544458
365,Boston,1585,Boston City Ward 22 Precinct 6,1066,32,169,221,48,47,20,110,97,1585,1,0.6725552050473186,0.02018927444794953,0.10662460567823344,0.13943217665615143,0.061198738170347,1360,0.03028391167192429,0.02965299684542587,0.012618296529968454,0.0694006309148265,0.8580441640378549
366,Boston,2079,Boston City Ward 22 Precinct 7,1552,109,164,159,75,70,28,204,95,2079,1,0.7465127465127465,0.05242905242905243,0.07888407888407889,0.07647907647907648,0.0456950456950457,1702,0.03607503607503607,0.03367003367003367,0.013468013468013467,0.09812409812409813,0.8186628186628186
367,Boston,2065,Boston City Ward 22 Precinct 8,1505,58,108,354,63,34,23,161,40,2065,1,0.7288135593220338,0.028087167070217918,0.05230024213075061,0.17142857142857143,0.01937046004842615,1784,0.030508474576271188,0.01646489104116223,0.011138014527845037,0.07796610169491526,0.8639225181598063
368,Boston,2018,Boston City Ward 22 Precinct 9,1498,37,99,319,58,49,30,146,65,2018,1,0.7423191278493558,0.018334985133795837,0.04905847373637265,0.15807730426164518,0.03221010901883053,1735,0.028741328047571853,0.024281466798810703,0.014866204162537165,0.07234886025768088,0.8597621407333994
369,Boston,3998,Boston Ward 3 Precinct 1,3522,125,156,136,267,147,72,324,59,3998,1,0.8809404702351176,0.031265632816408206,0.03901950975487744,0.03401700850425213,0.014757378689344673,3188,0.06678339169584792,0.03676838419209605,0.018009004502251125,0.08104052026013006,0.7973986993496749
370,Boston,1866,Boston Ward 3 Precinct 2,1719,16,71,43,95,57,31,137,17,1866,1,0.9212218649517685,0.00857449088960343,0.03804930332261522,0.02304394426580922,0.009110396570203644,1546,0.05091103965702037,0.03054662379421222,0.016613076098606645,0.07341907824222937,0.8285101822079314
371,Boston,2362,Boston Ward 3 Precinct 3,2177,12,74,67,101,52,27,195,32,2362,1,0.9216765453005927,0.005080440304826418,0.03132938187976291,0.0283657917019475,0.013547840812870448,1987,0.04276037256562235,0.02201524132091448,0.01143099068585944,0.0825571549534293,0.8412362404741744
372,Boston,1910,Boston Ward 3 Precinct 4,1766,14,69,37,118,53,20,186,24,1910,1,0.9246073298429319,0.007329842931937173,0.03612565445026178,0.0193717277486911,0.012565445026178011,1533,0.061780104712041886,0.02774869109947644,0.010471204188481676,0.09738219895287958,0.8026178010471204
373,Boston,4660,Boston Ward 3 Precinct 5,3006,536,404,637,151,174,109,402,77,4660,1,0.6450643776824034,0.11502145922746781,0.08669527896995709,0.1366952789699571,0.01652360515021459,3824,0.03240343347639485,0.03733905579399142,0.023390557939914163,0.08626609442060086,0.8206008583690987
374,Boston,5373,Boston Ward 3 Precinct 6,4291,226,284,454,205,222,117,506,118,5373,1,0.7986227433463614,0.04206216266517774,0.05285687697747999,0.0844965568583659,0.021961660152614925,4323,0.038153731621068304,0.0413176996091569,0.021775544388609715,0.09417457658663689,0.8045784477945283
375,Boston,3951,Boston Ward 3 Precinct 7,2788,210,262,627,148,367,91,437,64,3951,1,0.7056441407238674,0.05315110098709187,0.0663123259934194,0.15869400151860288,0.016198430777018477,2908,0.03745887117185523,0.09288787648696532,0.023032143761073147,0.11060491014932929,0.736016198430777
376,Boston,7821,Boston Ward 3 Precinct 8,3347,351,386,3594,162,189,342,743,143,7821,1,0.42795038997570645,0.04487917146144994,0.04935430251885948,0.4595320291522823,0.01828410689170183,6385,0.020713463751438434,0.024165707710011506,0.04372842347525892,0.09500063930443678,0.8163917657588544
377,Boston,2011,Boston Ward 4 Precinct 1,1667,64,102,129,76,178,44,263,49,2011,1,0.8289408254599702,0.03182496270512183,0.05072103431128792,0.06414719045251119,0.024365987071108902,1450,0.03779214321233217,0.08851317752362009,0.02187966185977126,0.13078070611636003,0.7210343112879165
378,Boston,5480,Boston Ward 4 Precinct 10,4039,328,348,590,0,7,6,22,175,5480,1,0.737043795620438,0.059854014598540145,0.06350364963503649,0.10766423357664233,0.03193430656934307,5445,0.0,0.0012773722627737226,0.0010948905109489052,0.0040145985401459855,0.9936131386861314
379,Boston,3532,Boston Ward 4 Precinct 2,2397,375,212,466,101,170,145,339,82,3532,1,0.678652321630804,0.10617214043035107,0.06002265005662514,0.1319365798414496,0.0232163080407701,2777,0.028595696489241224,0.04813137032842582,0.04105322763306908,0.09597961494903737,0.7862400906002265
380,Boston,1337,Boston Ward 4 Precinct 3,938,200,93,81,51,118,61,184,25,1337,1,0.7015706806282722,0.14958863126402394,0.06955871353777113,0.0605833956619297,0.018698578908002993,923,0.0381451009723261,0.08825729244577413,0.0456245325355273,0.137621540762902,0.6903515332834704
381,Boston,2355,Boston Ward 4 Precinct 4,1575,345,206,168,54,154,74,155,61,2355,1,0.6687898089171974,0.1464968152866242,0.08747346072186836,0.07133757961783439,0.025902335456475585,1918,0.022929936305732482,0.0653927813163482,0.031422505307855626,0.06581740976645435,0.8144373673036094
382,Boston,2854,Boston Ward 4 Precinct 5,1892,274,208,420,49,77,86,98,60,2854,1,0.6629292221443588,0.09600560616678346,0.07288016818500351,0.14716187806587247,0.02102312543798178,2544,0.017168885774351786,0.02697967764540995,0.030133146461107218,0.03433777154870357,0.8913805185704274
383,Boston,2498,Boston Ward 4 Precinct 6,1494,222,264,437,26,42,53,96,81,2498,1,0.5980784627702161,0.088871096877502,0.10568454763811048,0.17493995196156925,0.03242594075260208,2281,0.010408326661329063,0.016813450760608487,0.02121697357886309,0.03843074459567654,0.9131305044035228
384,Boston,4109,Boston Ward 4 Precinct 7,2631,276,329,742,20,68,45,104,131,4109,1,0.6403017765879776,0.06716962764662936,0.08006814310051108,0.18057921635434412,0.031881236310537846,3872,0.004867364322219518,0.016549038695546362,0.010951569724993915,0.025310294475541496,0.9423217327816987
385,Boston,4521,Boston Ward 4 Precinct 8,3106,266,331,696,29,43,51,114,122,4521,1,0.6870161468701614,0.058836540588365405,0.07321389073213891,0.15394824153948242,0.0269851802698518,4284,0.006414510064145101,0.0095111700951117,0.0112806901128069,0.025215660252156602,0.9475779694757797
386,Boston,4347,Boston Ward 4 Precinct 9,2822,368,573,447,8,8,37,27,137,4347,1,0.6491833448355188,0.08465608465608465,0.1318150448585231,0.1028295376121463,0.03151598803772717,4267,0.001840349666436623,0.001840349666436623,0.008511617207269381,0.006211180124223602,0.9815965033356338
387,Boston,6467,Boston Ward 5 Precinct 1,3858,277,288,1920,154,225,214,531,124,6467,1,0.5965671872583888,0.04283284366785217,0.04453378691820009,0.29689191278800064,0.019174269367558373,5343,0.02381320550487088,0.03479202102984382,0.0330910777794959,0.08210916963043143,0.8261945260553579
388,Boston,6249,Boston Ward 5 Precinct 10,3806,198,480,1519,32,66,36,135,246,6249,1,0.6090574491918707,0.03168506961113778,0.07681228996639462,0.24307889262281965,0.039366298607777246,5980,0.005120819331092975,0.01056168987037926,0.005760921747479597,0.02160345655304849,0.9569531124979996
389,Boston,1322,Boston Ward 5 Precinct 11,1179,11,51,67,56,85,20,126,14,1322,1,0.8918305597579426,0.00832072617246596,0.038577912254160365,0.05068078668683813,0.01059001512859304,1035,0.04236006051437216,0.06429652042360061,0.015128593040847202,0.09531013615733737,0.7829046898638427
390,Boston,4207,Boston Ward 5 Precinct 2,2904,178,401,601,38,100,58,234,123,4207,1,0.6902781079153791,0.04231043498930354,0.09531732826241977,0.14285714285714285,0.029236985975754696,3777,0.009032564772997385,0.02376990729736154,0.013786546232469693,0.05562158307582601,0.8977893986213453
391,Boston,1873,Boston Ward 5 Precinct 3,1695,17,58,92,66,122,35,202,11,1873,1,0.9049652963160705,0.009076348104644954,0.030966364121729845,0.04911906033101975,0.0058729311265349705,1448,0.03523758675920982,0.06513614522156967,0.01868659903897491,0.10784837159636947,0.7730912973838762
392,Boston,2702,Boston Ward 5 Precinct 4,2324,68,106,152,56,100,31,210,52,2702,1,0.8601036269430051,0.025166543301258327,0.03923019985196151,0.056254626202812734,0.01924500370096225,2305,0.02072538860103627,0.037009622501850484,0.01147298297557365,0.07772020725388601,0.8530717986676536
393,Boston,677,Boston Ward 5 Precinct 5,624,4,17,21,42,54,13,85,11,677,1,0.9217134416543574,0.005908419497784343,0.025110782865583457,0.0310192023633678,0.01624815361890694,483,0.0620384047267356,0.07976366322008863,0.019202363367799114,0.1255539143279173,0.7134416543574594
394,Boston,2212,Boston Ward 5 Precinct 6,1896,65,104,114,80,123,40,183,33,2212,1,0.8571428571428571,0.02938517179023508,0.04701627486437613,0.051537070524412296,0.014918625678119348,1786,0.03616636528028933,0.05560578661844485,0.018083182640144666,0.08273056057866185,0.8074141048824593
395,Boston,2626,Boston Ward 5 Precinct 7,2231,50,126,175,110,130,42,205,44,2626,1,0.8495811119573495,0.01904036557501904,0.04798172124904798,0.06664127951256664,0.016755521706016754,2139,0.041888804265041886,0.04950495049504951,0.015993907083015995,0.07806549885757806,0.8145468392993146
396,Boston,2585,Boston Ward 5 Precinct 8,2108,63,125,212,85,123,28,180,77,2585,1,0.8154738878143133,0.02437137330754352,0.048355899419729204,0.08201160541586074,0.029787234042553193,2169,0.03288201160541586,0.04758220502901354,0.010831721470019342,0.06963249516441006,0.8390715667311412
397,Boston,4047,Boston Ward 5 Precinct 9,3117,83,260,504,94,124,36,237,83,4047,1,0.7702001482579689,0.020509019026439337,0.06424511984185817,0.1245366938472943,0.020509019026439337,3556,0.02322708178897949,0.030639980232270818,0.008895478131949592,0.05856189770200148,0.8786755621447986
398,Boston,4089,Boston Ward 6 Precinct 1,2899,190,582,330,283,262,122,543,88,4089,1,0.7089752995842504,0.04646612863780875,0.14233308877476156,0.08070432868672046,0.02152115431645879,2879,0.06921007581315725,0.0640743458058205,0.02983614575690878,0.13279530447542187,0.7040841281486916
399,Boston,1387,Boston Ward 6 Precinct 2,1055,66,143,97,120,29,29,92,26,1387,1,0.7606344628695025,0.047584715212689255,0.10310021629416005,0.06993511175198269,0.018745493871665464,1117,0.08651766402307137,0.02090843547224225,0.02090843547224225,0.06633020908435472,0.8053352559480894
400,Boston,1848,Boston Ward 6 Precinct 3,1686,19,38,78,183,52,25,114,27,1848,1,0.9123376623376623,0.010281385281385282,0.020562770562770564,0.04220779220779221,0.01461038961038961,1474,0.09902597402597403,0.02813852813852814,0.013528138528138528,0.06168831168831169,0.7976190476190477
401,Boston,1801,Boston Ward 6 Precinct 4,1646,14,40,77,219,64,18,126,24,1801,1,0.9139367018323153,0.007773459189339256,0.02220988339811216,0.042754025541365905,0.013325930038867296,1374,0.12159911160466408,0.03553581343697946,0.009994447529150472,0.0699611327040533,0.7629094947251527
402,Boston,1678,Boston Ward 6 Precinct 5,1598,7,28,31,185,45,21,123,14,1678,1,0.9523241954707986,0.004171632896305125,0.0166865315852205,0.018474374255065554,0.00834326579261025,1304,0.1102502979737783,0.026817640047675805,0.012514898688915376,0.0733015494636472,0.7771156138259833
403,Boston,1503,Boston Ward 6 Precinct 6,1453,12,12,13,294,33,19,81,13,1503,1,0.9667332002661344,0.007984031936127744,0.007984031936127744,0.008649367930805056,0.008649367930805056,1076,0.19560878243512975,0.021956087824351298,0.012641383898868928,0.05389221556886228,0.7159015302727878
404,Boston,1526,Boston Ward 6 Precinct 7,1477,7,20,12,272,59,19,69,10,1526,1,0.9678899082568807,0.0045871559633027525,0.01310615989515072,0.007863695937090432,0.00655307994757536,1107,0.1782437745740498,0.03866317169069463,0.012450851900393184,0.045216251638269984,0.7254259501965924
405,Boston,1545,Boston Ward 6 Precinct 8,1512,3,10,9,272,35,17,77,11,1545,1,0.9786407766990292,0.001941747572815534,0.006472491909385114,0.005825242718446602,0.007119741100323625,1144,0.17605177993527507,0.022653721682847898,0.011003236245954692,0.04983818770226537,0.7404530744336569
406,Boston,1572,Boston Ward 6 Precinct 9,1530,15,18,1,336,31,17,79,8,1572,1,0.9732824427480916,0.009541984732824428,0.011450381679389313,0.0006361323155216285,0.005089058524173028,1109,0.21374045801526717,0.019720101781170483,0.010814249363867684,0.05025445292620865,0.705470737913486
407,Boston,1363,Boston Ward 7 Precinct 1,1334,2,12,12,299,40,19,55,3,1363,1,0.9787234042553191,0.001467351430667645,0.00880410858400587,0.00880410858400587,0.0022010271460014674,950,0.2193690388848129,0.029347028613352897,0.013939838591342627,0.04035216434336023,0.6969919295671313
408,Boston,1800,Boston Ward 7 Precinct 10,201,526,358,45,22,43,72,43,670,1800,1,0.11166666666666666,0.2922222222222222,0.1988888888888889,0.025,0.37222222222222223,1620,0.012222222222222223,0.02388888888888889,0.04,0.02388888888888889,0.9
409,Boston,1769,Boston Ward 7 Precinct 2,1719,9,15,16,329,41,19,109,10,1769,1,0.971735443753533,0.005087620124364048,0.008479366873940079,0.009044657998869417,0.005652911249293386,1271,0.1859807801017524,0.023176936122102882,0.010740531373657434,0.06161673261729791,0.7184850197851894
410,Boston,2133,Boston Ward 7 Precinct 3,2019,15,48,31,341,57,28,124,20,2133,1,0.9465541490857946,0.007032348804500703,0.02250351617440225,0.014533520862634786,0.009376465072667605,1583,0.15986872948898265,0.026722925457102673,0.013127051101734646,0.058134083450539144,0.7421472105016409
411,Boston,1829,Boston Ward 7 Precinct 4,1540,57,115,75,165,55,13,79,42,1829,1,0.8419901585565883,0.03116457080371788,0.06287588846364134,0.04100601421541826,0.022963367960634227,1517,0.09021323127392017,0.030071077091306724,0.007107709130672498,0.04319300164024057,0.82941498086386
412,Boston,1946,Boston Ward 7 Precinct 5,1340,143,253,164,109,45,29,99,46,1946,1,0.6885919835560124,0.07348406988694758,0.13001027749229188,0.0842754367934224,0.023638232271325797,1664,0.05601233299075026,0.023124357656731757,0.014902363823227132,0.050873586844809866,0.8550873586844809
413,Boston,1545,Boston Ward 7 Precinct 6,990,125,265,140,89,28,36,85,25,1545,1,0.6407766990291263,0.08090614886731391,0.1715210355987055,0.09061488673139159,0.016181229773462782,1307,0.05760517799352751,0.018122977346278317,0.02330097087378641,0.05501618122977346,0.8459546925566344
414,Boston,1496,Boston Ward 7 Precinct 7,363,312,561,224,31,23,58,76,36,1496,1,0.2426470588235294,0.20855614973262032,0.375,0.1497326203208556,0.02406417112299465,1308,0.02072192513368984,0.01537433155080214,0.03877005347593583,0.05080213903743316,0.8743315508021391
415,Boston,1487,Boston Ward 7 Precinct 8,1132,94,99,137,161,36,42,93,25,1487,1,0.7612642905178211,0.06321452589105582,0.06657700067249496,0.09213180901143242,0.016812373907195696,1155,0.10827168796234028,0.0242098184263618,0.02824478816408877,0.06254203093476798,0.7767316745124412
416,Boston,1551,Boston Ward 7 Precinct 9,937,147,150,221,129,55,15,74,96,1551,1,0.6041263700838169,0.09477756286266925,0.09671179883945841,0.14248871695680207,0.061895551257253385,1278,0.08317214700193423,0.03546099290780142,0.009671179883945842,0.04771115409413282,0.8239845261121856
417,Boston,1484,Boston Ward 8 Precinct 1,436,334,489,176,26,74,88,115,49,1484,1,0.29380053908355797,0.22506738544474394,0.32951482479784366,0.11859838274932614,0.0330188679245283,1181,0.01752021563342318,0.04986522911051213,0.05929919137466307,0.07749326145552561,0.795822102425876
418,Boston,4588,Boston Ward 8 Precinct 2,1889,1174,819,597,62,225,107,194,109,4588,1,0.41172624237140365,0.25588491717523976,0.17850915431560593,0.13012205754141237,0.023757628596338273,4000,0.013513513513513514,0.0490409764603313,0.023321708805579773,0.042284219703574544,0.8718395815170009
419,Boston,1269,Boston Ward 8 Precinct 3,180,658,325,51,4,61,79,44,55,1269,1,0.14184397163120568,0.5185185185185185,0.256107171000788,0.04018912529550828,0.04334121355397951,1081,0.0031520882584712374,0.04806934594168637,0.062253743104806934,0.03467297084318361,0.8518518518518519
420,Boston,664,Boston Ward 8 Precinct 4,21,352,239,11,4,27,79,30,41,664,1,0.03162650602409638,0.5301204819277109,0.35993975903614456,0.016566265060240965,0.061746987951807226,524,0.006024096385542169,0.04066265060240964,0.11897590361445783,0.045180722891566265,0.7891566265060241
421,Boston,1685,Boston Ward 8 Precinct 5,64,624,309,39,8,45,113,39,649,1685,1,0.03798219584569733,0.37032640949554896,0.18338278931750743,0.02314540059347181,0.3851632047477745,1480,0.004747774480712166,0.026706231454005934,0.06706231454005934,0.02314540059347181,0.8783382789317508
422,Boston,681,Boston Ward 8 Precinct 6,105,186,115,10,12,23,15,27,265,681,1,0.15418502202643172,0.27312775330396477,0.16886930983847284,0.014684287812041116,0.3891336270190896,604,0.01762114537444934,0.033773861967694566,0.022026431718061675,0.039647577092511016,0.8869309838472834
423,Boston,1084,Boston Ward 8 Precinct 7,71,580,326,10,13,41,70,31,97,1084,1,0.06549815498154982,0.5350553505535055,0.3007380073800738,0.00922509225092251,0.08948339483394833,929,0.011992619926199263,0.03782287822878229,0.06457564575645756,0.02859778597785978,0.8570110701107011
424,Boston,2092,Boston Ward 9 Precinct 1,748,247,633,435,47,82,123,188,29,2092,1,0.3575525812619503,0.11806883365200765,0.3025812619502868,0.20793499043977057,0.013862332695984704,1652,0.022466539196940728,0.03919694072657744,0.058795411089866155,0.08986615678776291,0.7896749521988528
425,Boston,2316,Boston Ward 9 Precinct 2,1464,336,252,211,63,203,83,191,53,2316,1,0.6321243523316062,0.14507772020725387,0.10880829015544041,0.09110535405872193,0.022884283246977548,1776,0.027202072538860103,0.08765112262521589,0.035837651122625214,0.08246977547495682,0.7668393782383419
426,Boston,3603,Boston Ward 9 Precinct 3,1031,1226,1038,201,36,105,238,182,107,3603,1,0.286150430197058,0.3402719955592562,0.2880932556203164,0.05578684429641965,0.029697474326949764,3042,0.009991673605328892,0.029142381348875937,0.06605606439078546,0.05051346100471829,0.8442964196502915
427,Boston,4580,Boston Ward 9 Precinct 4,2235,981,834,401,12,48,149,106,129,4580,1,0.48799126637554585,0.21419213973799126,0.18209606986899562,0.08755458515283843,0.02816593886462882,4265,0.0026200873362445414,0.010480349344978166,0.032532751091703054,0.02314410480349345,0.9312227074235808
428,Boston,2282,Boston Ward 9 Precinct 5,226,1380,507,50,22,105,324,133,119,2282,1,0.09903593339176162,0.6047326906222612,0.22217353198948292,0.021910604732690624,0.05214723926380368,1698,0.009640666082383873,0.046012269938650305,0.14198071866783524,0.05828220858895705,0.7440841367221736
