,COUNTY,VAP,NAME,WVAP,COMP14D,COMP14R,OVAP,TOT_VOTES,factor,WVAP_pct,OVAP_pct,COMP14None,COMP14D_pct,COMP14R_pct,COMP14None_pct
424,Baltimore County,2889,Baltimore County Precinct 11-019,2270,453,365,619,2889,1,0.7857390100380754,0.21426098996192455,2071,0.15680166147455868,0.12634129456559362,0.7168570439598477
425,Baltimore County,4130,Baltimore County Precinct 14-003,2875,541,433,1255,4130,1,0.6961259079903148,0.30387409200968524,3156,0.13099273607748185,0.10484261501210654,0.7641646489104116
426,Baltimore County,1265,Baltimore County Precinct 11-013,891,139,160,374,1265,1,0.7043478260869566,0.2956521739130435,966,0.10988142292490119,0.12648221343873517,0.7636363636363637
427,Baltimore County,3157,Baltimore County Precinct 15-010,2444,513,335,713,3157,1,0.774152676591701,0.22584732340829902,2309,0.16249604054482103,0.10611339879632563,0.7313905606588533
428,Baltimore County,5523,Baltimore County Precinct 15-005,2822,1022,688,2701,5523,1,0.5109541915625566,0.48904580843744344,3813,0.1850443599493029,0.12456998008328807,0.690385659967409
429,Baltimore County,1411,Baltimore County Precinct 15-009,1311,253,288,100,1411,1,0.9291282778171509,0.07087172218284904,870,0.1793054571226081,0.20411055988660523,0.6165839829907866
430,Baltimore County,6204,Baltimore County Precinct 15-004,4276,526,349,1928,6204,1,0.6892327530625403,0.3107672469374597,5329,0.08478401031592521,0.05625402965828498,0.8589619600257898
431,Baltimore County,3736,Baltimore County Precinct 11-012,3099,604,624,637,3736,1,0.8294967880085653,0.1705032119914347,2508,0.16167023554603854,0.1670235546038544,0.671306209850107
432,Baltimore County,2316,Baltimore County Precinct 11-007,1947,826,827,369,2316,1,0.8406735751295337,0.15932642487046633,663,0.35664939550949915,0.35708117443868737,0.2862694300518135
433,Baltimore County,2818,Baltimore County Precinct 11-014,2465,484,500,353,2818,1,0.8747338537970192,0.12526614620298085,1834,0.1717530163236338,0.177430801987225,0.6508161816891412
434,Baltimore County,2037,Baltimore County Precinct 11-006,1892,384,414,145,2037,1,0.9288168875797742,0.07118311242022582,1239,0.18851251840942562,0.203240058910162,0.6082474226804123
435,Baltimore County,3470,Baltimore County Precinct 11-022,2749,450,526,721,3470,1,0.7922190201729107,0.20778097982708935,2494,0.12968299711815562,0.1515850144092219,0.7187319884726224
436,Baltimore County,2386,Baltimore County Precinct 11-005,1880,353,424,506,2386,1,0.787929589270746,0.21207041072925398,1609,0.1479463537300922,0.1777032690695725,0.6743503772003353
437,Baltimore County,4029,Baltimore County Precinct 11-003,3873,775,1171,156,4029,1,0.9612807148175726,0.0387192851824274,2083,0.192355423181931,0.29064283941424673,0.5170017374038223
438,Baltimore County,2502,Baltimore County Precinct 11-001,2338,648,706,164,2502,1,0.9344524380495604,0.06554756195043965,1148,0.2589928057553957,0.2821742605915268,0.45883293365307753
439,Baltimore County,300,Baltimore County Precinct 10-005,276,104,82,24,300,1,0.92,0.08,114,0.3466666666666667,0.2733333333333333,0.38
440,Baltimore County,1364,Baltimore County Precinct 10-003,1284,376,449,80,1364,1,0.9413489736070382,0.05865102639296188,539,0.2756598240469208,0.3291788856304985,0.3951612903225806
442,Baltimore County,3090,Baltimore County Precinct 11-002,2978,706,924,112,3090,1,0.9637540453074434,0.036245954692556634,1460,0.2284789644012945,0.29902912621359223,0.47249190938511326
445,Baltimore County,3678,Baltimore County Precinct 15-007,2778,549,408,900,3678,1,0.7553017944535073,0.24469820554649266,2721,0.14926590538336051,0.11092985318107668,0.7398042414355628
446,Baltimore County,2060,Baltimore County Precinct 15-025,1956,422,568,104,2060,1,0.9495145631067962,0.05048543689320388,1070,0.20485436893203884,0.2757281553398058,0.5194174757281553
447,Baltimore County,3091,Baltimore County Precinct 15-008,2496,531,504,595,3091,1,0.8075056615981883,0.1924943384018117,2056,0.1717890650274992,0.16305402782271108,0.6651569071497897
448,Baltimore County,2662,Baltimore County Precinct 15-006,2499,516,686,163,2662,1,0.9387678437265214,0.06123215627347859,1460,0.19383921863260706,0.2577009767092412,0.5484598046581518
449,Baltimore County,2544,Baltimore County Precinct 11-004,1999,375,470,545,2544,1,0.7857704402515723,0.21422955974842767,1699,0.1474056603773585,0.18474842767295596,0.6678459119496856
450,Baltimore County,86,Baltimore County Precinct 11-020,73,17,25,13,86,1,0.8488372093023255,0.1511627906976744,44,0.19767441860465115,0.29069767441860467,0.5116279069767442
560,Baltimore County,3508,Baltimore County Precinct 15-022,3315,594,677,193,3508,1,0.9449828962371721,0.05501710376282782,2237,0.169327251995439,0.19298745724059294,0.6376852907639681
561,Baltimore County,4160,Baltimore County Precinct 15-021,3797,713,824,363,4160,1,0.9127403846153846,0.08725961538461538,2623,0.17139423076923077,0.19807692307692307,0.6305288461538462
562,Baltimore County,4692,Baltimore County Precinct 15-020,4264,625,663,428,4692,1,0.9087809036658141,0.09121909633418585,3404,0.13320545609548168,0.14130434782608695,0.7254901960784313
563,Baltimore County,2809,Baltimore County Precinct 15-015,2416,312,405,393,2809,1,0.8600925596297615,0.13990744037023853,2092,0.11107155571377715,0.14417942328230687,0.7447490210039159
564,Baltimore County,1897,Baltimore County Precinct 15-013,1758,327,378,139,1897,1,0.926726410121244,0.07327358987875593,1192,0.1723774380600949,0.1992619926199262,0.628360569319979
565,Baltimore County,2156,Baltimore County Precinct 15-012,1954,406,396,202,2156,1,0.9063079777365491,0.09369202226345083,1354,0.18831168831168832,0.1836734693877551,0.6280148423005566
566,Baltimore County,3144,Baltimore County Precinct 15-016,2489,322,352,655,3144,1,0.7916666666666666,0.20833333333333334,2470,0.10241730279898219,0.11195928753180662,0.7856234096692112
567,Baltimore County,3506,Baltimore County Precinct 15-017,1421,635,220,2085,3506,1,0.40530519110096974,0.5946948088990303,2651,0.1811180832857958,0.06274957216200798,0.7561323445521962
568,Baltimore County,5453,Baltimore County Precinct 15-023,1748,654,141,3705,5453,1,0.3205574912891986,0.6794425087108014,4658,0.11993398129470016,0.025857326242435356,0.8542086924628645
569,Baltimore County,975,Baltimore County Precinct 15-024,813,146,126,162,975,1,0.8338461538461538,0.16615384615384615,703,0.14974358974358976,0.12923076923076923,0.721025641025641
570,Baltimore County,2919,Baltimore County Precinct 15-018,2086,431,386,833,2919,1,0.7146282973621103,0.2853717026378897,2102,0.1476533059266872,0.13223706748886604,0.7201096265844468
571,Baltimore County,3443,Baltimore County Precinct 15-019,3220,469,606,223,3443,1,0.9352309032820215,0.06476909671797851,2368,0.13621841417368574,0.17600929422015685,0.6877722916061574
572,Baltimore County,1739,Baltimore County Precinct 15-026,1696,379,533,43,1739,1,0.9752731454859115,0.024726854514088556,827,0.21794134560092007,0.3064979873490512,0.47556066705002875
573,Baltimore County,2441,Baltimore County Precinct 12-012,2188,344,382,253,2441,1,0.8963539532978287,0.10364604670217124,1715,0.14092585006145023,0.15649324047521507,0.7025809094633347
577,Baltimore County,2668,Baltimore County Precinct 12-010,2310,396,278,358,2668,1,0.8658170914542729,0.13418290854572715,1994,0.14842578710644677,0.10419790104947527,0.7473763118440779
578,Baltimore County,2639,Baltimore County Precinct 12-008,2315,308,323,324,2639,1,0.8772262220538083,0.12277377794619174,2008,0.11671087533156499,0.12239484653277757,0.7608942781356575
579,Baltimore County,3982,Baltimore County Precinct 12-003,3387,440,494,595,3982,1,0.8505775991963838,0.14942240080361627,3048,0.11049723756906077,0.12405826217980914,0.7654445002511301
580,Baltimore County,3256,Baltimore County Precinct 12-002,2763,390,350,493,3256,1,0.8485872235872236,0.15141277641277642,2516,0.11977886977886978,0.1074938574938575,0.7727272727272727
587,Baltimore County,2846,Baltimore County Precinct 12-001,2343,288,331,503,2846,1,0.8232607167955025,0.17673928320449753,2227,0.10119465917076599,0.1163035839775123,0.7825017568517217
588,Baltimore County,4204,Baltimore County Precinct 12-007,3764,520,554,440,4204,1,0.8953377735490009,0.10466222645099905,3130,0.12369172216936251,0.131779257849667,0.7445290199809705
589,Baltimore County,3540,Baltimore County Precinct 12-006,2774,377,315,766,3540,1,0.7836158192090396,0.21638418079096045,2848,0.10649717514124293,0.08898305084745763,0.8045197740112995
590,Baltimore County,3308,Baltimore County Precinct 12-005,2994,444,434,314,3308,1,0.9050785973397824,0.09492140266021766,2430,0.13422007255139057,0.13119709794437726,0.7345828295042321
591,Baltimore County,4898,Baltimore County Precinct 12-004,4398,558,634,500,4898,1,0.897917517354022,0.10208248264597795,3706,0.11392405063291139,0.12944058799510005,0.7566353613719886
592,Baltimore County,2424,Baltimore County Precinct 15-001,1845,269,177,579,2424,1,0.7611386138613861,0.23886138613861385,1978,0.11097359735973597,0.07301980198019802,0.816006600660066
593,Baltimore County,3263,Baltimore County Precinct 15-002,2829,458,469,434,3263,1,0.8669935642047196,0.1330064357952804,2336,0.14036163040147104,0.14373276126264173,0.7159056083358872
594,Baltimore County,1177,Baltimore County Precinct 15-014,1054,142,199,123,1177,1,0.8954970263381479,0.10450297366185217,836,0.12064570943075616,0.16907391673746813,0.7102803738317757
611,Baltimore County,1456,Baltimore County Precinct 12-009,1157,127,124,299,1456,1,0.7946428571428571,0.20535714285714285,1205,0.08722527472527472,0.08516483516483517,0.8276098901098901
612,Baltimore County,4122,Baltimore County Precinct 12-011,3270,492,395,852,4122,1,0.7933042212518195,0.2066957787481805,3235,0.11935953420669577,0.09582726831635129,0.7848131974769529
613,Baltimore County,1905,Baltimore County Precinct 12-013,167,406,16,1738,1905,1,0.08766404199475065,0.9123359580052494,1483,0.2131233595800525,0.008398950131233596,0.7784776902887139
796,Baltimore County,1239,Baltimore County Precinct 13-006,980,153,148,259,1239,1,0.7909604519774012,0.20903954802259886,938,0.1234866828087167,0.11945117029862792,0.7570621468926554
797,Baltimore County,2979,Baltimore County Precinct 13-007,1367,329,177,1612,2979,1,0.4588788183954347,0.5411211816045652,2473,0.1104397448808325,0.059415911379657606,0.8301443437395098
798,Baltimore County,5380,Baltimore County Precinct 13-009,3849,671,484,1531,5380,1,0.7154275092936803,0.2845724907063197,4225,0.12472118959107807,0.08996282527881042,0.7853159851301115
804,Baltimore County,2262,Baltimore County Precinct 13-008,1953,316,358,309,2262,1,0.863395225464191,0.13660477453580902,1588,0.13969938107869143,0.15826702033598586,0.7020335985853228
823,Baltimore County,2920,Baltimore County Precinct 14-011,1954,454,307,966,2920,1,0.6691780821917809,0.3308219178082192,2159,0.15547945205479452,0.10513698630136986,0.7393835616438356
824,Baltimore County,2766,Baltimore County Precinct 14-007,2061,552,382,705,2766,1,0.745119305856833,0.25488069414316705,1832,0.19956616052060738,0.1381055676066522,0.6623282718727405
825,Baltimore County,3521,Baltimore County Precinct 14-008,1352,886,281,2169,3521,1,0.38398182334564046,0.6160181766543595,2354,0.25163305879011644,0.07980687304742971,0.6685600681624538
829,Baltimore County,4086,Baltimore County Precinct 09-022,3162,884,546,924,4086,1,0.7738619676945668,0.2261380323054332,2656,0.21634850709740577,0.13362701908957417,0.6500244738130201
830,Baltimore County,2181,Baltimore County Precinct 14-012,1973,457,445,208,2181,1,0.9046309032553874,0.09536909674461257,1279,0.20953690967446126,0.2040348464007336,0.5864282439248051
831,Baltimore County,723,Baltimore County Precinct 14-014,485,125,71,238,723,1,0.6708160442600276,0.32918395573997233,527,0.17289073305670816,0.09820193637621023,0.7289073305670816
832,Baltimore County,3444,Baltimore County Precinct 14-006,2936,780,625,508,3444,1,0.8524970963995354,0.14750290360046459,2039,0.2264808362369338,0.18147502903600465,0.5920441347270615
833,Baltimore County,2262,Baltimore County Precinct 14-001,2044,494,428,218,2262,1,0.9036251105216623,0.09637488947833775,1340,0.21839080459770116,0.1892130857648099,0.5923961096374889
834,Baltimore County,2561,Baltimore County Precinct 14-010,1869,585,339,692,2561,1,0.7297930495900039,0.2702069504099961,1637,0.22842639593908629,0.13237016790316283,0.6392034361577509
835,Baltimore County,4471,Baltimore County Precinct 14-009,1738,848,330,2733,4471,1,0.38872735405949455,0.6112726459405055,3293,0.1896667412212033,0.0738089912771192,0.7365242675016774
836,Baltimore County,1191,Baltimore County Precinct 14-005,540,110,50,651,1191,1,0.4534005037783375,0.5465994962216625,1031,0.09235936188077246,0.041981528127623846,0.8656591099916037
837,Baltimore County,2619,Baltimore County Precinct 11-016,1527,273,174,1092,2619,1,0.5830469644902635,0.41695303550973656,2172,0.10423825887743414,0.06643757159221077,0.8293241695303551
838,Baltimore County,4063,Baltimore County Precinct 14-002,2593,769,605,1470,4063,1,0.6381983755845434,0.36180162441545655,2689,0.18926901304454835,0.14890475018459268,0.6618262367708589
839,Baltimore County,3933,Baltimore County Precinct 11-011,2948,592,557,985,3933,1,0.7495550470378846,0.25044495296211544,2784,0.1505212306127638,0.14162217137045513,0.7078565980167811
840,Baltimore County,3413,Baltimore County Precinct 09-023,2320,629,426,1093,3413,1,0.6797538822150601,0.32024611778493994,2358,0.18429534134192793,0.12481687664811017,0.6908877820099619
841,Baltimore County,2956,Baltimore County Precinct 09-025,2214,541,440,742,2956,1,0.7489851150202977,0.2510148849797023,1975,0.18301759133964818,0.14884979702300405,0.6681326116373477
842,Baltimore County,2895,Baltimore County Precinct 11-009,2192,559,458,703,2895,1,0.7571675302245251,0.24283246977547496,1878,0.1930915371329879,0.15820379965457684,0.6487046632124353
843,Baltimore County,3895,Baltimore County Precinct 09-024,3019,912,667,876,3895,1,0.7750962772785622,0.22490372272143774,2316,0.23414634146341465,0.1712451861360719,0.5946084724005135
844,Baltimore County,3694,Baltimore County Precinct 11-015,3631,581,453,63,3694,1,0.9829453167298322,0.01705468327016784,2660,0.15728207904710342,0.12263129399025446,0.7200866269626421
845,Baltimore County,731,Baltimore County Precinct 11-021,560,132,102,171,731,1,0.7660738714090287,0.23392612859097128,497,0.18057455540355677,0.13953488372093023,0.679890560875513
846,Baltimore County,2824,Baltimore County Precinct 11-008,2388,423,456,436,2824,1,0.8456090651558074,0.15439093484419264,1945,0.14978753541076487,0.16147308781869688,0.6887393767705382
847,Baltimore County,3720,Baltimore County Precinct 11-010,2780,596,455,940,3720,1,0.7473118279569892,0.25268817204301075,2669,0.16021505376344086,0.12231182795698925,0.7174731182795699
848,Baltimore County,1942,Baltimore County Precinct 11-018,1553,146,144,389,1942,1,0.7996910401647785,0.20030895983522143,1652,0.07518022657054584,0.07415036045314109,0.850669412976313
849,Baltimore County,3460,Baltimore County Precinct 11-017,2820,642,610,640,3460,1,0.815028901734104,0.18497109826589594,2208,0.18554913294797687,0.17630057803468208,0.638150289017341
850,Baltimore County,2630,Baltimore County Precinct 15-003,2325,462,426,305,2630,1,0.8840304182509505,0.11596958174904944,1742,0.17566539923954372,0.16197718631178706,0.6623574144486692
851,Baltimore County,3634,Baltimore County Precinct 14-013,1814,452,276,1820,3634,1,0.4991744634012108,0.5008255365987893,2906,0.12438084755090809,0.0759493670886076,0.7996697853604843
852,Baltimore County,3333,Baltimore County Precinct 15-011,2680,487,417,653,3333,1,0.804080408040804,0.19591959195919592,2429,0.14611461146114613,0.1251125112511251,0.7287728772877288
853,Baltimore County,343,Baltimore County Precinct 14-004,274,99,76,69,343,1,0.7988338192419825,0.20116618075801748,168,0.2886297376093295,0.22157434402332363,0.4897959183673469
965,Baltimore County,3555,Baltimore County Precinct 08-011,2068,322,276,1487,3555,1,0.5817158931082982,0.4182841068917018,2957,0.09057665260196905,0.07763713080168777,0.8317862165963432
966,Baltimore County,2505,Baltimore County Precinct 08-006,1379,759,276,1126,2505,1,0.550499001996008,0.449500998003992,1470,0.3029940119760479,0.11017964071856287,0.5868263473053892
967,Baltimore County,1757,Baltimore County Precinct 08-003,1549,440,310,208,1757,1,0.8816163915765509,0.11838360842344905,1007,0.2504268639726807,0.17643710870802504,0.5731360273192943
968,Baltimore County,2017,Baltimore County Precinct 08-022,1757,546,393,260,2017,1,0.8710956866633615,0.12890431333663857,1078,0.270699058006941,0.19484382746653445,0.5344571145265246
969,Baltimore County,2489,Baltimore County Precinct 08-001,2208,479,518,281,2489,1,0.8871032543190036,0.11289674568099639,1492,0.1924467657693853,0.20811570912012856,0.5994375251104861
970,Baltimore County,1888,Baltimore County Precinct 08-025,1659,351,344,229,1888,1,0.878707627118644,0.12129237288135593,1193,0.18591101694915255,0.18220338983050846,0.631885593220339
971,Baltimore County,2437,Baltimore County Precinct 08-004,2117,666,574,320,2437,1,0.8686910135412392,0.13130898645876077,1197,0.2732868280672959,0.23553549446040214,0.491177677472302
972,Baltimore County,1477,Baltimore County Precinct 10-002,1372,360,428,105,1477,1,0.9289099526066351,0.07109004739336493,689,0.24373730534867977,0.2897765741367637,0.4664861205145565
973,Baltimore County,1876,Baltimore County Precinct 10-004,1797,434,618,79,1876,1,0.9578891257995735,0.04211087420042644,824,0.23134328358208955,0.3294243070362473,0.43923240938166314
974,Baltimore County,3018,Baltimore County Precinct 10-001,2857,683,859,161,3018,1,0.9466534128561962,0.053346587143803845,1476,0.2263088137839629,0.2846255798542081,0.48906560636182905
975,Baltimore County,3508,Baltimore County Precinct 05-001,3315,763,920,193,3508,1,0.9449828962371721,0.05501710376282782,1825,0.21750285062713798,0.26225769669327254,0.5202394526795895
976,Baltimore County,1975,Baltimore County Precinct 06-001,1875,398,552,100,1975,1,0.9493670886075949,0.05063291139240506,1025,0.20151898734177215,0.27949367088607596,0.5189873417721519
977,Baltimore County,2338,Baltimore County Precinct 06-002,2220,488,662,118,2338,1,0.9495295124037639,0.0504704875962361,1188,0.20872540633019676,0.2831479897348161,0.5081266039349872
978,Baltimore County,2472,Baltimore County Precinct 07-003,2274,605,632,198,2472,1,0.9199029126213593,0.08009708737864078,1235,0.2447411003236246,0.255663430420712,0.49959546925566345
979,Baltimore County,1071,Baltimore County Precinct 07-002,1032,305,302,39,1071,1,0.9635854341736695,0.036414565826330535,464,0.28478057889822594,0.2819794584500467,0.4332399626517274
980,Baltimore County,3153,Baltimore County Precinct 07-001,2987,663,878,166,3153,1,0.9473517285125278,0.05264827148747225,1612,0.21027592768791628,0.278464954012052,0.5112591183000317
989,Baltimore County,3836,Baltimore County Precinct 09-020,464,798,83,3372,3836,1,0.12095933263816476,0.8790406673618353,2955,0.20802919708029197,0.021637122002085507,0.7703336809176226
990,Baltimore County,2342,Baltimore County Precinct 09-028,897,515,108,1445,2342,1,0.38300597779675494,0.6169940222032451,1719,0.21989752348420152,0.04611443210930828,0.7339880444064901
991,Baltimore County,2528,Baltimore County Precinct 09-019,1774,539,346,754,2528,1,0.7017405063291139,0.29825949367088606,1643,0.2132120253164557,0.13686708860759494,0.6499208860759493
996,Baltimore County,3661,Baltimore County Precinct 09-021,3095,787,674,566,3661,1,0.8453974323955203,0.15460256760447966,2200,0.2149685878175362,0.184102704179186,0.6009287080032778
997,Baltimore County,2909,Baltimore County Precinct 09-029,2172,12,5,737,2909,1,0.7466483327603988,0.25335166723960123,2892,0.004125128910278446,0.0017188037126160192,0.9941560673771055
998,Baltimore County,2194,Baltimore County Precinct 09-012,1804,448,240,390,2194,1,0.8222424794895169,0.17775752051048313,1506,0.2041932543299909,0.10938924339106655,0.6864175022789426
999,Baltimore County,2160,Baltimore County Precinct 09-007,1829,605,521,331,2160,1,0.8467592592592592,0.15324074074074073,1034,0.2800925925925926,0.2412037037037037,0.4787037037037037
1000,Baltimore County,2993,Baltimore County Precinct 09-011,2118,532,219,875,2993,1,0.707651186100902,0.2923488138990979,2242,0.17774807885065153,0.07317073170731707,0.7490811894420314
1001,Baltimore County,5056,Baltimore County Precinct 09-010,3865,1067,548,1191,5056,1,0.7644382911392406,0.2355617088607595,3441,0.21103639240506328,0.10838607594936708,0.6805775316455697
1002,Baltimore County,1644,Baltimore County Precinct 08-015,1440,531,363,204,1644,1,0.8759124087591241,0.12408759124087591,750,0.32299270072992703,0.2208029197080292,0.4562043795620438
1003,Baltimore County,1925,Baltimore County Precinct 08-014,1650,417,278,275,1925,1,0.8571428571428571,0.14285714285714285,1230,0.21662337662337663,0.1444155844155844,0.638961038961039
1004,Baltimore County,2163,Baltimore County Precinct 08-012,1905,631,521,258,2163,1,0.8807212205270458,0.11927877947295423,1011,0.29172445677300046,0.2408691631992603,0.46740638002773927
1005,Baltimore County,5466,Baltimore County Precinct 08-005,3011,183,169,2455,5466,1,0.5508598609586535,0.44914013904134653,5114,0.033479692645444564,0.030918404683497987,0.9356019026710575
1006,Baltimore County,1075,Baltimore County Precinct 09-016,915,310,201,160,1075,1,0.8511627906976744,0.14883720930232558,564,0.28837209302325584,0.1869767441860465,0.5246511627906977
1007,Baltimore County,1627,Baltimore County Precinct 09-017,1118,346,184,509,1627,1,0.6871542716656422,0.3128457283343577,1097,0.21266133988936695,0.11309157959434542,0.6742470805162877
1008,Baltimore County,26,Baltimore County Precinct 09-027,20,4,6,6,26,1,0.7692307692307693,0.23076923076923078,16,0.15384615384615385,0.23076923076923078,0.6153846153846154
1009,Baltimore County,2576,Baltimore County Precinct 09-018,1975,530,320,601,2576,1,0.7666925465838509,0.23330745341614906,1726,0.20574534161490685,0.12422360248447205,0.6700310559006211
1010,Baltimore County,1631,Baltimore County Precinct 09-009,1412,524,402,219,1631,1,0.8657265481299816,0.1342734518700184,705,0.32127529123237275,0.24647455548743102,0.4322501532801962
1011,Baltimore County,1132,Baltimore County Precinct 09-026,975,304,254,157,1132,1,0.8613074204946997,0.13869257950530034,574,0.26855123674911663,0.22438162544169613,0.5070671378091873
1012,Baltimore County,1592,Baltimore County Precinct 09-008,1465,487,420,127,1592,1,0.9202261306532663,0.07977386934673367,685,0.30590452261306533,0.2638190954773869,0.43027638190954776
1013,Baltimore County,2194,Baltimore County Precinct 08-007,1336,496,275,858,2194,1,0.6089334548769371,0.3910665451230629,1423,0.22607110300820418,0.1253418413855971,0.6485870556061987
1021,Baltimore County,3216,Baltimore County Precinct 09-003,2807,1020,465,409,3216,1,0.8728233830845771,0.1271766169154229,1731,0.31716417910447764,0.14458955223880596,0.5382462686567164
1022,Baltimore County,3358,Baltimore County Precinct 03-008,2894,885,343,464,3358,1,0.8618225134008338,0.13817748659916618,2130,0.26354973198332343,0.10214413341274568,0.6343061346039309
1023,Baltimore County,2600,Baltimore County Precinct 09-001,2400,724,582,200,2600,1,0.9230769230769231,0.07692307692307693,1294,0.2784615384615385,0.22384615384615383,0.4976923076923077
1024,Baltimore County,2246,Baltimore County Precinct 08-017,2079,684,509,167,2246,1,0.9256455921638468,0.07435440783615316,1053,0.3045414069456812,0.22662511130899377,0.468833481745325
1025,Baltimore County,879,Baltimore County Precinct 08-018,784,263,208,95,879,1,0.8919226393629124,0.1080773606370876,408,0.2992036405005688,0.2366325369738339,0.4641638225255973
1026,Baltimore County,2530,Baltimore County Precinct 08-019,2247,560,559,283,2530,1,0.8881422924901186,0.11185770750988143,1411,0.22134387351778656,0.22094861660079052,0.5577075098814229
1027,Baltimore County,2751,Baltimore County Precinct 08-009,2153,680,661,598,2751,1,0.7826245001817521,0.2173754998182479,1410,0.24718284260268994,0.24027626317702652,0.5125408942202835
1028,Baltimore County,2173,Baltimore County Precinct 08-010,1965,623,503,208,2173,1,0.9042797975149562,0.09572020248504372,1047,0.28670041417395303,0.23147722043258168,0.48182236539346524
1029,Baltimore County,1707,Baltimore County Precinct 08-020,1487,311,265,220,1707,1,0.8711189220855302,0.12888107791446984,1131,0.18219097832454598,0.1552431165787932,0.6625659050966608
1030,Baltimore County,1541,Baltimore County Precinct 09-002,1463,461,372,78,1541,1,0.9493835171966256,0.050616482803374434,708,0.2991563919532771,0.24140168721609345,0.45944192083062946
1031,Baltimore County,4116,Baltimore County Precinct 09-004,3440,550,282,676,4116,1,0.8357628765792031,0.16423712342079688,3284,0.13362487852283772,0.06851311953352769,0.7978620019436345
1032,Baltimore County,3650,Baltimore County Precinct 09-005,3293,911,516,357,3650,1,0.9021917808219178,0.09780821917808219,2223,0.24958904109589042,0.14136986301369864,0.609041095890411
1033,Baltimore County,6430,Baltimore County Precinct 09-006,4497,210,106,1933,6430,1,0.6993779160186625,0.3006220839813375,6114,0.03265940902021773,0.016485225505443235,0.950855365474339
1034,Baltimore County,621,Baltimore County Precinct 08-016,526,255,150,95,621,1,0.8470209339774557,0.1529790660225443,216,0.4106280193236715,0.24154589371980675,0.34782608695652173
1035,Baltimore County,2667,Baltimore County Precinct 08-013,2348,678,573,319,2667,1,0.880389951256093,0.11961004874390702,1416,0.2542182227221597,0.21484814398200225,0.530933633295838
1058,Baltimore County,2581,Baltimore County Precinct 09-014,1807,751,228,774,2581,1,0.7001162340178225,0.2998837659821775,1602,0.2909724912824487,0.08833785354513754,0.6206896551724138
1059,Baltimore County,2145,Baltimore County Precinct 09-013,2025,759,356,120,2145,1,0.9440559440559441,0.055944055944055944,1030,0.35384615384615387,0.16596736596736597,0.4801864801864802
1065,Baltimore County,3415,Baltimore County Precinct 09-015,1933,703,236,1482,3415,1,0.5660322108345535,0.43396778916544654,2476,0.20585651537335287,0.06910688140556369,0.7250366032210834
1093,Baltimore County,4060,Baltimore County Precinct 03-009,2908,853,355,1152,4060,1,0.716256157635468,0.28374384236453204,2852,0.21009852216748767,0.0874384236453202,0.7024630541871921
1138,Baltimore County,2293,Baltimore County Precinct 02-005,122,743,30,2171,2293,1,0.053205407762756216,0.9467945922372438,1520,0.32402965547317925,0.013083296990841693,0.662887047535979
1139,Baltimore County,2631,Baltimore County Precinct 02-009,196,565,31,2435,2631,1,0.07449638920562524,0.9255036107943747,2035,0.21474724439376663,0.01178259217027746,0.7734701634359559
1140,Baltimore County,3860,Baltimore County Precinct 02-014,432,980,59,3428,3860,1,0.11191709844559586,0.8880829015544042,2821,0.2538860103626943,0.015284974093264249,0.7308290155440414
1141,Baltimore County,578,Baltimore County Precinct 02-025,458,297,71,120,578,1,0.7923875432525952,0.20761245674740483,210,0.513840830449827,0.12283737024221453,0.3633217993079585
1142,Baltimore County,398,Baltimore County Precinct 02-028,16,72,5,382,398,1,0.04020100502512563,0.9597989949748744,321,0.18090452261306533,0.01256281407035176,0.8065326633165829
1143,Baltimore County,2934,Baltimore County Precinct 02-007,310,596,37,2624,2934,1,0.1056578050443081,0.8943421949556919,2301,0.20313565098841171,0.012610770279481936,0.7842535787321063
1144,Baltimore County,532,Baltimore County Precinct 02-023,170,189,24,362,532,1,0.31954887218045114,0.6804511278195489,319,0.35526315789473684,0.045112781954887216,0.599624060150376
1145,Baltimore County,2750,Baltimore County Precinct 02-008,424,824,65,2326,2750,1,0.15418181818181817,0.8458181818181818,1861,0.29963636363636365,0.023636363636363636,0.6767272727272727
1146,Baltimore County,1761,Baltimore County Precinct 03-014,1271,463,115,490,1761,1,0.7217490062464509,0.2782509937535491,1183,0.2629187961385576,0.0653038046564452,0.6717773992049971
1147,Baltimore County,3988,Baltimore County Precinct 02-029,1361,695,98,2627,3988,1,0.34127382146439317,0.6587261785356068,3195,0.1742728184553661,0.02457372116349047,0.8011534603811434
1148,Baltimore County,2503,Baltimore County Precinct 02-026,1337,573,163,1166,2503,1,0.5341590091889732,0.46584099081102676,1767,0.2289252896524171,0.06512185377546943,0.7059528565721135
1149,Baltimore County,4357,Baltimore County Precinct 04-001,2178,678,223,2179,4357,1,0.4998852421390865,0.5001147578609135,3456,0.1556116593986688,0.05118200596740877,0.7932063346339224
1150,Baltimore County,4438,Baltimore County Precinct 02-015,1185,950,108,3253,4438,1,0.26701216764308244,0.7329878323569176,3380,0.21406038756196485,0.02433528616493916,0.761604326273096
1151,Baltimore County,4253,Baltimore County Precinct 04-002,1859,755,278,2394,4253,1,0.4371032212555843,0.5628967787444157,3220,0.1775217493533976,0.06536562426522455,0.7571126263813779
1152,Baltimore County,6218,Baltimore County Precinct 04-014,2105,585,113,4113,6218,1,0.3385332904470891,0.6614667095529109,5520,0.0940816982952718,0.018173045995496944,0.8877452557092312
1153,Baltimore County,2859,Baltimore County Precinct 03-012,1558,533,170,1301,2859,1,0.5449457852395942,0.45505421476040575,2156,0.186428821266177,0.059461350122420424,0.7541098286114026
1154,Baltimore County,3010,Baltimore County Precinct 04-003,2691,812,418,319,3010,1,0.8940199335548172,0.10598006644518272,1780,0.26976744186046514,0.1388704318936877,0.5913621262458472
1155,Baltimore County,3867,Baltimore County Precinct 02-002,159,861,33,3708,3867,1,0.041117145073700546,0.9588828549262994,2973,0.22265321955003878,0.008533747090768037,0.7688130333591932
1156,Baltimore County,3676,Baltimore County Precinct 02-004,165,838,33,3511,3676,1,0.04488574537540805,0.955114254624592,2805,0.2279651795429815,0.008977149075081611,0.7630576713819369
1157,Baltimore County,1730,Baltimore County Precinct 02-001,101,581,27,1629,1730,1,0.05838150289017341,0.9416184971098266,1122,0.33583815028901737,0.01560693641618497,0.6485549132947976
1158,Baltimore County,3654,Baltimore County Precinct 03-001,569,1043,86,3085,3654,1,0.15571975916803504,0.844280240831965,2525,0.28544061302681994,0.02353585112205802,0.6910235358511221
1159,Baltimore County,1886,Baltimore County Precinct 03-004,949,569,141,937,1886,1,0.5031813361611877,0.4968186638388123,1176,0.3016967126193001,0.07476139978791092,0.623541887592789
1160,Baltimore County,2455,Baltimore County Precinct 03-003,535,832,81,1920,2455,1,0.21792260692464357,0.7820773930753564,1542,0.3389002036659878,0.0329938900203666,0.6281059063136456
1161,Baltimore County,3558,Baltimore County Precinct 03-005,2386,837,205,1172,3558,1,0.670601461495222,0.32939853850477796,2516,0.23524451939291738,0.05761663856098932,0.7071388420460933
1162,Baltimore County,2978,Baltimore County Precinct 03-002,1405,670,111,1573,2978,1,0.4717931497649429,0.5282068502350571,2197,0.22498321020819342,0.03727333781061115,0.7377434519811954
1171,Baltimore County,1541,Baltimore County Precinct 02-019,893,262,228,648,1541,1,0.5794938351719663,0.42050616482803377,1051,0.1700194678780013,0.14795587280986372,0.682024659312135
1172,Baltimore County,1285,Baltimore County Precinct 02-018,223,450,63,1062,1285,1,0.1735408560311284,0.8264591439688715,772,0.35019455252918286,0.0490272373540856,0.6007782101167315
1173,Baltimore County,37,Baltimore County Precinct 02-022,11,14,3,26,37,1,0.2972972972972973,0.7027027027027027,20,0.3783783783783784,0.08108108108108109,0.5405405405405406
1174,Baltimore County,823,Baltimore County Precinct 02-020,304,243,37,519,823,1,0.36938031591737547,0.6306196840826246,543,0.29526123936816523,0.04495747266099635,0.6597812879708383
1175,Baltimore County,4946,Baltimore County Precinct 02-012,664,928,116,4282,4946,1,0.13424989890820865,0.8657501010917914,3902,0.18762636473918318,0.023453295592397897,0.7889203396684189
1176,Baltimore County,2695,Baltimore County Precinct 02-024,283,704,47,2412,2695,1,0.10500927643784787,0.8949907235621521,1944,0.2612244897959184,0.017439703153988868,0.7213358070500928
1177,Baltimore County,1072,Baltimore County Precinct 02-021,779,242,249,293,1072,1,0.726679104477612,0.2733208955223881,581,0.22574626865671643,0.23227611940298507,0.5419776119402985
1178,Baltimore County,2206,Baltimore County Precinct 02-027,459,652,88,1747,2206,1,0.20806890299184044,0.7919310970081596,1466,0.2955575702629193,0.03989120580235721,0.6645512239347234
1179,Baltimore County,2794,Baltimore County Precinct 04-012,1642,1036,379,1152,2794,1,0.5876879026485325,0.41231209735146745,1379,0.3707945597709377,0.13564781675017895,0.4935576234788833
1180,Baltimore County,3497,Baltimore County Precinct 04-006,2072,500,265,1425,3497,1,0.5925078638833285,0.40749213611667146,2732,0.1429796968830426,0.07577923934801258,0.7812410637689448
1183,Baltimore County,4554,Baltimore County Precinct 04-007,2661,809,476,1893,4554,1,0.5843214756258235,0.4156785243741766,3269,0.17764602547211242,0.10452349582784365,0.7178304787000439
1184,Baltimore County,2479,Baltimore County Precinct 04-010,1427,387,203,1052,2479,1,0.5756353368293666,0.4243646631706333,1889,0.15611133521581283,0.08188785800726099,0.7620008067769262
1185,Baltimore County,4026,Baltimore County Precinct 04-008,3005,749,546,1021,4026,1,0.7463984103328366,0.25360158966716345,2731,0.1860407352210631,0.13561847988077497,0.678340784898162
1186,Baltimore County,1997,Baltimore County Precinct 04-009,1790,432,414,207,1997,1,0.8963445167751627,0.10365548322483725,1151,0.21632448673009513,0.2073109664496745,0.5763645468202303
1194,Baltimore County,5767,Baltimore County Precinct 02-011,1008,1004,147,4759,5767,1,0.17478758453268597,0.825212415467314,4616,0.17409398300676263,0.025489856077683372,0.800416160915554
1195,Baltimore County,4341,Baltimore County Precinct 02-010,384,1075,86,3957,4341,1,0.0884588804422944,0.9115411195577056,3180,0.24763879290486063,0.01981110343238885,0.7325501036627505
1196,Baltimore County,3194,Baltimore County Precinct 02-017,337,763,55,2857,3194,1,0.10551033187226048,0.8944896681277396,2376,0.23888541014402004,0.017219787100814028,0.743894802755166
1197,Baltimore County,1512,Baltimore County Precinct 02-016,259,413,32,1253,1512,1,0.1712962962962963,0.8287037037037037,1067,0.27314814814814814,0.021164021164021163,0.7056878306878307
1198,Baltimore County,3573,Baltimore County Precinct 02-013,562,903,88,3011,3573,1,0.15729079205149735,0.8427092079485027,2582,0.25272879932829556,0.02462916316820599,0.7226420375034984
1199,Baltimore County,3132,Baltimore County Precinct 02-003,421,761,85,2711,3132,1,0.13441890166028098,0.8655810983397191,2286,0.2429757343550447,0.02713920817369093,0.7298850574712644
1200,Baltimore County,3378,Baltimore County Precinct 02-006,350,824,62,3028,3378,1,0.10361160449970397,0.896388395500296,2492,0.24393132030787448,0.018354055654233273,0.7377146240378922
1350,Baltimore County,4946,Baltimore County Precinct 01-017,607,1007,107,4339,4946,1,0.12272543469470279,0.8772745653052972,3832,0.20359886777193692,0.02163364334816013,0.774767488879903
1351,Baltimore County,3184,Baltimore County Precinct 01-012,2973,791,581,211,3184,1,0.9337311557788944,0.06626884422110553,1812,0.24842964824120603,0.1824748743718593,0.5690954773869347
1352,Baltimore County,2703,Baltimore County Precinct 01-011,2226,670,478,477,2703,1,0.8235294117647058,0.17647058823529413,1555,0.24787273399926008,0.17684054753977063,0.5752867184609693
1353,Baltimore County,2485,Baltimore County Precinct 01-013,2365,773,468,120,2485,1,0.9517102615694165,0.0482897384305835,1244,0.31106639839034206,0.18832997987927566,0.5006036217303823
1354,Baltimore County,3127,Baltimore County Precinct 01-010,2439,734,376,688,3127,1,0.7799808122801407,0.2200191877198593,2017,0.234729772945315,0.12024304445155101,0.645027182603134
1355,Baltimore County,3549,Baltimore County Precinct 01-003,1415,805,238,2134,3549,1,0.3987038602423218,0.6012961397576783,2506,0.22682445759368836,0.0670611439842209,0.7061143984220908
1356,Baltimore County,3716,Baltimore County Precinct 01-004,1339,880,262,2377,3716,1,0.36033369214208827,0.6396663078579118,2574,0.23681377825618946,0.07050592034445641,0.6926803013993541
1357,Baltimore County,2265,Baltimore County Precinct 01-002,437,444,77,1828,2265,1,0.19293598233995585,0.8070640176600441,1744,0.19602649006622516,0.03399558498896247,0.7699779249448123
1361,Baltimore County,5998,Baltimore County Precinct 01-014,3956,516,454,2042,5998,1,0.6595531843947983,0.34044681560520174,5028,0.08602867622540847,0.0756918972990997,0.8382794264754918
1362,Baltimore County,2893,Baltimore County Precinct 13-004,2610,573,583,283,2893,1,0.9021776702385067,0.09782232976149326,1737,0.19806429312132734,0.20152091254752852,0.6004147943311441
1363,Baltimore County,3240,Baltimore County Precinct 13-003,2835,575,509,405,3240,1,0.875,0.125,2156,0.17746913580246915,0.15709876543209877,0.6654320987654321
1364,Baltimore County,2641,Baltimore County Precinct 13-002,2319,400,362,322,2641,1,0.8780764861794774,0.12192351382052254,1879,0.15145778114350625,0.13706929193487316,0.7114729269216206
1365,Baltimore County,2840,Baltimore County Precinct 13-005,2397,543,582,443,2840,1,0.8440140845070423,0.15598591549295773,1715,0.19119718309859154,0.20492957746478874,0.6038732394366197
1366,Baltimore County,3604,Baltimore County Precinct 01-009,1703,534,213,1901,3604,1,0.47253052164261933,0.5274694783573807,2857,0.14816870144284128,0.05910099889012209,0.7927302996670367
1367,Baltimore County,3870,Baltimore County Precinct 01-015,2674,695,390,1196,3870,1,0.6909560723514212,0.3090439276485788,2785,0.17958656330749354,0.10077519379844961,0.7196382428940569
1368,Baltimore County,2349,Baltimore County Precinct 01-007,1200,444,167,1149,2349,1,0.5108556832694764,0.4891443167305236,1738,0.18901660280970625,0.07109408258833547,0.7398893146019583
1369,Baltimore County,4333,Baltimore County Precinct 01-008,3296,824,501,1037,4333,1,0.7606738979921532,0.23932610200784676,3008,0.1901684744980383,0.1156242787906762,0.6942072467112855
1370,Baltimore County,4435,Baltimore County Precinct 01-005,1415,995,208,3020,4435,1,0.31905298759864714,0.6809470124013529,3232,0.22435174746335965,0.04689966178128523,0.7287485907553551
1371,Baltimore County,4619,Baltimore County Precinct 01-001,871,1024,121,3748,4619,1,0.1885689543191167,0.8114310456808833,3474,0.22169300714440354,0.026196146352024247,0.7521108465035722
1372,Baltimore County,4031,Baltimore County Precinct 01-006,733,1164,112,3298,4031,1,0.18184073430910444,0.8181592656908956,2755,0.28876209377325723,0.027784668816670802,0.6834532374100719
1373,Baltimore County,4012,Baltimore County Precinct 13-001,2036,456,267,1976,4012,1,0.5074775672981057,0.49252243270189433,3289,0.11365902293120637,0.06655034895314058,0.8197906281156531
1374,Baltimore County,2661,Baltimore County Precinct 01-016,2481,639,386,180,2661,1,0.9323562570462233,0.06764374295377677,1636,0.24013528748590757,0.14505824877865464,0.6148064637354378
1708,Baltimore County,2385,Baltimore County Precinct 03-006,2216,767,347,169,2385,1,0.929140461215933,0.07085953878406709,1271,0.3215932914046122,0.14549266247379455,0.5329140461215933
1713,Baltimore County,3977,Baltimore County Precinct 03-007,3337,1063,721,640,3977,1,0.8390746794065879,0.1609253205934121,2193,0.2672868996731204,0.18129243148101584,0.5514206688458637
1714,Baltimore County,3393,Baltimore County Precinct 03-011,2447,853,279,946,3393,1,0.7211906867079281,0.2788093132920719,2261,0.2513999410551135,0.08222811671087533,0.6663719422340112
1715,Baltimore County,2089,Baltimore County Precinct 03-013,1842,541,320,247,2089,1,0.8817616084250838,0.11823839157491622,1228,0.2589755864049785,0.15318334131163236,0.5878410722833892
1716,Baltimore County,2964,Baltimore County Precinct 03-010,2695,1028,359,269,2964,1,0.9092442645074224,0.0907557354925776,1577,0.3468286099865047,0.12112010796221323,0.532051282051282
1717,Baltimore County,1906,Baltimore County Precinct 08-008,1709,376,360,197,1906,1,0.8966421825813221,0.10335781741867786,1170,0.19727177334732424,0.1888772298006296,0.6138509968520461
1718,Baltimore County,2959,Baltimore County Precinct 04-005,2071,503,267,888,2959,1,0.6998986143967557,0.30010138560324434,2189,0.16998986143967557,0.09023318688746199,0.7397769516728625
1719,Baltimore County,3908,Baltimore County Precinct 04-004,2966,944,431,942,3908,1,0.7589559877175026,0.24104401228249744,2533,0.24155578300921188,0.11028659160696008,0.648157625383828
1720,Baltimore County,533,Baltimore County Precinct 04-013,478,157,122,55,533,1,0.8968105065666041,0.10318949343339587,254,0.2945590994371482,0.22889305816135083,0.47654784240150094
1721,Baltimore County,433,Baltimore County Precinct 04-011,383,75,76,50,433,1,0.8845265588914549,0.11547344110854503,282,0.17321016166281755,0.17551963048498845,0.651270207852194
1722,Baltimore County,685,Baltimore County Precinct 08-023,608,185,165,77,685,1,0.8875912408759125,0.11240875912408758,335,0.27007299270072993,0.24087591240875914,0.48905109489051096
1723,Baltimore County,510,Baltimore County Precinct 08-021,438,109,129,72,510,1,0.8588235294117647,0.1411764705882353,272,0.21372549019607842,0.2529411764705882,0.5333333333333333
1724,Baltimore County,994,Baltimore County Precinct 08-024,886,249,280,108,994,1,0.8913480885311871,0.10865191146881288,465,0.2505030181086519,0.28169014084507044,0.4678068410462777
1725,Baltimore County,3725,Baltimore County Precinct 08-002,3308,659,642,417,3725,1,0.8880536912751678,0.11194630872483222,2424,0.17691275167785234,0.1723489932885906,0.6507382550335571
