,COUNTY,VAP,NAME,WVAP,BVAP,HVAP,GOV18D,GOV18R,OVAP,TOT_VOTES,factor,WVAP_pct,BVAP_pct,HVAP_pct,OVAP_pct,GOV18None,GOV18D_pct,GOV18R_pct,GOV18None_pct
424,Baltimore County,2889,Baltimore County Precinct 11-019,2270,282,61,223,630,276,2889,1,0.7857390100380754,0.0976116303219107,0.021114572516441676,0.09553478712357218,2036,0.07718933887158186,0.21806853582554517,0.704742125302873
425,Baltimore County,4130,Baltimore County Precinct 14-003,2875,634,150,423,721,471,4130,1,0.6961259079903148,0.15351089588377723,0.03631961259079903,0.11404358353510896,2986,0.10242130750605327,0.17457627118644067,0.723002421307506
426,Baltimore County,1265,Baltimore County Precinct 11-013,891,162,54,118,200,158,1265,1,0.7043478260869566,0.12806324110671938,0.042687747035573126,0.12490118577075099,947,0.0932806324110672,0.15810276679841898,0.7486166007905138
427,Baltimore County,3157,Baltimore County Precinct 15-010,2444,510,102,307,563,101,3157,1,0.774152676591701,0.16154577130186887,0.03230915426037377,0.031992397846056383,2287,0.09724421919543871,0.17833386126069053,0.7244219195438708
428,Baltimore County,5523,Baltimore County Precinct 15-005,2822,1710,469,693,1088,522,5523,1,0.5109541915625566,0.309614340032591,0.08491761723700887,0.09451385116784357,3742,0.12547528517110265,0.19699438710845554,0.6775303277204417
429,Baltimore County,1411,Baltimore County Precinct 15-009,1311,38,28,81,447,34,1411,1,0.9291282778171509,0.026931254429482635,0.019844082211197732,0.024096385542168676,883,0.057406094968107724,0.31679659815733524,0.625797306874557
430,Baltimore County,6204,Baltimore County Precinct 15-004,4276,1238,392,436,450,298,6204,1,0.6892327530625403,0.19954867827208253,0.06318504190844616,0.04803352675693101,5318,0.07027724049000644,0.0725338491295938,0.8571889103803998
431,Baltimore County,3736,Baltimore County Precinct 11-012,3099,275,85,255,927,277,3736,1,0.8294967880085653,0.07360813704496788,0.022751605995717343,0.07414346895074947,2554,0.06825481798715204,0.24812633832976447,0.6836188436830836
432,Baltimore County,2316,Baltimore County Precinct 11-007,1947,97,52,324,1195,220,2316,1,0.8406735751295337,0.041882556131260795,0.022452504317789293,0.09499136442141623,797,0.13989637305699482,0.5159758203799655,0.3441278065630397
433,Baltimore County,2818,Baltimore County Precinct 11-014,2465,96,55,152,754,202,2818,1,0.8747338537970192,0.034066713981547196,0.019517388218594747,0.0716820440028389,1912,0.0539389638041164,0.2675656493967353,0.6784953867991483
434,Baltimore County,2037,Baltimore County Precinct 11-006,1892,44,39,117,670,62,2037,1,0.9288168875797742,0.021600392734413353,0.01914580265095729,0.03043691703485518,1250,0.05743740795287187,0.3289150711831124,0.6136475208640157
435,Baltimore County,3470,Baltimore County Precinct 11-022,2749,221,66,258,1014,434,3470,1,0.7922190201729107,0.06368876080691642,0.019020172910662825,0.1250720461095101,2198,0.07435158501440922,0.2922190201729107,0.6334293948126801
436,Baltimore County,2386,Baltimore County Precinct 11-005,1880,133,50,162,756,323,2386,1,0.787929589270746,0.055741827326068735,0.020955574182732608,0.13537300922045264,1468,0.06789606035205364,0.316848281642917,0.6152556580050293
437,Baltimore County,4029,Baltimore County Precinct 11-003,3873,46,41,154,1637,69,4029,1,0.9612807148175726,0.011417225117895259,0.010176222387689253,0.01712583767684289,2238,0.038222884090345,0.4063042938694465,0.5554728220402085
438,Baltimore County,2502,Baltimore County Precinct 11-001,2338,40,30,195,994,94,2502,1,0.9344524380495604,0.01598721023181455,0.011990407673860911,0.037569944044764186,1313,0.07793764988009592,0.39728217426059154,0.5247801758593126
439,Baltimore County,300,Baltimore County Precinct 10-005,276,1,6,20,154,17,300,1,0.92,0.0033333333333333335,0.02,0.056666666666666664,126,0.06666666666666667,0.5133333333333333,0.42
440,Baltimore County,1364,Baltimore County Precinct 10-003,1284,11,25,83,448,44,1364,1,0.9413489736070382,0.008064516129032258,0.018328445747800588,0.03225806451612903,833,0.06085043988269795,0.3284457478005865,0.6107038123167156
442,Baltimore County,3090,Baltimore County Precinct 11-002,2978,14,45,136,992,53,3090,1,0.9637540453074434,0.004530744336569579,0.014563106796116505,0.01715210355987055,1962,0.04401294498381877,0.32103559870550163,0.6349514563106796
445,Baltimore County,3678,Baltimore County Precinct 15-007,2778,748,78,256,692,74,3678,1,0.7553017944535073,0.20337139749864055,0.021207177814029365,0.02011963023382273,2730,0.06960304513322457,0.1881457313757477,0.7422512234910277
446,Baltimore County,2060,Baltimore County Precinct 15-025,1956,44,30,200,979,30,2060,1,0.9495145631067962,0.021359223300970873,0.014563106796116505,0.014563106796116505,881,0.0970873786407767,0.47524271844660193,0.42766990291262136
447,Baltimore County,3091,Baltimore County Precinct 15-008,2496,440,85,253,746,70,3091,1,0.8075056615981883,0.1423487544483986,0.027499191200258816,0.022646392753154318,2092,0.08185053380782918,0.24134584276933033,0.6768036234228405
448,Baltimore County,2662,Baltimore County Precinct 15-006,2499,93,24,91,1087,46,2662,1,0.9387678437265214,0.03493613824192337,0.009015777610818933,0.01728024042073629,1484,0.034184823441021785,0.4083395942900075,0.5574755822689706
449,Baltimore County,2544,Baltimore County Precinct 11-004,1999,204,52,225,815,289,2544,1,0.7857704402515723,0.08018867924528301,0.020440251572327043,0.11360062893081761,1504,0.08844339622641509,0.3203616352201258,0.5911949685534591
450,Baltimore County,86,Baltimore County Precinct 11-020,73,7,6,0,16,0,86,1,0.8488372093023255,0.08139534883720931,0.06976744186046512,0.0,70,0.0,0.18604651162790697,0.813953488372093
560,Baltimore County,3508,Baltimore County Precinct 15-022,3315,81,38,115,1187,74,3508,1,0.9449828962371721,0.023090079817559863,0.010832383124287344,0.021094640820980615,2206,0.03278221208665907,0.33836944127708096,0.62884834663626
561,Baltimore County,4160,Baltimore County Precinct 15-021,3797,226,43,175,1319,94,4160,1,0.9127403846153846,0.05432692307692308,0.010336538461538461,0.022596153846153846,2666,0.042067307692307696,0.3170673076923077,0.6408653846153847
562,Baltimore County,4692,Baltimore County Precinct 15-020,4264,226,97,188,1134,105,4692,1,0.9087809036658141,0.04816709292412617,0.020673486786018755,0.02237851662404092,3370,0.040068201193520885,0.24168797953964194,0.7182438192668372
563,Baltimore County,2809,Baltimore County Precinct 15-015,2416,180,87,118,628,126,2809,1,0.8600925596297615,0.06407974368102527,0.03097187611249555,0.04485582057671769,2063,0.042007831968672124,0.22356710573157706,0.7344250622997508
564,Baltimore County,1897,Baltimore County Precinct 15-013,1758,41,30,67,589,68,1897,1,0.926726410121244,0.02161307327358988,0.0158144438587243,0.03584607274644175,1241,0.035318924617817604,0.3104902477596205,0.654190827622562
565,Baltimore County,2156,Baltimore County Precinct 15-012,1954,58,61,111,637,83,2156,1,0.9063079777365491,0.026901669758812616,0.02829313543599258,0.03849721706864564,1408,0.05148423005565863,0.29545454545454547,0.6530612244897959
566,Baltimore County,3144,Baltimore County Precinct 15-016,2489,372,123,159,591,160,3144,1,0.7916666666666666,0.1183206106870229,0.039122137404580155,0.05089058524173028,2394,0.05057251908396947,0.18797709923664122,0.7614503816793893
567,Baltimore County,3506,Baltimore County Precinct 15-017,1421,1699,274,595,477,112,3506,1,0.40530519110096974,0.48459783228750714,0.07815173987450086,0.03194523673702225,2434,0.1697090701654307,0.13605248146035367,0.6942384483742157
568,Baltimore County,5453,Baltimore County Precinct 15-023,1748,3206,284,623,304,215,5453,1,0.3205574912891986,0.5879332477535302,0.0520814230698698,0.03942783788740143,4526,0.11424903722721438,0.05574912891986063,0.830001833852925
569,Baltimore County,975,Baltimore County Precinct 15-024,813,86,30,65,203,46,975,1,0.8338461538461538,0.0882051282051282,0.03076923076923077,0.04717948717948718,707,0.06666666666666667,0.2082051282051282,0.7251282051282051
570,Baltimore County,2919,Baltimore County Precinct 15-018,2086,569,156,207,724,108,2919,1,0.7146282973621103,0.19492977046933882,0.05344295991778006,0.03699897225077081,1988,0.07091469681397738,0.24803014731072284,0.6810551558752997
571,Baltimore County,3443,Baltimore County Precinct 15-019,3220,122,46,153,1110,55,3443,1,0.9352309032820215,0.03543421434795237,0.01336044147545745,0.01597444089456869,2180,0.04443799012489108,0.3223932616903863,0.6331687481847226
572,Baltimore County,1739,Baltimore County Precinct 15-026,1696,7,12,61,813,24,1739,1,0.9752731454859115,0.0040253018976423235,0.006900517538815411,0.013801035077630822,865,0.035077630822311676,0.4675100632547441,0.4974123059229442
573,Baltimore County,2441,Baltimore County Precinct 12-012,2188,111,71,121,634,71,2441,1,0.8963539532978287,0.0454731667349447,0.029086439983613273,0.029086439983613273,1686,0.04956984842277755,0.25972961900860303,0.6907005325686194
577,Baltimore County,2668,Baltimore County Precinct 12-010,2310,161,108,174,581,89,2668,1,0.8658170914542729,0.0603448275862069,0.04047976011994003,0.03335832083958021,1913,0.06521739130434782,0.21776611694152923,0.717016491754123
578,Baltimore County,2639,Baltimore County Precinct 12-008,2315,97,127,105,627,100,2639,1,0.8772262220538083,0.03675634710117469,0.04812428950359985,0.037893141341417205,1907,0.03978779840848806,0.23758999621068586,0.7226222053808261
579,Baltimore County,3982,Baltimore County Precinct 12-003,3387,171,238,176,840,186,3982,1,0.8505775991963838,0.042943244600703166,0.05976896032144651,0.0467101958814666,2966,0.04419889502762431,0.21094927172275238,0.7448518332496233
580,Baltimore County,3256,Baltimore County Precinct 12-002,2763,194,175,171,591,124,3256,1,0.8485872235872236,0.05958230958230958,0.05374692874692875,0.038083538083538086,2494,0.052518427518427516,0.1815110565110565,0.765970515970516
587,Baltimore County,2846,Baltimore County Precinct 12-001,2343,167,229,135,521,107,2846,1,0.8232607167955025,0.058678847505270554,0.08046380885453268,0.03759662684469431,2190,0.04743499648629656,0.18306394940267043,0.769501054111033
588,Baltimore County,4204,Baltimore County Precinct 12-007,3764,242,92,216,971,106,4204,1,0.8953377735490009,0.05756422454804948,0.021883920076117985,0.02521408182683159,3017,0.05137963843958135,0.23097050428163654,0.7176498572787822
589,Baltimore County,3540,Baltimore County Precinct 12-006,2774,426,108,237,579,232,3540,1,0.7836158192090396,0.12033898305084746,0.030508474576271188,0.0655367231638418,2724,0.06694915254237288,0.1635593220338983,0.7694915254237288
590,Baltimore County,3308,Baltimore County Precinct 12-005,2994,128,73,128,818,113,3308,1,0.9050785973397824,0.03869407496977025,0.022067714631197097,0.034159613059250304,2362,0.03869407496977025,0.24727932285368803,0.7140266021765417
591,Baltimore County,4898,Baltimore County Precinct 12-004,4398,213,135,149,1014,152,4898,1,0.897917517354022,0.04348713760718661,0.027562270314414047,0.0310330747243773,3735,0.03042057982850143,0.2070232748060433,0.7625561453654552
592,Baltimore County,2424,Baltimore County Precinct 15-001,1845,175,303,114,323,101,2424,1,0.7611386138613861,0.0721947194719472,0.125,0.041666666666666664,1987,0.04702970297029703,0.13325082508250824,0.8197194719471947
593,Baltimore County,3263,Baltimore County Precinct 15-002,2829,174,120,186,764,140,3263,1,0.8669935642047196,0.05332516089488201,0.03677597303095311,0.04290530186944529,2313,0.05700275819797732,0.23414036163040147,0.7088568801716212
594,Baltimore County,1177,Baltimore County Precinct 15-014,1054,43,43,72,306,37,1177,1,0.8954970263381479,0.03653355989804588,0.03653355989804588,0.03143585386576041,799,0.06117247238742566,0.2599830076465591,0.6788445199660152
611,Baltimore County,1456,Baltimore County Precinct 12-009,1157,154,73,82,180,72,1456,1,0.7946428571428571,0.10576923076923077,0.05013736263736264,0.04945054945054945,1194,0.05631868131868132,0.12362637362637363,0.820054945054945
612,Baltimore County,4122,Baltimore County Precinct 12-011,3270,565,128,229,640,159,4122,1,0.7933042212518195,0.13706938379427464,0.031052886948083454,0.03857350800582242,3253,0.05555555555555555,0.15526443474041726,0.7891800097040271
613,Baltimore County,1905,Baltimore County Precinct 12-013,167,1619,45,264,62,74,1905,1,0.08766404199475065,0.8498687664041995,0.023622047244094488,0.03884514435695538,1579,0.13858267716535433,0.03254593175853018,0.8288713910761155
796,Baltimore County,1239,Baltimore County Precinct 13-006,980,160,46,91,266,53,1239,1,0.7909604519774012,0.129136400322841,0.03712671509281679,0.042776432606941084,882,0.07344632768361582,0.21468926553672316,0.711864406779661
797,Baltimore County,2979,Baltimore County Precinct 13-007,1367,940,508,242,353,164,2979,1,0.4588788183954347,0.31554212823094996,0.1705270224907687,0.055052030882846596,2384,0.08123531386371266,0.1184961396441759,0.8002685464921114
798,Baltimore County,5380,Baltimore County Precinct 13-009,3849,930,400,344,746,201,5380,1,0.7154275092936803,0.17286245353159851,0.07434944237918216,0.037360594795539034,4290,0.06394052044609666,0.13866171003717473,0.7973977695167286
804,Baltimore County,2262,Baltimore County Precinct 13-008,1953,62,144,99,629,103,2262,1,0.863395225464191,0.027409372236958444,0.0636604774535809,0.04553492484526967,1534,0.04376657824933687,0.2780725022104332,0.6781609195402298
823,Baltimore County,2920,Baltimore County Precinct 14-011,1954,629,201,292,459,136,2920,1,0.6691780821917809,0.21541095890410958,0.06883561643835616,0.04657534246575343,2169,0.1,0.15719178082191781,0.7428082191780822
824,Baltimore County,2766,Baltimore County Precinct 14-007,2061,560,69,315,609,76,2766,1,0.745119305856833,0.2024584237165582,0.024945770065075923,0.0274765003615329,1842,0.113882863340564,0.22017353579175705,0.665943600867679
825,Baltimore County,3521,Baltimore County Precinct 14-008,1352,1989,57,690,523,123,3521,1,0.38398182334564046,0.5648963362681056,0.016188582788980402,0.034933257597273504,2308,0.1959670548139733,0.1485373473445044,0.6554955978415223
829,Baltimore County,4086,Baltimore County Precinct 09-022,3162,628,100,498,908,196,4086,1,0.7738619676945668,0.15369554576603034,0.024473813020068527,0.047968673519334315,2680,0.12187958883994127,0.2222222222222222,0.6558981889378365
830,Baltimore County,2181,Baltimore County Precinct 14-012,1973,91,41,207,706,76,2181,1,0.9046309032553874,0.041723979825768,0.01879871618523613,0.03484640073360844,1268,0.09491059147180192,0.32370472260430994,0.5813846859238881
831,Baltimore County,723,Baltimore County Precinct 14-014,485,179,19,76,125,40,723,1,0.6708160442600276,0.2475795297372061,0.02627939142461964,0.05532503457814661,522,0.10511756569847856,0.17289073305670816,0.7219917012448133
832,Baltimore County,3444,Baltimore County Precinct 14-006,2936,366,70,363,920,72,3444,1,0.8524970963995354,0.10627177700348432,0.02032520325203252,0.020905923344947737,2161,0.10540069686411149,0.26713124274099886,0.6274680603948897
833,Baltimore County,2262,Baltimore County Precinct 14-001,2044,93,43,203,791,82,2262,1,0.9036251105216623,0.04111405835543767,0.01900972590627763,0.036251105216622455,1268,0.08974358974358974,0.34969053934571176,0.5605658709106985
834,Baltimore County,2561,Baltimore County Precinct 14-010,1869,473,102,292,555,117,2561,1,0.7297930495900039,0.18469347910972275,0.03982819211245607,0.04568527918781726,1714,0.11401796173369777,0.2167122217883639,0.6692698164779383
835,Baltimore County,4471,Baltimore County Precinct 14-009,1738,2050,363,710,607,320,4471,1,0.38872735405949455,0.4585104003578618,0.08118989040483113,0.07157235517781257,3154,0.15880116305077163,0.13576381122791323,0.7054350257213151
836,Baltimore County,1191,Baltimore County Precinct 14-005,540,395,63,97,98,193,1191,1,0.4534005037783375,0.3316540722082284,0.05289672544080604,0.16204869857262805,996,0.08144416456759027,0.08228379513014274,0.836272040302267
837,Baltimore County,2619,Baltimore County Precinct 11-016,1527,601,149,251,332,342,2619,1,0.5830469644902635,0.22947689957999237,0.056891943489881636,0.13058419243986255,2036,0.0958381061473845,0.1267659411989309,0.7773959526536847
838,Baltimore County,4063,Baltimore County Precinct 14-002,2593,758,107,382,760,605,4063,1,0.6381983755845434,0.18656165395028304,0.026335220280580853,0.14890475018459268,2921,0.09401919763721388,0.18705390105833128,0.7189269013044548
839,Baltimore County,3933,Baltimore County Precinct 11-011,2948,453,97,331,838,435,3933,1,0.7495550470378846,0.11517925247902365,0.024663107042969742,0.11060259344012205,2764,0.08415967454869057,0.213068904144419,0.7027714213068904
840,Baltimore County,3413,Baltimore County Precinct 09-023,2320,686,146,397,728,261,3413,1,0.6797538822150601,0.20099619103428068,0.042777615001464986,0.07647231174919426,2288,0.11631995312042191,0.21330208028127748,0.6703779665983006
841,Baltimore County,2956,Baltimore County Precinct 09-025,2214,406,82,348,715,254,2956,1,0.7489851150202977,0.13734776725304465,0.02774018944519621,0.08592692828146144,1893,0.11772665764546685,0.2418809201623816,0.6403924221921515
842,Baltimore County,2895,Baltimore County Precinct 11-009,2192,357,98,348,721,248,2895,1,0.7571675302245251,0.12331606217616581,0.03385146804835924,0.08566493955094992,1826,0.12020725388601036,0.24905008635578585,0.6307426597582038
843,Baltimore County,3895,Baltimore County Precinct 09-024,3019,460,73,435,1092,343,3895,1,0.7750962772785622,0.11810012836970475,0.018741976893453145,0.08806161745827984,2368,0.1116816431322208,0.2803594351732991,0.6079589216944801
844,Baltimore County,3694,Baltimore County Precinct 11-015,3631,16,14,139,930,33,3694,1,0.9829453167298322,0.004331348132106118,0.003789929615592853,0.008933405522468869,2625,0.0376285868976719,0.2517596101786681,0.71061180292366
845,Baltimore County,731,Baltimore County Precinct 11-021,560,77,22,67,164,72,731,1,0.7660738714090287,0.10533515731874145,0.030095759233926128,0.09849521203830369,500,0.09165526675786594,0.2243502051983584,0.6839945280437757
846,Baltimore County,2824,Baltimore County Precinct 11-008,2388,150,47,141,701,239,2824,1,0.8456090651558074,0.05311614730878187,0.016643059490084985,0.08463172804532577,1982,0.04992917847025496,0.24822946175637395,0.7018413597733711
847,Baltimore County,3720,Baltimore County Precinct 11-010,2780,490,87,318,718,363,3720,1,0.7473118279569892,0.13172043010752688,0.02338709677419355,0.09758064516129032,2684,0.08548387096774193,0.19301075268817205,0.7215053763440861
848,Baltimore County,1942,Baltimore County Precinct 11-018,1553,125,56,63,219,208,1942,1,0.7996910401647785,0.06436663233779609,0.028836251287332648,0.10710607621009269,1660,0.03244078269824923,0.11277033985581875,0.854788877445932
849,Baltimore County,3460,Baltimore County Precinct 11-017,2820,265,62,277,993,313,3460,1,0.815028901734104,0.07658959537572255,0.017919075144508672,0.09046242774566474,2190,0.0800578034682081,0.2869942196531792,0.6329479768786127
850,Baltimore County,2630,Baltimore County Precinct 15-003,2325,182,40,106,601,83,2630,1,0.8840304182509505,0.06920152091254753,0.015209125475285171,0.03155893536121673,1923,0.0403041825095057,0.2285171102661597,0.7311787072243346
851,Baltimore County,3634,Baltimore County Precinct 14-013,1814,1130,267,361,430,423,3634,1,0.4991744634012108,0.3109521188772702,0.07347275729223995,0.11640066042927903,2843,0.09933957072096863,0.11832691249312052,0.7823335167859108
852,Baltimore County,3333,Baltimore County Precinct 15-011,2680,416,108,262,642,129,3333,1,0.804080408040804,0.12481248124812482,0.032403240324032405,0.0387038703870387,2429,0.0786078607860786,0.1926192619261926,0.7287728772877288
853,Baltimore County,343,Baltimore County Precinct 14-004,274,35,9,60,122,25,343,1,0.7988338192419825,0.10204081632653061,0.026239067055393587,0.0728862973760933,161,0.1749271137026239,0.3556851311953353,0.46938775510204084
965,Baltimore County,3555,Baltimore County Precinct 08-011,2068,458,346,218,398,683,3555,1,0.5817158931082982,0.1288326300984529,0.09732770745428973,0.19212376933895922,2939,0.06132208157524613,0.1119549929676512,0.8267229254571027
966,Baltimore County,2505,Baltimore County Precinct 08-006,1379,350,218,730,486,558,2505,1,0.550499001996008,0.13972055888223553,0.08702594810379241,0.22275449101796407,1289,0.29141716566866266,0.19401197604790418,0.5145708582834332
967,Baltimore County,1757,Baltimore County Precinct 08-003,1549,38,39,212,539,131,1757,1,0.8816163915765509,0.021627774615822423,0.0221969265793967,0.07455890722822994,1006,0.12066021627774616,0.30677290836653387,0.5725668753557199
968,Baltimore County,2017,Baltimore County Precinct 08-022,1757,19,18,221,634,223,2017,1,0.8710956866633615,0.009419930589985127,0.008924144769459593,0.11056023797719385,1162,0.10956866633614279,0.3143282102131879,0.5761031234506693
969,Baltimore County,2489,Baltimore County Precinct 08-001,2208,107,48,251,874,126,2489,1,0.8871032543190036,0.042989152269987944,0.019284853354760947,0.05062274005624749,1364,0.1008437123342708,0.3511450381679389,0.5480112494977902
970,Baltimore County,1888,Baltimore County Precinct 08-025,1659,61,35,159,530,133,1888,1,0.878707627118644,0.0323093220338983,0.018538135593220338,0.0704449152542373,1199,0.08421610169491525,0.2807203389830508,0.6350635593220338
971,Baltimore County,2437,Baltimore County Precinct 08-004,2117,53,55,266,910,212,2437,1,0.8686910135412392,0.021748050882232254,0.02256873204759951,0.08699220352892902,1261,0.10915059499384488,0.37340993024210095,0.5174394747640542
972,Baltimore County,1477,Baltimore County Precinct 10-002,1372,10,25,126,501,70,1477,1,0.9289099526066351,0.006770480704129994,0.016926201760324982,0.04739336492890995,850,0.08530805687203792,0.3392010832769127,0.5754908598510494
973,Baltimore County,1876,Baltimore County Precinct 10-004,1797,14,22,109,671,43,1876,1,0.9578891257995735,0.007462686567164179,0.011727078891257996,0.022921108742004266,1096,0.05810234541577825,0.35767590618336886,0.5842217484008528
974,Baltimore County,3018,Baltimore County Precinct 10-001,2857,49,46,205,1050,66,3018,1,0.9466534128561962,0.016235917826375082,0.015241882041086813,0.02186878727634195,1763,0.06792577866136515,0.34791252485089463,0.5841616964877402
975,Baltimore County,3508,Baltimore County Precinct 05-001,3315,53,77,238,1399,63,3508,1,0.9449828962371721,0.015108323831242873,0.02194982896237172,0.01795895096921323,1871,0.06784492588369441,0.39880273660205245,0.5333523375142531
976,Baltimore County,1975,Baltimore County Precinct 06-001,1875,41,18,147,864,41,1975,1,0.9493670886075949,0.020759493670886076,0.009113924050632912,0.020759493670886076,964,0.07443037974683545,0.43746835443037974,0.4881012658227848
977,Baltimore County,2338,Baltimore County Precinct 06-002,2220,41,30,163,1026,47,2338,1,0.9495295124037639,0.017536355859709155,0.01283147989734816,0.020102651839178785,1149,0.06971770744225834,0.4388366124893071,0.4914456800684346
978,Baltimore County,2472,Baltimore County Precinct 07-003,2274,95,38,212,1041,65,2472,1,0.9199029126213593,0.03843042071197411,0.015372168284789644,0.026294498381877023,1219,0.08576051779935275,0.4211165048543689,0.4931229773462783
979,Baltimore County,1071,Baltimore County Precinct 07-002,1032,12,6,91,557,21,1071,1,0.9635854341736695,0.011204481792717087,0.0056022408963585435,0.0196078431372549,423,0.08496732026143791,0.5200746965452848,0.3949579831932773
980,Baltimore County,3153,Baltimore County Precinct 07-001,2987,61,47,228,1370,58,3153,1,0.9473517285125278,0.01934665398033619,0.014906438312718047,0.018395179194418014,1555,0.07231208372978117,0.43450681890263243,0.4931810973675864
989,Baltimore County,3836,Baltimore County Precinct 09-020,464,3064,142,730,251,166,3836,1,0.12095933263816476,0.7987486965589156,0.0370177267987487,0.043274244004171014,2855,0.1903023983315954,0.06543274244004171,0.7442648592283628
990,Baltimore County,2342,Baltimore County Precinct 09-028,897,1264,113,418,261,68,2342,1,0.38300597779675494,0.5397096498719044,0.04824935952177626,0.029035012809564473,1663,0.1784799316823228,0.11144321093082835,0.7100768573868489
991,Baltimore County,2528,Baltimore County Precinct 09-019,1774,492,100,423,524,162,2528,1,0.7017405063291139,0.19462025316455697,0.03955696202531646,0.06408227848101265,1581,0.1673259493670886,0.20727848101265822,0.6253955696202531
996,Baltimore County,3661,Baltimore County Precinct 09-021,3095,342,92,437,1005,132,3661,1,0.8453974323955203,0.09341709915323682,0.025129745971046162,0.036055722480196666,2219,0.11936629336246928,0.2745151597924064,0.6061185468451242
997,Baltimore County,2909,Baltimore County Precinct 09-029,2172,442,98,59,10,197,2909,1,0.7466483327603988,0.1519422481952561,0.03368855276727398,0.06772086627707116,2840,0.020281883808869028,0.0034376074252320385,0.9762805087658989
998,Baltimore County,2194,Baltimore County Precinct 09-012,1804,90,81,305,536,219,2194,1,0.8222424794895169,0.04102096627164995,0.03691886964448496,0.09981768459434823,1353,0.1390154968094804,0.24430264357338194,0.6166818596171376
999,Baltimore County,2160,Baltimore County Precinct 09-007,1829,60,68,265,844,203,2160,1,0.8467592592592592,0.027777777777777776,0.03148148148148148,0.09398148148148149,1051,0.12268518518518519,0.3907407407407407,0.48657407407407405
1000,Baltimore County,2993,Baltimore County Precinct 09-011,2118,525,116,402,466,234,2993,1,0.707651186100902,0.17540928833945874,0.03875709989976612,0.07818242565987303,2125,0.13431339792849983,0.15569662545940527,0.7099899766120948
1001,Baltimore County,5056,Baltimore County Precinct 09-010,3865,608,158,741,932,425,5056,1,0.7644382911392406,0.12025316455696203,0.03125,0.08405854430379747,3383,0.14655854430379747,0.1843354430379747,0.6691060126582279
1002,Baltimore County,1644,Baltimore County Precinct 08-015,1440,16,69,221,653,119,1644,1,0.8759124087591241,0.009732360097323601,0.041970802919708027,0.07238442822384428,770,0.13442822384428224,0.39720194647201945,0.4683698296836983
1003,Baltimore County,1925,Baltimore County Precinct 08-014,1650,79,43,148,543,153,1925,1,0.8571428571428571,0.04103896103896104,0.022337662337662337,0.07948051948051948,1234,0.07688311688311689,0.2820779220779221,0.6410389610389611
1004,Baltimore County,2163,Baltimore County Precinct 08-012,1905,30,31,277,907,197,2163,1,0.8807212205270458,0.013869625520110958,0.014331946370781322,0.09107720758206195,979,0.12806287563569116,0.41932501155802127,0.45261211280628755
1005,Baltimore County,5466,Baltimore County Precinct 08-005,3011,1565,359,37,242,531,5466,1,0.5508598609586535,0.2863154043175997,0.06567874130991584,0.09714599341383096,5187,0.00676911818514453,0.04427369191364801,0.9489571899012075
1006,Baltimore County,1075,Baltimore County Precinct 09-016,915,79,37,148,367,44,1075,1,0.8511627906976744,0.07348837209302325,0.03441860465116279,0.04093023255813953,560,0.13767441860465116,0.3413953488372093,0.5209302325581395
1007,Baltimore County,1627,Baltimore County Precinct 09-017,1118,309,66,270,339,134,1627,1,0.6871542716656422,0.189920098340504,0.040565457897971724,0.08236017209588199,1018,0.16594960049170251,0.20835894283958206,0.6256914566687154
1008,Baltimore County,26,Baltimore County Precinct 09-027,20,6,0,2,4,0,26,1,0.7692307692307693,0.23076923076923078,0.0,0.0,20,0.07692307692307693,0.15384615384615385,0.7692307692307693
1009,Baltimore County,2576,Baltimore County Precinct 09-018,1975,375,100,424,535,126,2576,1,0.7666925465838509,0.1455745341614907,0.03881987577639751,0.04891304347826087,1617,0.16459627329192547,0.20768633540372672,0.6277173913043478
1010,Baltimore County,1631,Baltimore County Precinct 09-009,1412,30,35,202,778,154,1631,1,0.8657265481299816,0.018393623543838136,0.02145922746781116,0.0944206008583691,651,0.12385039852851011,0.47700797057020233,0.39914163090128757
1011,Baltimore County,1132,Baltimore County Precinct 09-026,975,36,7,172,426,114,1132,1,0.8613074204946997,0.03180212014134275,0.006183745583038869,0.10070671378091872,534,0.1519434628975265,0.3763250883392226,0.4717314487632509
1012,Baltimore County,1592,Baltimore County Precinct 09-008,1465,25,20,200,725,82,1592,1,0.9202261306532663,0.015703517587939697,0.01256281407035176,0.05150753768844221,667,0.12562814070351758,0.45540201005025127,0.41896984924623115
1013,Baltimore County,2194,Baltimore County Precinct 08-007,1336,264,257,352,495,337,2194,1,0.6089334548769371,0.1203281677301732,0.11713764813126709,0.1536007292616226,1347,0.16043755697356427,0.22561531449407474,0.613947128532361
1021,Baltimore County,3216,Baltimore County Precinct 09-003,2807,101,104,629,852,204,3216,1,0.8728233830845771,0.03140547263681592,0.03233830845771144,0.06343283582089553,1735,0.19558457711442787,0.26492537313432835,0.5394900497512438
1022,Baltimore County,3358,Baltimore County Precinct 03-008,2894,192,42,437,771,230,3358,1,0.8618225134008338,0.05717689100655152,0.012507444907683145,0.0684931506849315,2150,0.13013698630136986,0.22960095294818345,0.6402620607504467
1023,Baltimore County,2600,Baltimore County Precinct 09-001,2400,52,31,374,849,117,2600,1,0.9230769230769231,0.02,0.011923076923076923,0.045,1377,0.14384615384615385,0.32653846153846156,0.5296153846153846
1024,Baltimore County,2246,Baltimore County Precinct 08-017,2079,47,31,302,974,89,2246,1,0.9256455921638468,0.020926090828138913,0.013802315227070348,0.0396260017809439,970,0.13446126447016918,0.43365983971504896,0.43187889581478184
1025,Baltimore County,879,Baltimore County Precinct 08-018,784,4,19,91,410,72,879,1,0.8919226393629124,0.004550625711035267,0.02161547212741752,0.08191126279863481,378,0.10352673492605233,0.4664391353811149,0.4300341296928328
1026,Baltimore County,2530,Baltimore County Precinct 08-019,2247,22,33,211,920,228,2530,1,0.8881422924901186,0.008695652173913044,0.013043478260869565,0.09011857707509881,1399,0.08339920948616601,0.36363636363636365,0.5529644268774704
1027,Baltimore County,2751,Baltimore County Precinct 08-009,2153,43,56,295,1084,499,2751,1,0.7826245001817521,0.015630679752817157,0.020356234096692113,0.18138858596873864,1372,0.10723373318793167,0.3940385314431116,0.49872773536895676
1028,Baltimore County,2173,Baltimore County Precinct 08-010,1965,30,37,231,844,141,2173,1,0.9042797975149562,0.013805798435342844,0.017027151403589506,0.06488725264611137,1098,0.1063046479521399,0.38840312931431203,0.5052922227335481
1029,Baltimore County,1707,Baltimore County Precinct 08-020,1487,46,32,149,450,142,1707,1,0.8711189220855302,0.026947861745752782,0.018746338605741066,0.08318687756297598,1108,0.08728763913298183,0.26362038664323373,0.6490919742237844
1030,Baltimore County,1541,Baltimore County Precinct 09-002,1463,16,19,187,696,43,1541,1,0.9493835171966256,0.010382868267358857,0.012329656067488644,0.027903958468526932,658,0.12134977287475665,0.4516547696301103,0.426995457495133
1031,Baltimore County,4116,Baltimore County Precinct 09-004,3440,330,109,347,615,237,4116,1,0.8357628765792031,0.08017492711370262,0.026482021379980562,0.0575801749271137,3154,0.08430515063168124,0.14941690962099125,0.7662779397473275
1032,Baltimore County,3650,Baltimore County Precinct 09-005,3293,142,57,495,993,158,3650,1,0.9021917808219178,0.03890410958904109,0.015616438356164384,0.04328767123287671,2162,0.13561643835616438,0.2720547945205479,0.5923287671232876
1033,Baltimore County,6430,Baltimore County Precinct 09-006,4497,1173,360,214,254,400,6430,1,0.6993779160186625,0.18242612752721618,0.05598755832037325,0.06220839813374806,5962,0.03328149300155521,0.039502332814930013,0.9272161741835148
1034,Baltimore County,621,Baltimore County Precinct 08-016,526,29,11,176,312,55,621,1,0.8470209339774557,0.04669887278582931,0.017713365539452495,0.08856682769726248,133,0.2834138486312399,0.5024154589371981,0.214170692431562
1035,Baltimore County,2667,Baltimore County Precinct 08-013,2348,46,75,305,908,198,2667,1,0.880389951256093,0.01724784401949756,0.0281214848143982,0.07424071991001124,1454,0.11436070491188602,0.34045744281964757,0.5451818522684665
1058,Baltimore County,2581,Baltimore County Precinct 09-014,1807,376,143,572,555,255,2581,1,0.7001162340178225,0.14567996900426192,0.055404881828748545,0.09879891514916699,1454,0.22161952731499418,0.21503293297171638,0.5633475397132894
1059,Baltimore County,2145,Baltimore County Precinct 09-013,2025,33,32,478,792,55,2145,1,0.9440559440559441,0.015384615384615385,0.014918414918414918,0.02564102564102564,875,0.22284382284382284,0.36923076923076925,0.40792540792540793
1065,Baltimore County,3415,Baltimore County Precinct 09-015,1933,1018,98,532,502,366,3415,1,0.5660322108345535,0.2980966325036603,0.02869692532942899,0.10717423133235725,2381,0.15578330893118594,0.14699853587115666,0.6972181551976574
1093,Baltimore County,4060,Baltimore County Precinct 03-009,2908,465,104,671,817,583,4060,1,0.716256157635468,0.1145320197044335,0.02561576354679803,0.1435960591133005,2572,0.16527093596059114,0.20123152709359607,0.6334975369458128
1138,Baltimore County,2293,Baltimore County Precinct 02-005,122,2036,53,605,174,82,2293,1,0.053205407762756216,0.8879197557784562,0.02311382468382032,0.035761011774967294,1514,0.26384648931530746,0.07588312254688181,0.6602703881378107
1139,Baltimore County,2631,Baltimore County Precinct 02-009,196,2213,105,523,148,117,2631,1,0.07449638920562524,0.8411250475104523,0.039908779931584946,0.04446978335233751,1960,0.19878373242113265,0.05625237552261497,0.7449638920562524
1140,Baltimore County,3860,Baltimore County Precinct 02-014,432,3149,86,841,270,193,3860,1,0.11191709844559586,0.8158031088082901,0.02227979274611399,0.05,2749,0.2178756476683938,0.06994818652849741,0.7121761658031088
1141,Baltimore County,578,Baltimore County Precinct 02-025,458,105,7,159,240,8,578,1,0.7923875432525952,0.18166089965397925,0.012110726643598616,0.01384083044982699,179,0.2750865051903114,0.41522491349480967,0.3096885813148789
1142,Baltimore County,398,Baltimore County Precinct 02-028,16,358,9,72,15,15,398,1,0.04020100502512563,0.8994974874371859,0.022613065326633167,0.03768844221105527,311,0.18090452261306533,0.03768844221105527,0.7814070351758794
1143,Baltimore County,2934,Baltimore County Precinct 02-007,310,2447,70,615,167,107,2934,1,0.1056578050443081,0.8340149965916837,0.023858214042263123,0.03646898432174506,2152,0.20961145194274028,0.0569188820722563,0.7334696659850034
1144,Baltimore County,532,Baltimore County Precinct 02-023,170,347,7,107,84,8,532,1,0.31954887218045114,0.6522556390977443,0.013157894736842105,0.015037593984962405,341,0.20112781954887218,0.15789473684210525,0.6409774436090225
1145,Baltimore County,2750,Baltimore County Precinct 02-008,424,2183,59,693,247,84,2750,1,0.15418181818181817,0.7938181818181819,0.021454545454545455,0.030545454545454546,1810,0.252,0.08981818181818182,0.6581818181818182
1146,Baltimore County,1761,Baltimore County Precinct 03-014,1271,356,55,165,358,79,1761,1,0.7217490062464509,0.2021578648495173,0.031232254400908575,0.044860874503123226,1238,0.09369676320272573,0.20329358319136853,0.7030096536059057
1147,Baltimore County,3988,Baltimore County Precinct 02-029,1361,2003,125,582,270,499,3988,1,0.34127382146439317,0.5022567703109327,0.03134403209628887,0.12512537612838515,3136,0.14593781344032097,0.06770310932798396,0.7863590772316951
1148,Baltimore County,2503,Baltimore County Precinct 02-026,1337,838,71,455,276,257,2503,1,0.5341590091889732,0.3347982421094686,0.02836596084698362,0.10267678785457451,1772,0.18178186176588093,0.11026767878545746,0.7079504594486616
1149,Baltimore County,4357,Baltimore County Precinct 04-001,2178,1442,330,621,396,407,4357,1,0.4998852421390865,0.3309616708744549,0.0757401882028919,0.09341289878356668,3340,0.14252926325453294,0.09088822584347028,0.7665825109019968
1150,Baltimore County,4438,Baltimore County Precinct 02-015,1185,2644,138,954,371,471,4438,1,0.26701216764308244,0.5957638575935106,0.031095087877422264,0.10612888688598468,3113,0.2149616944569626,0.083596214511041,0.7014420910319964
1151,Baltimore County,4253,Baltimore County Precinct 04-002,1859,1521,481,599,478,392,4253,1,0.4371032212555843,0.3576299083000235,0.11309663766752881,0.09217023277686338,3176,0.1408417587585234,0.112391253233012,0.7467669880084646
1152,Baltimore County,6218,Baltimore County Precinct 04-014,2105,2762,773,540,229,578,6218,1,0.3385332904470891,0.44419427468639433,0.12431650048247024,0.09295593438404631,5449,0.08684464458025089,0.03682856223866195,0.8763267931810872
1153,Baltimore County,2859,Baltimore County Precinct 03-012,1558,961,148,439,317,192,2859,1,0.5449457852395942,0.3361315145155649,0.051766351871283665,0.06715634837355719,2103,0.1535501923749563,0.11087792934592515,0.7355718782791185
1154,Baltimore County,3010,Baltimore County Precinct 04-003,2691,188,50,307,719,81,3010,1,0.8940199335548172,0.06245847176079734,0.016611295681063124,0.026910299003322258,1984,0.10199335548172757,0.2388704318936877,0.6591362126245848
1155,Baltimore County,3867,Baltimore County Precinct 02-002,159,3495,116,593,150,97,3867,1,0.041117145073700546,0.9038013964313422,0.029997414016033102,0.02508404447892423,3124,0.15334884923713474,0.038789759503491075,0.8078613912593742
1156,Baltimore County,3676,Baltimore County Precinct 02-004,165,3314,102,663,193,95,3676,1,0.04488574537540805,0.9015233949945594,0.027747551686615888,0.025843307943416757,2820,0.18035908596300326,0.05250272034820457,0.7671381936887922
1157,Baltimore County,1730,Baltimore County Precinct 02-001,101,1562,34,420,131,33,1730,1,0.05838150289017341,0.9028901734104047,0.019653179190751446,0.01907514450867052,1179,0.24277456647398843,0.07572254335260116,0.6815028901734104
1158,Baltimore County,3654,Baltimore County Precinct 03-001,569,2958,48,808,319,79,3654,1,0.15571975916803504,0.8095238095238095,0.013136288998357963,0.02162014230979748,2527,0.22112753147235906,0.0873015873015873,0.6915708812260536
1159,Baltimore County,1886,Baltimore County Precinct 03-004,949,706,101,384,334,130,1886,1,0.5031813361611877,0.3743372216330859,0.0535524920466596,0.0689289501590668,1168,0.20360551431601273,0.17709437963944857,0.6193001060445387
1160,Baltimore County,2455,Baltimore County Precinct 03-003,535,1747,91,670,267,82,2455,1,0.21792260692464357,0.7116089613034623,0.03706720977596741,0.03340122199592668,1518,0.2729124236252546,0.10875763747454176,0.6183299389002037
1161,Baltimore County,3558,Baltimore County Precinct 03-005,2386,943,80,444,465,149,3558,1,0.670601461495222,0.2650365373805509,0.022484541877459248,0.04187745924676785,2649,0.12478920741989882,0.13069139966273188,0.7445193929173693
1162,Baltimore County,2978,Baltimore County Precinct 03-002,1405,1280,183,541,305,110,2978,1,0.4717931497649429,0.4298186702484889,0.06145063801208865,0.036937541974479515,2132,0.1816655473472129,0.10241773002014776,0.7159167226326394
1171,Baltimore County,1541,Baltimore County Precinct 02-019,893,522,56,154,392,70,1541,1,0.5794938351719663,0.33874107722258273,0.036340038935756006,0.045425048669695,995,0.099935107073329,0.254380272550292,0.645684620376379
1172,Baltimore County,1285,Baltimore County Precinct 02-018,223,990,11,331,174,61,1285,1,0.1735408560311284,0.7704280155642024,0.008560311284046693,0.047470817120622566,780,0.25758754863813227,0.13540856031128404,0.6070038910505836
1173,Baltimore County,37,Baltimore County Precinct 02-022,11,24,2,11,13,0,37,1,0.2972972972972973,0.6486486486486487,0.05405405405405406,0.0,13,0.2972972972972973,0.35135135135135137,0.35135135135135137
1174,Baltimore County,823,Baltimore County Precinct 02-020,304,461,15,179,153,43,823,1,0.36938031591737547,0.560145808019441,0.018226002430133656,0.05224787363304982,491,0.2174969623329283,0.1859052247873633,0.5965978128797084
1175,Baltimore County,4946,Baltimore County Precinct 02-012,664,3997,109,851,294,176,4946,1,0.13424989890820865,0.808127780024262,0.0220380105135463,0.03558431055398301,3801,0.1720582288718156,0.059441973311767086,0.7684997978164173
1176,Baltimore County,2695,Baltimore County Precinct 02-024,283,2260,55,686,196,97,2695,1,0.10500927643784787,0.8385899814471243,0.02040816326530612,0.03599257884972171,1813,0.2545454545454545,0.07272727272727272,0.6727272727272727
1177,Baltimore County,1072,Baltimore County Precinct 02-021,779,242,15,134,388,36,1072,1,0.726679104477612,0.22574626865671643,0.013992537313432836,0.033582089552238806,550,0.125,0.3619402985074627,0.5130597014925373
1178,Baltimore County,2206,Baltimore County Precinct 02-027,459,1450,68,551,218,229,2206,1,0.20806890299184044,0.657298277425204,0.030825022665457842,0.10380779691749774,1437,0.2497733454215775,0.09882139619220308,0.6514052583862194
1179,Baltimore County,2794,Baltimore County Precinct 04-012,1642,825,99,739,649,228,2794,1,0.5876879026485325,0.2952755905511811,0.03543307086614173,0.0816034359341446,1406,0.26449534717251255,0.23228346456692914,0.5032211882605584
1180,Baltimore County,3497,Baltimore County Precinct 04-006,2072,878,321,369,446,226,3497,1,0.5925078638833285,0.25107234772662285,0.09179296539891335,0.06462682299113526,2682,0.10551901629968545,0.127537889619674,0.7669430940806405
1183,Baltimore County,4554,Baltimore County Precinct 04-007,2661,1238,353,583,756,302,4554,1,0.5843214756258235,0.27184892402283706,0.07751427316644707,0.0663153271848924,3215,0.1280193236714976,0.16600790513833993,0.7059727711901624
1184,Baltimore County,2479,Baltimore County Precinct 04-010,1427,701,139,300,335,212,2479,1,0.5756353368293666,0.2827753126260589,0.056070996369503835,0.08551835417507059,1844,0.12101653892698669,0.13513513513513514,0.7438483259378782
1185,Baltimore County,4026,Baltimore County Precinct 04-008,3005,543,214,377,764,264,4026,1,0.7463984103328366,0.13487332339791355,0.053154495777446596,0.06557377049180328,2885,0.09364133134624938,0.18976651763537009,0.7165921510183805
1186,Baltimore County,1997,Baltimore County Precinct 04-009,1790,90,65,158,704,52,1997,1,0.8963445167751627,0.045067601402103155,0.03254882323485228,0.026039058587881823,1135,0.07911867801702553,0.3525287931897847,0.5683525287931898
1194,Baltimore County,5767,Baltimore County Precinct 02-011,1008,4226,185,971,374,348,5767,1,0.17478758453268597,0.7327900121380267,0.03207907057395526,0.06034333275533206,4422,0.16837177041789492,0.06485174267383388,0.7667764869082712
1195,Baltimore County,4341,Baltimore County Precinct 02-010,384,3649,133,918,271,175,4341,1,0.0884588804422944,0.8405897258696153,0.030638101819857176,0.040313291868233125,3152,0.21147201105736005,0.06242801197880673,0.7260999769638332
1196,Baltimore County,3194,Baltimore County Precinct 02-017,337,2615,96,655,267,146,3194,1,0.10551033187226048,0.8187226048841578,0.03005635566687539,0.045710707576706325,2272,0.20507201001878522,0.08359423919849718,0.7113337507827175
1197,Baltimore County,1512,Baltimore County Precinct 02-016,259,1154,26,373,124,73,1512,1,0.1712962962962963,0.7632275132275133,0.017195767195767195,0.04828042328042328,1015,0.2466931216931217,0.082010582010582,0.6712962962962963
1198,Baltimore County,3573,Baltimore County Precinct 02-013,562,2694,134,750,275,183,3573,1,0.15729079205149735,0.7539882451721243,0.037503498460677305,0.051217464315701094,2548,0.20990764063811923,0.07696613490064372,0.7131262244612371
1199,Baltimore County,3132,Baltimore County Precinct 02-003,421,2387,165,533,203,159,3132,1,0.13441890166028098,0.76213282247765,0.05268199233716475,0.05076628352490421,2396,0.17017879948914433,0.06481481481481481,0.7650063856960408
1200,Baltimore County,3378,Baltimore County Precinct 02-006,350,2796,126,769,243,106,3378,1,0.10361160449970397,0.827708703374778,0.037300177619893425,0.03137951450562463,2366,0.2276494967436353,0.0719360568383659,0.7004144464179988
1350,Baltimore County,4946,Baltimore County Precinct 01-017,607,3096,355,958,322,888,4946,1,0.12272543469470279,0.6259603720177922,0.07177517185604529,0.17953902143145978,3666,0.19369187221997575,0.06510311362717347,0.7412050141528508
1351,Baltimore County,3184,Baltimore County Precinct 01-012,2973,73,57,381,984,81,3184,1,0.9337311557788944,0.02292713567839196,0.017902010050251257,0.02543969849246231,1819,0.1196608040201005,0.30904522613065327,0.5712939698492462
1352,Baltimore County,2703,Baltimore County Precinct 01-011,2226,170,66,350,868,241,2703,1,0.8235294117647058,0.06289308176100629,0.0244173140954495,0.08916019237883832,1485,0.12948575656677766,0.3211246762856086,0.5493895671476138
1353,Baltimore County,2485,Baltimore County Precinct 01-013,2365,26,33,390,844,61,2485,1,0.9517102615694165,0.010462776659959759,0.013279678068410463,0.02454728370221328,1251,0.15694164989939638,0.33963782696177064,0.503420523138833
1354,Baltimore County,3127,Baltimore County Precinct 01-010,2439,437,138,456,778,113,3127,1,0.7799808122801407,0.13975055964182923,0.044131755676367124,0.03613687240166293,1893,0.14582667093060442,0.24880076750879437,0.6053725615606013
1355,Baltimore County,3549,Baltimore County Precinct 01-003,1415,1304,145,620,484,685,3549,1,0.3987038602423218,0.36742744435052127,0.04085657931811778,0.19301211608903918,2445,0.17469709777402084,0.13637644406875177,0.6889264581572274
1356,Baltimore County,3716,Baltimore County Precinct 01-004,1339,1597,183,686,520,597,3716,1,0.36033369214208827,0.4297631862217438,0.0492465016146394,0.16065662002152853,2510,0.18460710441334768,0.13993541442411195,0.6754574811625403
1357,Baltimore County,2265,Baltimore County Precinct 01-002,437,1438,119,430,152,271,2265,1,0.19293598233995585,0.634878587196468,0.052538631346578366,0.1196467991169978,1683,0.18984547461368653,0.06710816777041943,0.743046357615894
1361,Baltimore County,5998,Baltimore County Precinct 01-014,3956,809,201,211,731,1032,5998,1,0.6595531843947983,0.13487829276425475,0.033511170390130046,0.17205735245081694,5056,0.0351783927975992,0.12187395798599533,0.8429476492164054
1362,Baltimore County,2893,Baltimore County Precinct 13-004,2610,109,45,223,780,129,2893,1,0.9021776702385067,0.03767715174559281,0.015554787417905289,0.04459039059799516,1890,0.07708261320428621,0.2696163152436917,0.6533010715520221
1363,Baltimore County,3240,Baltimore County Precinct 13-003,2835,217,70,209,681,118,3240,1,0.875,0.0669753086419753,0.021604938271604937,0.03641975308641975,2350,0.06450617283950617,0.2101851851851852,0.7253086419753086
1364,Baltimore County,2641,Baltimore County Precinct 13-002,2319,76,42,146,528,204,2641,1,0.8780764861794774,0.02877697841726619,0.015903067020068155,0.07724346838318819,1967,0.05528209011737978,0.19992427110942826,0.7447936387731919
1365,Baltimore County,2840,Baltimore County Precinct 13-005,2397,272,52,223,764,119,2840,1,0.8440140845070423,0.09577464788732394,0.018309859154929577,0.041901408450704225,1853,0.07852112676056339,0.26901408450704223,0.6524647887323943
1366,Baltimore County,3604,Baltimore County Precinct 01-009,1703,1406,259,430,493,236,3604,1,0.47253052164261933,0.39012208657047726,0.0718645948945616,0.06548279689234185,2681,0.1193118756936737,0.13679245283018868,0.7438956714761377
1367,Baltimore County,3870,Baltimore County Precinct 01-015,2674,622,91,456,686,483,3870,1,0.6909560723514212,0.1607235142118863,0.023514211886304908,0.1248062015503876,2728,0.11782945736434108,0.1772609819121447,0.7049095607235142
1368,Baltimore County,2349,Baltimore County Precinct 01-007,1200,790,67,408,337,292,2349,1,0.5108556832694764,0.33631332481907195,0.02852277564921243,0.12430821626223926,1604,0.17369093231162197,0.14346530438484462,0.6828437633035335
1369,Baltimore County,4333,Baltimore County Precinct 01-008,3296,614,124,615,761,299,4333,1,0.7606738979921532,0.14170320793907223,0.028617585968151397,0.06900530810062312,2957,0.14193399492268635,0.1756288945303485,0.6824371105469651
1370,Baltimore County,4435,Baltimore County Precinct 01-005,1415,2347,303,758,434,370,4435,1,0.31905298759864714,0.5291995490417136,0.06832018038331454,0.0834272829763247,3243,0.170913190529876,0.09785794813979706,0.7312288613303269
1371,Baltimore County,4619,Baltimore County Precinct 01-001,871,3333,201,820,275,214,4619,1,0.1885689543191167,0.7215847586057588,0.04351591253518078,0.04633037453994371,3524,0.1775276033773544,0.05953669625460056,0.762935700368045
1372,Baltimore County,4031,Baltimore County Precinct 01-006,733,3105,91,1002,349,102,4031,1,0.18184073430910444,0.7702803274621682,0.022575043413545028,0.025303894815182335,2680,0.24857355494914413,0.08657901265194741,0.6648474323989084
1373,Baltimore County,4012,Baltimore County Precinct 13-001,2036,724,170,265,446,1082,4012,1,0.5074775672981057,0.18045862412761715,0.0423728813559322,0.269690927218345,3301,0.0660518444666002,0.11116650049850449,0.8227816550348953
1374,Baltimore County,2661,Baltimore County Precinct 01-016,2481,106,33,270,704,41,2661,1,0.9323562570462233,0.03983464862833521,0.012401352874859075,0.015407741450582487,1687,0.10146561443066517,0.26456219466366027,0.6339721909056746
1708,Baltimore County,2385,Baltimore County Precinct 03-006,2216,82,38,243,703,49,2385,1,0.929140461215933,0.034381551362683435,0.015932914046121592,0.020545073375262055,1439,0.1018867924528302,0.2947589098532495,0.6033542976939203
1713,Baltimore County,3977,Baltimore County Precinct 03-007,3337,200,92,338,1335,348,3977,1,0.8390746794065879,0.050289162685441285,0.023133014835302994,0.08750314307266784,2304,0.08498868493839577,0.3356801609253206,0.5793311541362837
1714,Baltimore County,3393,Baltimore County Precinct 03-011,2447,682,92,419,579,172,3393,1,0.7211906867079281,0.20100206307102858,0.027114647804302977,0.05069260241674035,2395,0.12348953728264073,0.17064544650751548,0.7058650162098438
1715,Baltimore County,2089,Baltimore County Precinct 03-013,1842,61,37,200,574,149,2089,1,0.8817616084250838,0.02920057443752992,0.01771182383915749,0.07132599329822882,1315,0.09573958831977022,0.27477261847774054,0.6294877932024893
1716,Baltimore County,2964,Baltimore County Precinct 03-010,2695,123,23,405,829,123,2964,1,0.9092442645074224,0.04149797570850203,0.00775978407557355,0.04149797570850203,1730,0.13663967611336034,0.27968960863697706,0.5836707152496626
1717,Baltimore County,1906,Baltimore County Precinct 08-008,1709,53,32,139,568,112,1906,1,0.8966421825813221,0.027806925498426022,0.016789087093389297,0.05876180482686254,1199,0.07292759706190975,0.29800629590766003,0.6290661070304302
1718,Baltimore County,2959,Baltimore County Precinct 04-005,2071,526,151,387,450,211,2959,1,0.6998986143967557,0.17776275768840824,0.051030753632984115,0.07130787428185198,2122,0.1307874281851977,0.15207840486650895,0.7171341669482934
1719,Baltimore County,3908,Baltimore County Precinct 04-004,2966,541,134,506,854,267,3908,1,0.7589559877175026,0.13843398157625383,0.03428863868986694,0.06832139201637666,2548,0.12947799385875128,0.21852610030706243,0.6519959058341863
1720,Baltimore County,533,Baltimore County Precinct 04-013,478,18,10,70,250,27,533,1,0.8968105065666041,0.03377110694183865,0.01876172607879925,0.05065666041275797,213,0.13133208255159476,0.46904315196998125,0.399624765478424
1721,Baltimore County,433,Baltimore County Precinct 04-011,383,21,15,33,166,14,433,1,0.8845265588914549,0.04849884526558892,0.03464203233256351,0.03233256351039261,234,0.07621247113163972,0.3833718244803695,0.5404157043879908
1722,Baltimore County,685,Baltimore County Precinct 08-023,608,27,7,50,276,43,685,1,0.8875912408759125,0.03941605839416058,0.010218978102189781,0.06277372262773723,359,0.072992700729927,0.4029197080291971,0.5240875912408759
1723,Baltimore County,510,Baltimore County Precinct 08-021,438,9,5,39,223,58,510,1,0.8588235294117647,0.01764705882352941,0.00980392156862745,0.11372549019607843,248,0.07647058823529412,0.4372549019607843,0.48627450980392156
1724,Baltimore County,994,Baltimore County Precinct 08-024,886,18,15,76,434,75,994,1,0.8913480885311871,0.018108651911468814,0.015090543259557344,0.07545271629778671,484,0.07645875251509054,0.43661971830985913,0.4869215291750503
1725,Baltimore County,3725,Baltimore County Precinct 08-002,3308,67,62,236,1202,288,3725,1,0.8880536912751678,0.017986577181208052,0.01664429530201342,0.07731543624161073,2287,0.06335570469798658,0.3226845637583893,0.6139597315436242
