,COUNTY,VAP,NAME,WVAP,SEN16PD_CV,SEN16PD_DE,OVAP,TOT_VOTES,factor,WVAP_pct,OVAP_pct,SEN16PDNone,SEN16PD_CV_pct,SEN16PD_DE_pct,SEN16PDNone_pct
424,Baltimore County,2889,Baltimore County Precinct 11-019,2270,187,88,619,2889,1,0.7857390100380754,0.21426098996192455,2614,0.0647282796815507,0.03046036690896504,0.9048113534094843
425,Baltimore County,4130,Baltimore County Precinct 14-003,2875,230,160,1255,4130,1,0.6961259079903148,0.30387409200968524,3740,0.05569007263922518,0.0387409200968523,0.9055690072639225
426,Baltimore County,1265,Baltimore County Precinct 11-013,891,69,35,374,1265,1,0.7043478260869566,0.2956521739130435,1161,0.05454545454545454,0.02766798418972332,0.9177865612648222
427,Baltimore County,3157,Baltimore County Precinct 15-010,2444,177,140,713,3157,1,0.774152676591701,0.22584732340829902,2840,0.056065885334178014,0.04434589800443459,0.8995882166613874
428,Baltimore County,5523,Baltimore County Precinct 15-005,2822,351,336,2701,5523,1,0.5109541915625566,0.48904580843744344,4836,0.06355241716458447,0.060836501901140684,0.8756110809342749
429,Baltimore County,1411,Baltimore County Precinct 15-009,1311,111,40,100,1411,1,0.9291282778171509,0.07087172218284904,1260,0.07866761162296244,0.028348688873139617,0.892983699503898
430,Baltimore County,6204,Baltimore County Precinct 15-004,4276,150,175,1928,6204,1,0.6892327530625403,0.3107672469374597,5879,0.024177949709864602,0.028207607994842038,0.9476144422952933
431,Baltimore County,3736,Baltimore County Precinct 11-012,3099,263,75,637,3736,1,0.8294967880085653,0.1705032119914347,3398,0.07039614561027838,0.02007494646680942,0.9095289079229122
432,Baltimore County,2316,Baltimore County Precinct 11-007,1947,371,114,369,2316,1,0.8406735751295337,0.15932642487046633,1831,0.16018998272884283,0.04922279792746114,0.790587219343696
433,Baltimore County,2818,Baltimore County Precinct 11-014,2465,187,59,353,2818,1,0.8747338537970192,0.12526614620298085,2572,0.06635911994322215,0.020936834634492547,0.9127040454222853
434,Baltimore County,2037,Baltimore County Precinct 11-006,1892,170,41,145,2037,1,0.9288168875797742,0.07118311242022582,1826,0.08345606283750613,0.020127638684339717,0.8964162984781542
435,Baltimore County,3470,Baltimore County Precinct 11-022,2749,204,85,721,3470,1,0.7922190201729107,0.20778097982708935,3181,0.058789625360230545,0.024495677233429394,0.91671469740634
436,Baltimore County,2386,Baltimore County Precinct 11-005,1880,131,55,506,2386,1,0.787929589270746,0.21207041072925398,2200,0.05490360435875943,0.02305113160100587,0.9220452640402347
437,Baltimore County,4029,Baltimore County Precinct 11-003,3873,280,59,156,4029,1,0.9612807148175726,0.0387192851824274,3690,0.06949615289153636,0.014643832216430876,0.9158600148920327
438,Baltimore County,2502,Baltimore County Precinct 11-001,2338,214,53,164,2502,1,0.9344524380495604,0.06554756195043965,2235,0.08553157474020784,0.021183053557154278,0.8932853717026379
439,Baltimore County,300,Baltimore County Precinct 10-005,276,52,8,24,300,1,0.92,0.08,240,0.17333333333333334,0.02666666666666667,0.8
440,Baltimore County,1364,Baltimore County Precinct 10-003,1284,151,33,80,1364,1,0.9413489736070382,0.05865102639296188,1180,0.11070381231671554,0.024193548387096774,0.8651026392961877
442,Baltimore County,3090,Baltimore County Precinct 11-002,2978,239,45,112,3090,1,0.9637540453074434,0.036245954692556634,2806,0.0773462783171521,0.014563106796116505,0.9080906148867314
445,Baltimore County,3678,Baltimore County Precinct 15-007,2778,187,149,900,3678,1,0.7553017944535073,0.24469820554649266,3342,0.05084284937466014,0.04051114736269712,0.9086460032626428
446,Baltimore County,2060,Baltimore County Precinct 15-025,1956,171,66,104,2060,1,0.9495145631067962,0.05048543689320388,1823,0.08300970873786408,0.03203883495145631,0.8849514563106796
447,Baltimore County,3091,Baltimore County Precinct 15-008,2496,183,121,595,3091,1,0.8075056615981883,0.1924943384018117,2787,0.059204141054674864,0.03914590747330961,0.9016499514720155
448,Baltimore County,2662,Baltimore County Precinct 15-006,2499,241,45,163,2662,1,0.9387678437265214,0.06123215627347859,2376,0.09053343350864013,0.0169045830202855,0.8925619834710744
449,Baltimore County,2544,Baltimore County Precinct 11-004,1999,135,74,545,2544,1,0.7857704402515723,0.21422955974842767,2335,0.05306603773584906,0.02908805031446541,0.9178459119496856
450,Baltimore County,86,Baltimore County Precinct 11-020,73,4,1,13,86,1,0.8488372093023255,0.1511627906976744,81,0.046511627906976744,0.011627906976744186,0.9418604651162791
560,Baltimore County,3508,Baltimore County Precinct 15-022,3315,299,75,193,3508,1,0.9449828962371721,0.05501710376282782,3134,0.08523375142531357,0.021379703534777653,0.8933865450399088
561,Baltimore County,4160,Baltimore County Precinct 15-021,3797,362,119,363,4160,1,0.9127403846153846,0.08725961538461538,3679,0.08701923076923077,0.02860576923076923,0.884375
562,Baltimore County,4692,Baltimore County Precinct 15-020,4264,353,97,428,4692,1,0.9087809036658141,0.09121909633418585,4242,0.07523444160272805,0.020673486786018755,0.9040920716112532
563,Baltimore County,2809,Baltimore County Precinct 15-015,2416,166,59,393,2809,1,0.8600925596297615,0.13990744037023853,2584,0.05909576361694553,0.021003915984336062,0.9199003203987184
564,Baltimore County,1897,Baltimore County Precinct 15-013,1758,174,34,139,1897,1,0.926726410121244,0.07327358987875593,1689,0.09172377438060095,0.017923036373220874,0.8903531892461781
565,Baltimore County,2156,Baltimore County Precinct 15-012,1954,186,39,202,2156,1,0.9063079777365491,0.09369202226345083,1931,0.0862708719851577,0.018089053803339517,0.8956400742115028
566,Baltimore County,3144,Baltimore County Precinct 15-016,2489,143,79,655,3144,1,0.7916666666666666,0.20833333333333334,2922,0.045483460559796435,0.025127226463104325,0.9293893129770993
567,Baltimore County,3506,Baltimore County Precinct 15-017,1421,176,283,2085,3506,1,0.40530519110096974,0.5946948088990303,3047,0.05019965772960639,0.08071876782658301,0.8690815744438106
568,Baltimore County,5453,Baltimore County Precinct 15-023,1748,154,338,3705,5453,1,0.3205574912891986,0.6794425087108014,4961,0.028241335044929396,0.06198422886484504,0.9097744360902256
569,Baltimore County,975,Baltimore County Precinct 15-024,813,55,29,162,975,1,0.8338461538461538,0.16615384615384615,891,0.05641025641025641,0.029743589743589743,0.9138461538461539
570,Baltimore County,2919,Baltimore County Precinct 15-018,2086,181,113,833,2919,1,0.7146282973621103,0.2853717026378897,2625,0.06200753682768071,0.03871188763275094,0.8992805755395683
571,Baltimore County,3443,Baltimore County Precinct 15-019,3220,303,62,223,3443,1,0.9352309032820215,0.06476909671797851,3078,0.08800464711007842,0.018007551553877434,0.8939878013360442
572,Baltimore County,1739,Baltimore County Precinct 15-026,1696,175,28,43,1739,1,0.9752731454859115,0.024726854514088556,1536,0.10063254744105808,0.016101207590569294,0.8832662449683726
573,Baltimore County,2441,Baltimore County Precinct 12-012,2188,187,65,253,2441,1,0.8963539532978287,0.10364604670217124,2189,0.0766079475624744,0.02662843097091356,0.896763621466612
577,Baltimore County,2668,Baltimore County Precinct 12-010,2310,182,99,358,2668,1,0.8658170914542729,0.13418290854572715,2387,0.068215892053973,0.03710644677661169,0.8946776611694153
578,Baltimore County,2639,Baltimore County Precinct 12-008,2315,194,65,324,2639,1,0.8772262220538083,0.12277377794619174,2380,0.07351269420234938,0.024630541871921183,0.9018567639257294
579,Baltimore County,3982,Baltimore County Precinct 12-003,3387,224,81,595,3982,1,0.8505775991963838,0.14942240080361627,3677,0.0562531391260673,0.020341536916122553,0.9234053239578102
580,Baltimore County,3256,Baltimore County Precinct 12-002,2763,227,80,493,3256,1,0.8485872235872236,0.15141277641277642,2949,0.06971744471744472,0.02457002457002457,0.9057125307125307
587,Baltimore County,2846,Baltimore County Precinct 12-001,2343,143,39,503,2846,1,0.8232607167955025,0.17673928320449753,2664,0.050245959241040056,0.013703443429374561,0.9360505973295854
588,Baltimore County,4204,Baltimore County Precinct 12-007,3764,310,102,440,4204,1,0.8953377735490009,0.10466222645099905,3792,0.07373929590865842,0.024262607040913417,0.9019980970504282
589,Baltimore County,3540,Baltimore County Precinct 12-006,2774,185,97,766,3540,1,0.7836158192090396,0.21638418079096045,3258,0.052259887005649715,0.027401129943502824,0.9203389830508475
590,Baltimore County,3308,Baltimore County Precinct 12-005,2994,265,74,314,3308,1,0.9050785973397824,0.09492140266021766,2969,0.08010882708585249,0.022370012091898428,0.8975211608222491
591,Baltimore County,4898,Baltimore County Precinct 12-004,4398,302,92,500,4898,1,0.897917517354022,0.10208248264597795,4504,0.06165781951817068,0.018783176806859942,0.9195590036749693
592,Baltimore County,2424,Baltimore County Precinct 15-001,1845,122,53,579,2424,1,0.7611386138613861,0.23886138613861385,2249,0.05033003300330033,0.021864686468646866,0.9278052805280528
593,Baltimore County,3263,Baltimore County Precinct 15-002,2829,202,81,434,3263,1,0.8669935642047196,0.1330064357952804,2980,0.06190622126877107,0.02482378179589335,0.9132699969353356
594,Baltimore County,1177,Baltimore County Precinct 15-014,1054,66,22,123,1177,1,0.8954970263381479,0.10450297366185217,1089,0.056074766355140186,0.018691588785046728,0.9252336448598131
611,Baltimore County,1456,Baltimore County Precinct 12-009,1157,65,27,299,1456,1,0.7946428571428571,0.20535714285714285,1364,0.044642857142857144,0.018543956043956044,0.9368131868131868
612,Baltimore County,4122,Baltimore County Precinct 12-011,3270,230,103,852,4122,1,0.7933042212518195,0.2066957787481805,3789,0.05579815623483746,0.024987869966035903,0.9192139737991266
613,Baltimore County,1905,Baltimore County Precinct 12-013,167,74,168,1738,1905,1,0.08766404199475065,0.9123359580052494,1663,0.03884514435695538,0.08818897637795275,0.8729658792650918
796,Baltimore County,1239,Baltimore County Precinct 13-006,980,61,43,259,1239,1,0.7909604519774012,0.20903954802259886,1135,0.04923325262308313,0.03470540758676352,0.9160613397901534
797,Baltimore County,2979,Baltimore County Precinct 13-007,1367,124,116,1612,2979,1,0.4588788183954347,0.5411211816045652,2739,0.04162470627727426,0.03893924135615979,0.919436052366566
798,Baltimore County,5380,Baltimore County Precinct 13-009,3849,233,161,1531,5380,1,0.7154275092936803,0.2845724907063197,4986,0.04330855018587361,0.02992565055762082,0.9267657992565056
804,Baltimore County,2262,Baltimore County Precinct 13-008,1953,144,48,309,2262,1,0.863395225464191,0.13660477453580902,2070,0.0636604774535809,0.021220159151193633,0.9151193633952255
823,Baltimore County,2920,Baltimore County Precinct 14-011,1954,217,132,966,2920,1,0.6691780821917809,0.3308219178082192,2571,0.07431506849315068,0.045205479452054796,0.8804794520547945
824,Baltimore County,2766,Baltimore County Precinct 14-007,2061,214,116,705,2766,1,0.745119305856833,0.25488069414316705,2436,0.07736804049168475,0.04193781634128706,0.8806941431670282
825,Baltimore County,3521,Baltimore County Precinct 14-008,1352,289,351,2169,3521,1,0.38398182334564046,0.6160181766543595,2881,0.08207895484237432,0.09968758875319511,0.8182334564044306
829,Baltimore County,4086,Baltimore County Precinct 09-022,3162,350,203,924,4086,1,0.7738619676945668,0.2261380323054332,3533,0.08565834557023984,0.04968184043073911,0.864659813999021
830,Baltimore County,2181,Baltimore County Precinct 14-012,1973,209,59,208,2181,1,0.9046309032553874,0.09536909674461257,1913,0.0958276020174232,0.0270518110958276,0.8771205868867492
831,Baltimore County,723,Baltimore County Precinct 14-014,485,53,39,238,723,1,0.6708160442600276,0.32918395573997233,631,0.07330567081604426,0.05394190871369295,0.8727524204702628
832,Baltimore County,3444,Baltimore County Precinct 14-006,2936,373,139,508,3444,1,0.8524970963995354,0.14750290360046459,2932,0.10830429732868757,0.040360046457607435,0.851335656213705
833,Baltimore County,2262,Baltimore County Precinct 14-001,2044,220,62,218,2262,1,0.9036251105216623,0.09637488947833775,1980,0.09725906277630415,0.027409372236958444,0.8753315649867374
834,Baltimore County,2561,Baltimore County Precinct 14-010,1869,266,153,692,2561,1,0.7297930495900039,0.2702069504099961,2142,0.10386567746973838,0.059742288168684106,0.8363920343615775
835,Baltimore County,4471,Baltimore County Precinct 14-009,1738,269,333,2733,4471,1,0.38872735405949455,0.6112726459405055,3869,0.06016551107134869,0.0744799821069112,0.8653545068217401
836,Baltimore County,1191,Baltimore County Precinct 14-005,540,28,68,651,1191,1,0.4534005037783375,0.5465994962216625,1095,0.023509655751469353,0.05709487825356843,0.9193954659949622
837,Baltimore County,2619,Baltimore County Precinct 11-016,1527,91,109,1092,2619,1,0.5830469644902635,0.41695303550973656,2419,0.034746086292478044,0.041618938526155023,0.923634975181367
838,Baltimore County,4063,Baltimore County Precinct 14-002,2593,263,190,1470,4063,1,0.6381983755845434,0.36180162441545655,3610,0.06473049470834359,0.04676347526458282,0.8885060300270736
839,Baltimore County,3933,Baltimore County Precinct 11-011,2948,220,134,985,3933,1,0.7495550470378846,0.25044495296211544,3579,0.05593694380879736,0.03407068395626748,0.9099923722349351
840,Baltimore County,3413,Baltimore County Precinct 09-023,2320,311,154,1093,3413,1,0.6797538822150601,0.32024611778493994,2948,0.09112217990038089,0.04512159390565485,0.8637562261939643
841,Baltimore County,2956,Baltimore County Precinct 09-025,2214,259,129,742,2956,1,0.7489851150202977,0.2510148849797023,2568,0.08761840324763194,0.043640054127198916,0.8687415426251691
842,Baltimore County,2895,Baltimore County Precinct 11-009,2192,234,136,703,2895,1,0.7571675302245251,0.24283246977547496,2525,0.08082901554404145,0.04697754749568221,0.8721934369602763
843,Baltimore County,3895,Baltimore County Precinct 09-024,3019,448,151,876,3895,1,0.7750962772785622,0.22490372272143774,3296,0.11501925545571245,0.03876765083440308,0.8462130937098845
844,Baltimore County,3694,Baltimore County Precinct 11-015,3631,439,38,63,3694,1,0.9829453167298322,0.01705468327016784,3217,0.11884136437466161,0.01028695181375203,0.8708716838115863
845,Baltimore County,731,Baltimore County Precinct 11-021,560,33,41,171,731,1,0.7660738714090287,0.23392612859097128,657,0.04514363885088919,0.0560875512995896,0.8987688098495212
846,Baltimore County,2824,Baltimore County Precinct 11-008,2388,174,62,436,2824,1,0.8456090651558074,0.15439093484419264,2588,0.06161473087818697,0.021954674220963172,0.9164305949008499
847,Baltimore County,3720,Baltimore County Precinct 11-010,2780,226,111,940,3720,1,0.7473118279569892,0.25268817204301075,3383,0.06075268817204301,0.029838709677419355,0.9094086021505376
848,Baltimore County,1942,Baltimore County Precinct 11-018,1553,53,19,389,1942,1,0.7996910401647785,0.20030895983522143,1870,0.02729145211122554,0.009783728115345005,0.9629248197734295
849,Baltimore County,3460,Baltimore County Precinct 11-017,2820,267,115,640,3460,1,0.815028901734104,0.18497109826589594,3078,0.07716763005780347,0.033236994219653176,0.8895953757225433
850,Baltimore County,2630,Baltimore County Precinct 15-003,2325,169,64,305,2630,1,0.8840304182509505,0.11596958174904944,2397,0.06425855513307985,0.024334600760456272,0.9114068441064639
851,Baltimore County,3634,Baltimore County Precinct 14-013,1814,176,137,1820,3634,1,0.4991744634012108,0.5008255365987893,3321,0.048431480462300495,0.03769950467804073,0.9138690148596588
852,Baltimore County,3333,Baltimore County Precinct 15-011,2680,195,91,653,3333,1,0.804080408040804,0.19591959195919592,3047,0.05850585058505851,0.027302730273027303,0.9141914191419142
853,Baltimore County,343,Baltimore County Precinct 14-004,274,47,16,69,343,1,0.7988338192419825,0.20116618075801748,280,0.13702623906705538,0.04664723032069971,0.8163265306122449
965,Baltimore County,3555,Baltimore County Precinct 08-011,2068,150,71,1487,3555,1,0.5817158931082982,0.4182841068917018,3334,0.04219409282700422,0.019971870604781998,0.9378340365682137
966,Baltimore County,2505,Baltimore County Precinct 08-006,1379,274,318,1126,2505,1,0.550499001996008,0.449500998003992,1913,0.1093812375249501,0.12694610778443113,0.7636726546906187
967,Baltimore County,1757,Baltimore County Precinct 08-003,1549,194,46,208,1757,1,0.8816163915765509,0.11838360842344905,1517,0.11041548093340922,0.02618099032441662,0.8634035287421742
968,Baltimore County,2017,Baltimore County Precinct 08-022,1757,274,57,260,2017,1,0.8710956866633615,0.12890431333663857,1686,0.13584531482399603,0.02825979176995538,0.8358948934060486
969,Baltimore County,2489,Baltimore County Precinct 08-001,2208,201,57,281,2489,1,0.8871032543190036,0.11289674568099639,2231,0.08075532342306146,0.022900763358778626,0.8963439132181599
970,Baltimore County,1888,Baltimore County Precinct 08-025,1659,148,53,229,1888,1,0.878707627118644,0.12129237288135593,1687,0.07838983050847458,0.028072033898305086,0.8935381355932204
971,Baltimore County,2437,Baltimore County Precinct 08-004,2117,321,71,320,2437,1,0.8686910135412392,0.13130898645876077,2045,0.1317193270414444,0.029134181370537547,0.839146491588018
972,Baltimore County,1477,Baltimore County Precinct 10-002,1372,149,32,105,1477,1,0.9289099526066351,0.07109004739336493,1296,0.1008801624915369,0.021665538253215978,0.8774542992552471
973,Baltimore County,1876,Baltimore County Precinct 10-004,1797,184,41,79,1876,1,0.9578891257995735,0.04211087420042644,1651,0.09808102345415778,0.02185501066098081,0.8800639658848614
974,Baltimore County,3018,Baltimore County Precinct 10-001,2857,243,62,161,3018,1,0.9466534128561962,0.053346587143803845,2713,0.0805168986083499,0.02054340622929092,0.8989396951623592
975,Baltimore County,3508,Baltimore County Precinct 05-001,3315,245,60,193,3508,1,0.9449828962371721,0.05501710376282782,3203,0.06984036488027366,0.01710376282782212,0.9130558722919042
976,Baltimore County,1975,Baltimore County Precinct 06-001,1875,139,49,100,1975,1,0.9493670886075949,0.05063291139240506,1787,0.07037974683544304,0.02481012658227848,0.9048101265822784
977,Baltimore County,2338,Baltimore County Precinct 06-002,2220,203,53,118,2338,1,0.9495295124037639,0.0504704875962361,2082,0.08682634730538923,0.022668947818648418,0.8905047048759623
978,Baltimore County,2472,Baltimore County Precinct 07-003,2274,235,68,198,2472,1,0.9199029126213593,0.08009708737864078,2169,0.09506472491909385,0.02750809061488673,0.8774271844660194
979,Baltimore County,1071,Baltimore County Precinct 07-002,1032,138,32,39,1071,1,0.9635854341736695,0.036414565826330535,901,0.12885154061624648,0.029878618113912233,0.8412698412698413
980,Baltimore County,3153,Baltimore County Precinct 07-001,2987,259,62,166,3153,1,0.9473517285125278,0.05264827148747225,2832,0.08214398985093561,0.019663812242308912,0.8981921979067554
989,Baltimore County,3836,Baltimore County Precinct 09-020,464,227,375,3372,3836,1,0.12095933263816476,0.8790406673618353,3234,0.05917622523461939,0.09775808133472368,0.843065693430657
990,Baltimore County,2342,Baltimore County Precinct 09-028,897,173,200,1445,2342,1,0.38300597779675494,0.6169940222032451,1969,0.07386848847139198,0.08539709649871904,0.840734415029889
991,Baltimore County,2528,Baltimore County Precinct 09-019,1774,198,151,754,2528,1,0.7017405063291139,0.29825949367088606,2179,0.07832278481012658,0.05973101265822785,0.8619462025316456
996,Baltimore County,3661,Baltimore County Precinct 09-021,3095,370,138,566,3661,1,0.8453974323955203,0.15460256760447966,3153,0.10106528270964217,0.03769461895656925,0.8612400983337886
997,Baltimore County,2909,Baltimore County Precinct 09-029,2172,16,29,737,2909,1,0.7466483327603988,0.25335166723960123,2864,0.005500171880371262,0.009969061533172912,0.9845307665864558
998,Baltimore County,2194,Baltimore County Precinct 09-012,1804,279,91,390,2194,1,0.8222424794895169,0.17775752051048313,1824,0.12716499544211485,0.0414767547857794,0.8313582497721057
999,Baltimore County,2160,Baltimore County Precinct 09-007,1829,284,92,331,2160,1,0.8467592592592592,0.15324074074074073,1784,0.13148148148148148,0.04259259259259259,0.825925925925926
1000,Baltimore County,2993,Baltimore County Precinct 09-011,2118,247,133,875,2993,1,0.707651186100902,0.2923488138990979,2613,0.0825258937520882,0.04443701971266288,0.8730370865352489
1001,Baltimore County,5056,Baltimore County Precinct 09-010,3865,553,233,1191,5056,1,0.7644382911392406,0.2355617088607595,4270,0.109375,0.046083860759493674,0.8445411392405063
1002,Baltimore County,1644,Baltimore County Precinct 08-015,1440,251,56,204,1644,1,0.8759124087591241,0.12408759124087591,1337,0.152676399026764,0.0340632603406326,0.8132603406326034
1003,Baltimore County,1925,Baltimore County Precinct 08-014,1650,179,55,275,1925,1,0.8571428571428571,0.14285714285714285,1691,0.09298701298701299,0.02857142857142857,0.8784415584415585
1004,Baltimore County,2163,Baltimore County Precinct 08-012,1905,336,82,258,2163,1,0.8807212205270458,0.11927877947295423,1745,0.1553398058252427,0.03791030975496995,0.8067498844197873
1005,Baltimore County,5466,Baltimore County Precinct 08-005,3011,91,15,2455,5466,1,0.5508598609586535,0.44914013904134653,5360,0.01664837175265276,0.0027442371020856204,0.9806073911452616
1006,Baltimore County,1075,Baltimore County Precinct 09-016,915,140,54,160,1075,1,0.8511627906976744,0.14883720930232558,881,0.13023255813953488,0.05023255813953489,0.8195348837209302
1007,Baltimore County,1627,Baltimore County Precinct 09-017,1118,162,88,509,1627,1,0.6871542716656422,0.3128457283343577,1377,0.09956976029502151,0.054087277197295634,0.8463429625076828
1008,Baltimore County,26,Baltimore County Precinct 09-027,20,2,2,6,26,1,0.7692307692307693,0.23076923076923078,22,0.07692307692307693,0.07692307692307693,0.8461538461538461
1009,Baltimore County,2576,Baltimore County Precinct 09-018,1975,249,128,601,2576,1,0.7666925465838509,0.23330745341614906,2199,0.09666149068322981,0.049689440993788817,0.8536490683229814
1010,Baltimore County,1631,Baltimore County Precinct 09-009,1412,250,42,219,1631,1,0.8657265481299816,0.1342734518700184,1339,0.15328019619865113,0.02575107296137339,0.8209687308399755
1011,Baltimore County,1132,Baltimore County Precinct 09-026,975,153,55,157,1132,1,0.8613074204946997,0.13869257950530034,924,0.1351590106007067,0.04858657243816254,0.8162544169611308
1012,Baltimore County,1592,Baltimore County Precinct 09-008,1465,260,48,127,1592,1,0.9202261306532663,0.07977386934673367,1284,0.16331658291457288,0.03015075376884422,0.8065326633165829
1013,Baltimore County,2194,Baltimore County Precinct 08-007,1336,197,155,858,2194,1,0.6089334548769371,0.3910665451230629,1842,0.08979033728350046,0.07064721969006381,0.8395624430264357
1021,Baltimore County,3216,Baltimore County Precinct 09-003,2807,604,166,409,3216,1,0.8728233830845771,0.1271766169154229,2446,0.18781094527363185,0.05161691542288557,0.7605721393034826
1022,Baltimore County,3358,Baltimore County Precinct 03-008,2894,628,119,464,3358,1,0.8618225134008338,0.13817748659916618,2611,0.18701608100059558,0.03543776057176891,0.7775461584276355
1023,Baltimore County,2600,Baltimore County Precinct 09-001,2400,450,55,200,2600,1,0.9230769230769231,0.07692307692307693,2095,0.17307692307692307,0.021153846153846155,0.8057692307692308
1024,Baltimore County,2246,Baltimore County Precinct 08-017,2079,299,66,167,2246,1,0.9256455921638468,0.07435440783615316,1881,0.13312555654496883,0.029385574354407838,0.8374888691006234
1025,Baltimore County,879,Baltimore County Precinct 08-018,784,148,16,95,879,1,0.8919226393629124,0.1080773606370876,715,0.16837315130830488,0.01820250284414107,0.8134243458475541
1026,Baltimore County,2530,Baltimore County Precinct 08-019,2247,275,58,283,2530,1,0.8881422924901186,0.11185770750988143,2197,0.10869565217391304,0.02292490118577075,0.8683794466403162
1027,Baltimore County,2751,Baltimore County Precinct 08-009,2153,361,88,598,2751,1,0.7826245001817521,0.2173754998182479,2302,0.1312250090876045,0.03198836786623046,0.836786623046165
1028,Baltimore County,2173,Baltimore County Precinct 08-010,1965,245,71,208,2173,1,0.9042797975149562,0.09572020248504372,1857,0.11274735388863323,0.03267372296364473,0.854578923147722
1029,Baltimore County,1707,Baltimore County Precinct 08-020,1487,157,41,220,1707,1,0.8711189220855302,0.12888107791446984,1509,0.09197422378441711,0.02401874633860574,0.8840070298769771
1030,Baltimore County,1541,Baltimore County Precinct 09-002,1463,269,56,78,1541,1,0.9493835171966256,0.050616482803374434,1216,0.1745619727449708,0.036340038935756006,0.7890979883192732
1031,Baltimore County,4116,Baltimore County Precinct 09-004,3440,342,77,676,4116,1,0.8357628765792031,0.16423712342079688,3697,0.08309037900874636,0.01870748299319728,0.8982021379980564
1032,Baltimore County,3650,Baltimore County Precinct 09-005,3293,523,107,357,3650,1,0.9021917808219178,0.09780821917808219,3020,0.14328767123287672,0.029315068493150687,0.8273972602739726
1033,Baltimore County,6430,Baltimore County Precinct 09-006,4497,95,55,1933,6430,1,0.6993779160186625,0.3006220839813375,6280,0.014774494556765163,0.008553654743390357,0.9766718506998445
1034,Baltimore County,621,Baltimore County Precinct 08-016,526,145,39,95,621,1,0.8470209339774557,0.1529790660225443,437,0.23349436392914655,0.06280193236714976,0.7037037037037037
1035,Baltimore County,2667,Baltimore County Precinct 08-013,2348,309,104,319,2667,1,0.880389951256093,0.11961004874390702,2254,0.11586051743532058,0.03899512560929884,0.8451443569553806
1058,Baltimore County,2581,Baltimore County Precinct 09-014,1807,499,141,774,2581,1,0.7001162340178225,0.2998837659821775,1941,0.19333591631150718,0.054629988376598215,0.7520340953118946
1059,Baltimore County,2145,Baltimore County Precinct 09-013,2025,483,93,120,2145,1,0.9440559440559441,0.055944055944055944,1569,0.22517482517482518,0.043356643356643354,0.7314685314685314
1065,Baltimore County,3415,Baltimore County Precinct 09-015,1933,314,206,1482,3415,1,0.5660322108345535,0.43396778916544654,2895,0.09194729136163983,0.060322108345534406,0.8477306002928258
1093,Baltimore County,4060,Baltimore County Precinct 03-009,2908,624,189,1152,4060,1,0.716256157635468,0.28374384236453204,3247,0.15369458128078817,0.04655172413793104,0.7997536945812808
1138,Baltimore County,2293,Baltimore County Precinct 02-005,122,199,374,2171,2293,1,0.053205407762756216,0.9467945922372438,1720,0.0867858700392499,0.16310510248582644,0.7501090274749237
1139,Baltimore County,2631,Baltimore County Precinct 02-009,196,110,318,2435,2631,1,0.07449638920562524,0.9255036107943747,2203,0.04180919802356518,0.12086659064994298,0.8373242113264918
1140,Baltimore County,3860,Baltimore County Precinct 02-014,432,291,535,3428,3860,1,0.11191709844559586,0.8880829015544042,3034,0.07538860103626943,0.13860103626943004,0.7860103626943005
1141,Baltimore County,578,Baltimore County Precinct 02-025,458,199,54,120,578,1,0.7923875432525952,0.20761245674740483,325,0.34429065743944637,0.09342560553633218,0.5622837370242214
1142,Baltimore County,398,Baltimore County Precinct 02-028,16,11,42,382,398,1,0.04020100502512563,0.9597989949748744,345,0.02763819095477387,0.10552763819095477,0.8668341708542714
1143,Baltimore County,2934,Baltimore County Precinct 02-007,310,136,360,2624,2934,1,0.1056578050443081,0.8943421949556919,2438,0.046353101567825496,0.12269938650306748,0.830947511929107
1144,Baltimore County,532,Baltimore County Precinct 02-023,170,46,69,362,532,1,0.31954887218045114,0.6804511278195489,417,0.08646616541353383,0.12969924812030076,0.7838345864661654
1145,Baltimore County,2750,Baltimore County Precinct 02-008,424,231,489,2326,2750,1,0.15418181818181817,0.8458181818181818,2030,0.084,0.17781818181818182,0.7381818181818182
1146,Baltimore County,1761,Baltimore County Precinct 03-014,1271,224,72,490,1761,1,0.7217490062464509,0.2782509937535491,1465,0.12720045428733673,0.04088586030664395,0.8319136854060193
1147,Baltimore County,3988,Baltimore County Precinct 02-029,1361,193,346,2627,3988,1,0.34127382146439317,0.6587261785356068,3449,0.04839518555667001,0.08676028084252758,0.8648445336008024
1148,Baltimore County,2503,Baltimore County Precinct 02-026,1337,214,232,1166,2503,1,0.5341590091889732,0.46584099081102676,2057,0.08549740311626049,0.0926887734718338,0.8218138234119057
1149,Baltimore County,4357,Baltimore County Precinct 04-001,2178,215,308,2179,4357,1,0.4998852421390865,0.5001147578609135,3834,0.04934588019279321,0.07069084232269911,0.8799632774845076
1150,Baltimore County,4438,Baltimore County Precinct 02-015,1185,211,586,3253,4438,1,0.26701216764308244,0.7329878323569176,3641,0.04754393871113114,0.13204146011716988,0.820414601171699
1151,Baltimore County,4253,Baltimore County Precinct 04-002,1859,295,292,2394,4253,1,0.4371032212555843,0.5628967787444157,3666,0.06936280272748648,0.06865741829296967,0.8619797789795438
1152,Baltimore County,6218,Baltimore County Precinct 04-014,2105,169,286,4113,6218,1,0.3385332904470891,0.6614667095529109,5763,0.02717915728530074,0.0459954969443551,0.9268253457703441
1153,Baltimore County,2859,Baltimore County Precinct 03-012,1558,197,209,1301,2859,1,0.5449457852395942,0.45505421476040575,2453,0.0689052116124519,0.07310248338579924,0.8579923050017488
1154,Baltimore County,3010,Baltimore County Precinct 04-003,2691,556,120,319,3010,1,0.8940199335548172,0.10598006644518272,2334,0.18471760797342193,0.03986710963455149,0.7754152823920266
1155,Baltimore County,3867,Baltimore County Precinct 02-002,159,201,494,3708,3867,1,0.041117145073700546,0.9588828549262994,3172,0.051978277734678044,0.12774760796483062,0.8202741143004914
1156,Baltimore County,3676,Baltimore County Precinct 02-004,165,192,462,3511,3676,1,0.04488574537540805,0.955114254624592,3022,0.05223068552774755,0.12568008705114256,0.8220892274211099
1157,Baltimore County,1730,Baltimore County Precinct 02-001,101,115,342,1629,1730,1,0.05838150289017341,0.9416184971098266,1273,0.06647398843930635,0.1976878612716763,0.7358381502890173
1158,Baltimore County,3654,Baltimore County Precinct 03-001,569,265,615,3085,3654,1,0.15571975916803504,0.844280240831965,2774,0.07252326217843459,0.1683087027914614,0.759168035030104
1159,Baltimore County,1886,Baltimore County Precinct 03-004,949,219,203,937,1886,1,0.5031813361611877,0.4968186638388123,1464,0.11611876988335101,0.10763520678685047,0.7762460233297985
1160,Baltimore County,2455,Baltimore County Precinct 03-003,535,238,467,1920,2455,1,0.21792260692464357,0.7820773930753564,1750,0.09694501018329939,0.19022403258655804,0.7128309572301426
1161,Baltimore County,3558,Baltimore County Precinct 03-005,2386,410,225,1172,3558,1,0.670601461495222,0.32939853850477796,2923,0.11523327712197864,0.06323777403035413,0.8215289488476673
1162,Baltimore County,2978,Baltimore County Precinct 03-002,1405,318,285,1573,2978,1,0.4717931497649429,0.5282068502350571,2375,0.10678307588985897,0.0957018132975151,0.7975151108126259
1171,Baltimore County,1541,Baltimore County Precinct 02-019,893,109,65,648,1541,1,0.5794938351719663,0.42050616482803377,1367,0.07073329007138222,0.04218040233614536,0.8870863075924724
1172,Baltimore County,1285,Baltimore County Precinct 02-018,223,112,214,1062,1285,1,0.1735408560311284,0.8264591439688715,959,0.08715953307392996,0.16653696498054474,0.7463035019455253
1173,Baltimore County,37,Baltimore County Precinct 02-022,11,7,6,26,37,1,0.2972972972972973,0.7027027027027027,24,0.1891891891891892,0.16216216216216217,0.6486486486486487
1174,Baltimore County,823,Baltimore County Precinct 02-020,304,86,134,519,823,1,0.36938031591737547,0.6306196840826246,603,0.10449574726609964,0.16281895504252733,0.732685297691373
1175,Baltimore County,4946,Baltimore County Precinct 02-012,664,240,581,4282,4946,1,0.13424989890820865,0.8657501010917914,4125,0.04852405984634048,0.11746866154468256,0.8340072786089769
1176,Baltimore County,2695,Baltimore County Precinct 02-024,283,157,377,2412,2695,1,0.10500927643784787,0.8949907235621521,2161,0.05825602968460111,0.1398886827458256,0.8018552875695732
1177,Baltimore County,1072,Baltimore County Precinct 02-021,779,100,64,293,1072,1,0.726679104477612,0.2733208955223881,908,0.09328358208955224,0.05970149253731343,0.8470149253731343
1178,Baltimore County,2206,Baltimore County Precinct 02-027,459,172,372,1747,2206,1,0.20806890299184044,0.7919310970081596,1662,0.07796917497733455,0.1686310063463282,0.7533998186763372
1179,Baltimore County,2794,Baltimore County Precinct 04-012,1642,414,412,1152,2794,1,0.5876879026485325,0.41231209735146745,1968,0.1481746599856836,0.1474588403722262,0.7043664996420902
1180,Baltimore County,3497,Baltimore County Precinct 04-006,2072,185,165,1425,3497,1,0.5925078638833285,0.40749213611667146,3147,0.052902487846725764,0.04718329997140406,0.8999142121818702
1183,Baltimore County,4554,Baltimore County Precinct 04-007,2661,353,239,1893,4554,1,0.5843214756258235,0.4156785243741766,3962,0.07751427316644707,0.052481335090030744,0.8700043917435222
1184,Baltimore County,2479,Baltimore County Precinct 04-010,1427,129,119,1052,2479,1,0.5756353368293666,0.4243646631706333,2231,0.05203711173860428,0.04800322710770472,0.899959661153691
1185,Baltimore County,4026,Baltimore County Precinct 04-008,3005,334,166,1021,4026,1,0.7463984103328366,0.25360158966716345,3526,0.08296075509190264,0.04123199205166418,0.8758072528564332
1186,Baltimore County,1997,Baltimore County Precinct 04-009,1790,153,38,207,1997,1,0.8963445167751627,0.10365548322483725,1806,0.07661492238357537,0.01902854281422133,0.9043565348022033
1194,Baltimore County,5767,Baltimore County Precinct 02-011,1008,202,526,4759,5767,1,0.17478758453268597,0.825212415467314,5039,0.03502687705912953,0.09120860065892145,0.873764522281949
1195,Baltimore County,4341,Baltimore County Precinct 02-010,384,273,626,3957,4341,1,0.0884588804422944,0.9115411195577056,3442,0.06288873531444368,0.14420640405436536,0.7929048606311909
1196,Baltimore County,3194,Baltimore County Precinct 02-017,337,212,406,2857,3194,1,0.10551033187226048,0.8944896681277396,2576,0.06637445209768315,0.12711333750782716,0.8065122103944896
1197,Baltimore County,1512,Baltimore County Precinct 02-016,259,105,216,1253,1512,1,0.1712962962962963,0.8287037037037037,1191,0.06944444444444445,0.14285714285714285,0.7876984126984127
1198,Baltimore County,3573,Baltimore County Precinct 02-013,562,284,495,3011,3573,1,0.15729079205149735,0.8427092079485027,2794,0.07948502658830114,0.1385390428211587,0.7819759305905402
1199,Baltimore County,3132,Baltimore County Precinct 02-003,421,28,64,2711,3132,1,0.13441890166028098,0.8655810983397191,3040,0.008939974457215836,0.020434227330779056,0.9706257982120051
1200,Baltimore County,3378,Baltimore County Precinct 02-006,350,200,485,3028,3378,1,0.10361160449970397,0.896388395500296,2693,0.05920663114268798,0.14357608052101836,0.7972172883362937
1350,Baltimore County,4946,Baltimore County Precinct 01-017,607,297,525,4339,4946,1,0.12272543469470279,0.8772745653052972,4124,0.06004852405984634,0.1061463809138698,0.8338050950262839
1351,Baltimore County,3184,Baltimore County Precinct 01-012,2973,473,120,211,3184,1,0.9337311557788944,0.06626884422110553,2591,0.14855527638190955,0.03768844221105527,0.8137562814070352
1352,Baltimore County,2703,Baltimore County Precinct 01-011,2226,349,126,477,2703,1,0.8235294117647058,0.17647058823529413,2228,0.12911579726230116,0.04661487236403995,0.8242693303736589
1353,Baltimore County,2485,Baltimore County Precinct 01-013,2365,496,99,120,2485,1,0.9517102615694165,0.0482897384305835,1890,0.19959758551307846,0.03983903420523139,0.7605633802816901
1354,Baltimore County,3127,Baltimore County Precinct 01-010,2439,427,129,688,3127,1,0.7799808122801407,0.2200191877198593,2571,0.13655260633194755,0.04125359769747362,0.8221937959705788
1355,Baltimore County,3549,Baltimore County Precinct 01-003,1415,321,389,2134,3549,1,0.3987038602423218,0.6012961397576783,2839,0.0904480135249366,0.10960834037757115,0.7999436460974922
1356,Baltimore County,3716,Baltimore County Precinct 01-004,1339,311,469,2377,3716,1,0.36033369214208827,0.6396663078579118,2936,0.08369214208826696,0.12621097954790098,0.790096878363832
1357,Baltimore County,2265,Baltimore County Precinct 01-002,437,118,246,1828,2265,1,0.19293598233995585,0.8070640176600441,1901,0.052097130242825605,0.10860927152317881,0.8392935982339956
1361,Baltimore County,5998,Baltimore County Precinct 01-014,3956,280,81,2042,5998,1,0.6595531843947983,0.34044681560520174,5637,0.04668222740913638,0.013504501500500166,0.9398132710903635
1362,Baltimore County,2893,Baltimore County Precinct 13-004,2610,242,88,283,2893,1,0.9021776702385067,0.09782232976149326,2563,0.08365019011406843,0.030418250950570342,0.8859315589353612
1363,Baltimore County,3240,Baltimore County Precinct 13-003,2835,196,82,405,3240,1,0.875,0.125,2962,0.06049382716049383,0.025308641975308643,0.9141975308641975
1364,Baltimore County,2641,Baltimore County Precinct 13-002,2319,175,53,322,2641,1,0.8780764861794774,0.12192351382052254,2413,0.06626277925028398,0.020068156001514577,0.9136690647482014
1365,Baltimore County,2840,Baltimore County Precinct 13-005,2397,198,82,443,2840,1,0.8440140845070423,0.15598591549295773,2560,0.06971830985915493,0.028873239436619718,0.9014084507042254
1366,Baltimore County,3604,Baltimore County Precinct 01-009,1703,195,203,1901,3604,1,0.47253052164261933,0.5274694783573807,3206,0.054106548279689234,0.05632630410654828,0.8895671476137624
1367,Baltimore County,3870,Baltimore County Precinct 01-015,2674,299,154,1196,3870,1,0.6909560723514212,0.3090439276485788,3417,0.0772609819121447,0.03979328165374677,0.8829457364341086
1368,Baltimore County,2349,Baltimore County Precinct 01-007,1200,168,194,1149,2349,1,0.5108556832694764,0.4891443167305236,1987,0.07151979565772669,0.08258833546189868,0.8458918688803746
1369,Baltimore County,4333,Baltimore County Precinct 01-008,3296,448,195,1037,4333,1,0.7606738979921532,0.23932610200784676,3690,0.10339256865912763,0.04500346180475421,0.8516039695361182
1370,Baltimore County,4435,Baltimore County Precinct 01-005,1415,328,468,3020,4435,1,0.31905298759864714,0.6809470124013529,3639,0.07395715896279594,0.10552423900789178,0.8205186020293123
1371,Baltimore County,4619,Baltimore County Precinct 01-001,871,251,542,3748,4619,1,0.1885689543191167,0.8114310456808833,3826,0.05434076639965361,0.11734141589088547,0.8283178177094609
1372,Baltimore County,4031,Baltimore County Precinct 01-006,733,317,663,3298,4031,1,0.18184073430910444,0.8181592656908956,3051,0.07864053584718432,0.1644753162986852,0.7568841478541305
1373,Baltimore County,4012,Baltimore County Precinct 13-001,2036,171,123,1976,4012,1,0.5074775672981057,0.49252243270189433,3718,0.042622133599202396,0.0306580259222333,0.9267198404785643
1374,Baltimore County,2661,Baltimore County Precinct 01-016,2481,414,80,180,2661,1,0.9323562570462233,0.06764374295377677,2167,0.1555806087936866,0.03006388575723412,0.8143555054490793
1708,Baltimore County,2385,Baltimore County Precinct 03-006,2216,601,71,169,2385,1,0.929140461215933,0.07085953878406709,1713,0.2519916142557652,0.029769392033542976,0.7182389937106918
1713,Baltimore County,3977,Baltimore County Precinct 03-007,3337,754,101,640,3977,1,0.8390746794065879,0.1609253205934121,3122,0.18959014332411364,0.02539602715614785,0.7850138295197385
1714,Baltimore County,3393,Baltimore County Precinct 03-011,2447,529,161,946,3393,1,0.7211906867079281,0.2788093132920719,2703,0.15590922487474212,0.04745063365753021,0.7966401414677277
1715,Baltimore County,2089,Baltimore County Precinct 03-013,1842,385,50,247,2089,1,0.8817616084250838,0.11823839157491622,1654,0.18429870751555769,0.023934897079942556,0.7917663954044998
1716,Baltimore County,2964,Baltimore County Precinct 03-010,2695,818,75,269,2964,1,0.9092442645074224,0.0907557354925776,2071,0.2759784075573549,0.025303643724696356,0.6987179487179487
1717,Baltimore County,1906,Baltimore County Precinct 08-008,1709,214,41,197,1906,1,0.8966421825813221,0.10335781741867786,1651,0.11227701993704092,0.021511017838405037,0.866211962224554
1718,Baltimore County,2959,Baltimore County Precinct 04-005,2071,237,139,888,2959,1,0.6998986143967557,0.30010138560324434,2583,0.08009462656302806,0.046975329503210546,0.8729300439337614
1719,Baltimore County,3908,Baltimore County Precinct 04-004,2966,499,218,942,3908,1,0.7589559877175026,0.24104401228249744,3191,0.12768679631525076,0.05578300921187308,0.8165301944728761
1720,Baltimore County,533,Baltimore County Precinct 04-013,478,93,20,55,533,1,0.8968105065666041,0.10318949343339587,420,0.17448405253283303,0.0375234521575985,0.7879924953095685
1721,Baltimore County,433,Baltimore County Precinct 04-011,383,45,11,50,433,1,0.8845265588914549,0.11547344110854503,377,0.10392609699769054,0.025404157043879907,0.8706697459584296
1722,Baltimore County,685,Baltimore County Precinct 08-023,608,99,15,77,685,1,0.8875912408759125,0.11240875912408758,571,0.14452554744525548,0.021897810218978103,0.8335766423357664
1723,Baltimore County,510,Baltimore County Precinct 08-021,438,50,10,72,510,1,0.8588235294117647,0.1411764705882353,450,0.09803921568627451,0.0196078431372549,0.8823529411764706
1724,Baltimore County,994,Baltimore County Precinct 08-024,886,118,19,108,994,1,0.8913480885311871,0.10865191146881288,857,0.11871227364185111,0.019114688128772636,0.8621730382293763
1725,Baltimore County,3725,Baltimore County Precinct 08-002,3308,267,38,417,3725,1,0.8880536912751678,0.11194630872483222,3420,0.07167785234899329,0.010201342281879194,0.9181208053691275
