,COUNTY,VAP,NAME,WVAP,PRES16D,PRES16R,OVAP,TOT_VOTES,factor,WVAP_pct,OVAP_pct,PRES16None,PRES16D_pct,PRES16R_pct,PRES16None_pct
424,Baltimore County,2889,Baltimore County Precinct 11-019,2270,405,539,619,2889,1,0.7857390100380754,0.21426098996192455,1945,0.14018691588785046,0.18656974731741086,0.6732433367947387
425,Baltimore County,4130,Baltimore County Precinct 14-003,2875,630,571,1255,4130,1,0.6961259079903148,0.30387409200968524,2929,0.15254237288135594,0.13825665859564165,0.7092009685230024
426,Baltimore County,1265,Baltimore County Precinct 11-013,891,167,206,374,1265,1,0.7043478260869566,0.2956521739130435,892,0.13201581027667983,0.16284584980237155,0.7051383399209487
427,Baltimore County,3157,Baltimore County Precinct 15-010,2444,516,633,713,3157,1,0.774152676591701,0.22584732340829902,2008,0.1634463097877732,0.20050681026290781,0.636046879949319
428,Baltimore County,5523,Baltimore County Precinct 15-005,2822,1095,933,2701,5523,1,0.5109541915625566,0.48904580843744344,3495,0.198261814231396,0.16892992938620316,0.6328082563824009
429,Baltimore County,1411,Baltimore County Precinct 15-009,1311,151,449,100,1411,1,0.9291282778171509,0.07087172218284904,811,0.10701630049610206,0.3182140326009922,0.5747696669029058
430,Baltimore County,6204,Baltimore County Precinct 15-004,4276,665,417,1928,6204,1,0.6892327530625403,0.3107672469374597,5122,0.10718891038039974,0.0672147001934236,0.8255963894261766
431,Baltimore County,3736,Baltimore County Precinct 11-012,3099,444,819,637,3736,1,0.8294967880085653,0.1705032119914347,2473,0.11884368308351177,0.21921841541755888,0.6619379014989293
432,Baltimore County,2316,Baltimore County Precinct 11-007,1947,628,964,369,2316,1,0.8406735751295337,0.15932642487046633,724,0.2711571675302245,0.4162348877374784,0.3126079447322971
433,Baltimore County,2818,Baltimore County Precinct 11-014,2465,331,644,353,2818,1,0.8747338537970192,0.12526614620298085,1843,0.11745919091554294,0.22853087295954577,0.6540099361249113
434,Baltimore County,2037,Baltimore County Precinct 11-006,1892,226,610,145,2037,1,0.9288168875797742,0.07118311242022582,1201,0.11094747177221403,0.29945999018163966,0.5895925380461463
435,Baltimore County,3470,Baltimore County Precinct 11-022,2749,447,720,721,3470,1,0.7922190201729107,0.20778097982708935,2303,0.1288184438040346,0.207492795389049,0.6636887608069164
436,Baltimore County,2386,Baltimore County Precinct 11-005,1880,278,597,506,2386,1,0.787929589270746,0.21207041072925398,1511,0.1165129924559933,0.25020955574182735,0.6332774518021794
437,Baltimore County,4029,Baltimore County Precinct 11-003,3873,360,1436,156,4029,1,0.9612807148175726,0.0387192851824274,2233,0.08935219657483247,0.35641598411516506,0.5542318193100024
438,Baltimore County,2502,Baltimore County Precinct 11-001,2338,497,940,164,2502,1,0.9344524380495604,0.06554756195043965,1065,0.19864108713029577,0.37569944044764186,0.42565947242206237
439,Baltimore County,300,Baltimore County Precinct 10-005,276,65,128,24,300,1,0.92,0.08,107,0.21666666666666667,0.4266666666666667,0.3566666666666667
440,Baltimore County,1364,Baltimore County Precinct 10-003,1284,253,523,80,1364,1,0.9413489736070382,0.05865102639296188,588,0.18548387096774194,0.38343108504398826,0.4310850439882698
442,Baltimore County,3090,Baltimore County Precinct 11-002,2978,398,1157,112,3090,1,0.9637540453074434,0.036245954692556634,1535,0.12880258899676375,0.3744336569579288,0.4967637540453074
445,Baltimore County,3678,Baltimore County Precinct 15-007,2778,571,693,900,3678,1,0.7553017944535073,0.24469820554649266,2414,0.15524741707449702,0.18841761827079934,0.6563349646547036
446,Baltimore County,2060,Baltimore County Precinct 15-025,1956,292,960,104,2060,1,0.9495145631067962,0.05048543689320388,808,0.141747572815534,0.46601941747572817,0.39223300970873787
447,Baltimore County,3091,Baltimore County Precinct 15-008,2496,437,847,595,3091,1,0.8075056615981883,0.1924943384018117,1807,0.14137819475897767,0.27402135231316727,0.584600452927855
448,Baltimore County,2662,Baltimore County Precinct 15-006,2499,251,1068,163,2662,1,0.9387678437265214,0.06123215627347859,1343,0.094290007513148,0.40120210368144255,0.5045078888054094
449,Baltimore County,2544,Baltimore County Precinct 11-004,1999,353,703,545,2544,1,0.7857704402515723,0.21422955974842767,1488,0.13875786163522014,0.2763364779874214,0.5849056603773585
450,Baltimore County,86,Baltimore County Precinct 11-020,73,2,11,13,86,1,0.8488372093023255,0.1511627906976744,73,0.023255813953488372,0.12790697674418605,0.8488372093023255
560,Baltimore County,3508,Baltimore County Precinct 15-022,3315,315,1303,193,3508,1,0.9449828962371721,0.05501710376282782,1890,0.08979475484606614,0.37143671607753703,0.5387685290763968
561,Baltimore County,4160,Baltimore County Precinct 15-021,3797,331,1238,363,4160,1,0.9127403846153846,0.08725961538461538,2591,0.07956730769230769,0.29759615384615384,0.6228365384615384
562,Baltimore County,4692,Baltimore County Precinct 15-020,4264,429,1227,428,4692,1,0.9087809036658141,0.09121909633418585,3036,0.09143222506393862,0.2615089514066496,0.6470588235294118
563,Baltimore County,2809,Baltimore County Precinct 15-015,2416,317,655,393,2809,1,0.8600925596297615,0.13990744037023853,1837,0.11285154859380563,0.23317906728373086,0.6539693841224635
564,Baltimore County,1897,Baltimore County Precinct 15-013,1758,181,637,139,1897,1,0.926726410121244,0.07327358987875593,1079,0.09541381128096996,0.33579335793357934,0.5687928307854507
565,Baltimore County,2156,Baltimore County Precinct 15-012,1954,248,672,202,2156,1,0.9063079777365491,0.09369202226345083,1236,0.1150278293135436,0.3116883116883117,0.5732838589981447
566,Baltimore County,3144,Baltimore County Precinct 15-016,2489,330,591,655,3144,1,0.7916666666666666,0.20833333333333334,2223,0.1049618320610687,0.18797709923664122,0.7070610687022901
567,Baltimore County,3506,Baltimore County Precinct 15-017,1421,938,359,2085,3506,1,0.40530519110096974,0.5946948088990303,2209,0.2675413576725613,0.10239589275527666,0.630062749572162
568,Baltimore County,5453,Baltimore County Precinct 15-023,1748,1067,209,3705,5453,1,0.3205574912891986,0.6794425087108014,4177,0.19567210709701083,0.03832752613240418,0.766000366770585
569,Baltimore County,975,Baltimore County Precinct 15-024,813,130,156,162,975,1,0.8338461538461538,0.16615384615384615,689,0.13333333333333333,0.16,0.7066666666666667
570,Baltimore County,2919,Baltimore County Precinct 15-018,2086,392,688,833,2919,1,0.7146282973621103,0.2853717026378897,1839,0.1342925659472422,0.23569715656046591,0.6300102774922919
571,Baltimore County,3443,Baltimore County Precinct 15-019,3220,340,1047,223,3443,1,0.9352309032820215,0.06476909671797851,2056,0.09875108916642462,0.3040952657566076,0.5971536450769678
572,Baltimore County,1739,Baltimore County Precinct 15-026,1696,149,776,43,1739,1,0.9752731454859115,0.024726854514088556,814,0.08568142610695802,0.44623346751006326,0.46808510638297873
573,Baltimore County,2441,Baltimore County Precinct 12-012,2188,251,650,253,2441,1,0.8963539532978287,0.10364604670217124,1540,0.10282671036460467,0.2662843097091356,0.6308889799262597
577,Baltimore County,2668,Baltimore County Precinct 12-010,2310,392,501,358,2668,1,0.8658170914542729,0.13418290854572715,1775,0.1469265367316342,0.18778110944527737,0.6652923538230885
578,Baltimore County,2639,Baltimore County Precinct 12-008,2315,283,711,324,2639,1,0.8772262220538083,0.12277377794619174,1645,0.10723758999621069,0.2694202349374763,0.623342175066313
579,Baltimore County,3982,Baltimore County Precinct 12-003,3387,397,895,595,3982,1,0.8505775991963838,0.14942240080361627,2690,0.09969864389753892,0.22476142641888497,0.6755399296835761
580,Baltimore County,3256,Baltimore County Precinct 12-002,2763,388,635,493,3256,1,0.8485872235872236,0.15141277641277642,2233,0.11916461916461916,0.19502457002457002,0.6858108108108109
587,Baltimore County,2846,Baltimore County Precinct 12-001,2343,302,572,503,2846,1,0.8232607167955025,0.17673928320449753,1972,0.1061138439915671,0.20098383696416022,0.6929023190442727
588,Baltimore County,4204,Baltimore County Precinct 12-007,3764,449,1045,440,4204,1,0.8953377735490009,0.10466222645099905,2710,0.10680304471931494,0.24857278782112274,0.6446241674595623
589,Baltimore County,3540,Baltimore County Precinct 12-006,2774,463,631,766,3540,1,0.7836158192090396,0.21638418079096045,2446,0.1307909604519774,0.17824858757062148,0.6909604519774011
590,Baltimore County,3308,Baltimore County Precinct 12-005,2994,341,896,314,3308,1,0.9050785973397824,0.09492140266021766,2071,0.10308343409915356,0.2708585247883918,0.6260580411124547
591,Baltimore County,4898,Baltimore County Precinct 12-004,4398,451,1123,500,4898,1,0.897917517354022,0.10208248264597795,3324,0.09207839934667211,0.22927725602286647,0.6786443446304614
592,Baltimore County,2424,Baltimore County Precinct 15-001,1845,266,364,579,2424,1,0.7611386138613861,0.23886138613861385,1794,0.10973597359735973,0.15016501650165018,0.7400990099009901
593,Baltimore County,3263,Baltimore County Precinct 15-002,2829,369,841,434,3263,1,0.8669935642047196,0.1330064357952804,2053,0.11308611707018082,0.25773827765859636,0.6291756052712228
594,Baltimore County,1177,Baltimore County Precinct 15-014,1054,133,329,123,1177,1,0.8954970263381479,0.10450297366185217,715,0.11299915038232795,0.27952421410365336,0.6074766355140186
611,Baltimore County,1456,Baltimore County Precinct 12-009,1157,139,209,299,1456,1,0.7946428571428571,0.20535714285714285,1108,0.09546703296703296,0.14354395604395603,0.760989010989011
612,Baltimore County,4122,Baltimore County Precinct 12-011,3270,493,685,852,4122,1,0.7933042212518195,0.2066957787481805,2944,0.11960213488597768,0.16618146530810285,0.7142163998059194
613,Baltimore County,1905,Baltimore County Precinct 12-013,167,418,21,1738,1905,1,0.08766404199475065,0.9123359580052494,1466,0.2194225721784777,0.011023622047244094,0.7695538057742782
796,Baltimore County,1239,Baltimore County Precinct 13-006,980,189,245,259,1239,1,0.7909604519774012,0.20903954802259886,805,0.15254237288135594,0.1977401129943503,0.6497175141242938
797,Baltimore County,2979,Baltimore County Precinct 13-007,1367,488,331,1612,2979,1,0.4588788183954347,0.5411211816045652,2160,0.16381336018798254,0.1111111111111111,0.7250755287009063
798,Baltimore County,5380,Baltimore County Precinct 13-009,3849,731,835,1531,5380,1,0.7154275092936803,0.2845724907063197,3814,0.1358736059479554,0.15520446096654275,0.7089219330855019
804,Baltimore County,2262,Baltimore County Precinct 13-008,1953,246,653,309,2262,1,0.863395225464191,0.13660477453580902,1363,0.10875331564986737,0.28868258178603007,0.6025641025641025
823,Baltimore County,2920,Baltimore County Precinct 14-011,1954,484,407,966,2920,1,0.6691780821917809,0.3308219178082192,2029,0.16575342465753426,0.1393835616438356,0.6948630136986301
824,Baltimore County,2766,Baltimore County Precinct 14-007,2061,465,540,705,2766,1,0.745119305856833,0.25488069414316705,1761,0.1681127982646421,0.19522776572668113,0.6366594360086768
825,Baltimore County,3521,Baltimore County Precinct 14-008,1352,1094,314,2169,3521,1,0.38398182334564046,0.6160181766543595,2113,0.31070718545867654,0.08917921045157626,0.6001136040897472
829,Baltimore County,4086,Baltimore County Precinct 09-022,3162,770,796,924,4086,1,0.7738619676945668,0.2261380323054332,2520,0.18844836025452766,0.19481155163974548,0.6167400881057269
830,Baltimore County,2181,Baltimore County Precinct 14-012,1973,395,607,208,2181,1,0.9046309032553874,0.09536909674461257,1179,0.18110958276020175,0.27831270059605684,0.5405777166437414
831,Baltimore County,723,Baltimore County Precinct 14-014,485,147,100,238,723,1,0.6708160442600276,0.32918395573997233,476,0.2033195020746888,0.13831258644536654,0.6583679114799447
832,Baltimore County,3444,Baltimore County Precinct 14-006,2936,569,820,508,3444,1,0.8524970963995354,0.14750290360046459,2055,0.16521486643437863,0.23809523809523808,0.5966898954703833
833,Baltimore County,2262,Baltimore County Precinct 14-001,2044,366,645,218,2262,1,0.9036251105216623,0.09637488947833775,1251,0.16180371352785147,0.28514588859416445,0.553050397877984
834,Baltimore County,2561,Baltimore County Precinct 14-010,1869,503,474,692,2561,1,0.7297930495900039,0.2702069504099961,1584,0.19640765326044513,0.1850839515814135,0.6185083951581414
835,Baltimore County,4471,Baltimore County Precinct 14-009,1738,1010,441,2733,4471,1,0.38872735405949455,0.6112726459405055,3020,0.2259002460299709,0.09863565197942295,0.6754641019906061
836,Baltimore County,1191,Baltimore County Precinct 14-005,540,190,80,651,1191,1,0.4534005037783375,0.5465994962216625,921,0.15952980688497062,0.06717044500419815,0.7732997481108312
837,Baltimore County,2619,Baltimore County Precinct 11-016,1527,412,278,1092,2619,1,0.5830469644902635,0.41695303550973656,1929,0.1573119511263841,0.10614738449789997,0.736540664375716
838,Baltimore County,4063,Baltimore County Precinct 14-002,2593,622,712,1470,4063,1,0.6381983755845434,0.36180162441545655,2729,0.1530888506030027,0.1752399704651735,0.6716711789318238
839,Baltimore County,3933,Baltimore County Precinct 11-011,2948,573,731,985,3933,1,0.7495550470378846,0.25044495296211544,2629,0.14569031273836766,0.18586320874650394,0.6684464785151284
840,Baltimore County,3413,Baltimore County Precinct 09-023,2320,684,631,1093,3413,1,0.6797538822150601,0.32024611778493994,2098,0.20041019630823323,0.18488133606797538,0.6147084676237914
841,Baltimore County,2956,Baltimore County Precinct 09-025,2214,559,582,742,2956,1,0.7489851150202977,0.2510148849797023,1815,0.18910690121786197,0.19688768606224627,0.6140054127198917
842,Baltimore County,2895,Baltimore County Precinct 11-009,2192,494,661,703,2895,1,0.7571675302245251,0.24283246977547496,1740,0.17063903281519863,0.22832469775474956,0.6010362694300518
843,Baltimore County,3895,Baltimore County Precinct 09-024,3019,768,744,876,3895,1,0.7750962772785622,0.22490372272143774,2383,0.19717586649550706,0.19101412066752246,0.6118100128369705
844,Baltimore County,3694,Baltimore County Precinct 11-015,3631,456,695,63,3694,1,0.9829453167298322,0.01705468327016784,2543,0.12344342176502436,0.1881429344883595,0.6884136437466162
845,Baltimore County,731,Baltimore County Precinct 11-021,560,150,135,171,731,1,0.7660738714090287,0.23392612859097128,446,0.2051983584131327,0.18467852257181944,0.6101231190150479
846,Baltimore County,2824,Baltimore County Precinct 11-008,2388,302,639,436,2824,1,0.8456090651558074,0.15439093484419264,1883,0.10694050991501416,0.22627478753541078,0.6667847025495751
847,Baltimore County,3720,Baltimore County Precinct 11-010,2780,500,572,940,3720,1,0.7473118279569892,0.25268817204301075,2648,0.13440860215053763,0.15376344086021507,0.7118279569892473
848,Baltimore County,1942,Baltimore County Precinct 11-018,1553,105,167,389,1942,1,0.7996910401647785,0.20030895983522143,1670,0.054067971163748715,0.08599382080329557,0.8599382080329557
849,Baltimore County,3460,Baltimore County Precinct 11-017,2820,523,857,640,3460,1,0.815028901734104,0.18497109826589594,2080,0.15115606936416184,0.2476878612716763,0.6011560693641619
850,Baltimore County,2630,Baltimore County Precinct 15-003,2325,241,676,305,2630,1,0.8840304182509505,0.11596958174904944,1713,0.09163498098859316,0.2570342205323194,0.6513307984790875
851,Baltimore County,3634,Baltimore County Precinct 14-013,1814,522,386,1820,3634,1,0.4991744634012108,0.5008255365987893,2726,0.14364336818932305,0.10621904237754541,0.7501375894331316
852,Baltimore County,3333,Baltimore County Precinct 15-011,2680,502,697,653,3333,1,0.804080408040804,0.19591959195919592,2134,0.15061506150615062,0.20912091209120912,0.6402640264026402
853,Baltimore County,343,Baltimore County Precinct 14-004,274,87,88,69,343,1,0.7988338192419825,0.20116618075801748,168,0.2536443148688047,0.2565597667638484,0.4897959183673469
965,Baltimore County,3555,Baltimore County Precinct 08-011,2068,347,296,1487,3555,1,0.5817158931082982,0.4182841068917018,2912,0.09760900140646976,0.08326300984528832,0.8191279887482419
966,Baltimore County,2505,Baltimore County Precinct 08-006,1379,1010,321,1126,2505,1,0.550499001996008,0.449500998003992,1174,0.4031936127744511,0.1281437125748503,0.4686626746506986
967,Baltimore County,1757,Baltimore County Precinct 08-003,1549,320,373,208,1757,1,0.8816163915765509,0.11838360842344905,1064,0.18212862834376778,0.21229368241320432,0.6055776892430279
968,Baltimore County,2017,Baltimore County Precinct 08-022,1757,487,395,260,2017,1,0.8710956866633615,0.12890431333663857,1135,0.24144769459593457,0.19583539910758552,0.56271690629648
969,Baltimore County,2489,Baltimore County Precinct 08-001,2208,416,662,281,2489,1,0.8871032543190036,0.11289674568099639,1411,0.16713539574126154,0.2659702691844114,0.5668943350743271
970,Baltimore County,1888,Baltimore County Precinct 08-025,1659,341,437,229,1888,1,0.878707627118644,0.12129237288135593,1110,0.180614406779661,0.23146186440677965,0.5879237288135594
971,Baltimore County,2437,Baltimore County Precinct 08-004,2117,547,669,320,2437,1,0.8686910135412392,0.13130898645876077,1221,0.2244562987279442,0.2745178498153467,0.5010258514567091
972,Baltimore County,1477,Baltimore County Precinct 10-002,1372,331,478,105,1477,1,0.9289099526066351,0.07109004739336493,668,0.22410291130670276,0.32362897765741366,0.45226811103588355
973,Baltimore County,1876,Baltimore County Precinct 10-004,1797,324,735,79,1876,1,0.9578891257995735,0.04211087420042644,817,0.17270788912579957,0.3917910447761194,0.43550106609808104
974,Baltimore County,3018,Baltimore County Precinct 10-001,2857,563,1021,161,3018,1,0.9466534128561962,0.053346587143803845,1434,0.18654738237243207,0.3383035122597747,0.47514910536779326
975,Baltimore County,3508,Baltimore County Precinct 05-001,3315,489,1228,193,3508,1,0.9449828962371721,0.05501710376282782,1791,0.13939566704675027,0.3500570125427594,0.5105473204104903
976,Baltimore County,1975,Baltimore County Precinct 06-001,1875,266,769,100,1975,1,0.9493670886075949,0.05063291139240506,940,0.13468354430379748,0.38936708860759495,0.4759493670886076
977,Baltimore County,2338,Baltimore County Precinct 06-002,2220,324,946,118,2338,1,0.9495295124037639,0.0504704875962361,1068,0.13857998289136014,0.40461933276304535,0.4568006843455945
978,Baltimore County,2472,Baltimore County Precinct 07-003,2274,408,849,198,2472,1,0.9199029126213593,0.08009708737864078,1215,0.1650485436893204,0.3434466019417476,0.49150485436893204
979,Baltimore County,1071,Baltimore County Precinct 07-002,1032,194,485,39,1071,1,0.9635854341736695,0.036414565826330535,392,0.1811391223155929,0.45284780578898226,0.3660130718954248
980,Baltimore County,3153,Baltimore County Precinct 07-001,2987,443,1275,166,3153,1,0.9473517285125278,0.05264827148747225,1435,0.1405011100539169,0.4043767840152236,0.4551221059308595
989,Baltimore County,3836,Baltimore County Precinct 09-020,464,1070,76,3372,3836,1,0.12095933263816476,0.8790406673618353,2690,0.2789363920750782,0.01981230448383733,0.7012513034410844
990,Baltimore County,2342,Baltimore County Precinct 09-028,897,589,127,1445,2342,1,0.38300597779675494,0.6169940222032451,1626,0.2514944491887276,0.054227156276686596,0.6942783945345858
991,Baltimore County,2528,Baltimore County Precinct 09-019,1774,630,387,754,2528,1,0.7017405063291139,0.29825949367088606,1511,0.24920886075949367,0.1530854430379747,0.5977056962025317
996,Baltimore County,3661,Baltimore County Precinct 09-021,3095,641,832,566,3661,1,0.8453974323955203,0.15460256760447966,2188,0.17508877355913685,0.2272603113903305,0.5976509150505327
997,Baltimore County,2909,Baltimore County Precinct 09-029,2172,126,28,737,2909,1,0.7466483327603988,0.25335166723960123,2755,0.043313853557923686,0.009625300790649707,0.9470608456514266
998,Baltimore County,2194,Baltimore County Precinct 09-012,1804,478,278,390,2194,1,0.8222424794895169,0.17775752051048313,1438,0.2178669097538742,0.1267092069279854,0.6554238833181404
999,Baltimore County,2160,Baltimore County Precinct 09-007,1829,499,628,331,2160,1,0.8467592592592592,0.15324074074074073,1033,0.2310185185185185,0.29074074074074074,0.47824074074074074
1000,Baltimore County,2993,Baltimore County Precinct 09-011,2118,599,291,875,2993,1,0.707651186100902,0.2923488138990979,2103,0.20013364517206816,0.0972268626795857,0.7026394921483461
1001,Baltimore County,5056,Baltimore County Precinct 09-010,3865,1053,629,1191,5056,1,0.7644382911392406,0.2355617088607595,3374,0.20826740506329114,0.12440664556962025,0.6673259493670886
1002,Baltimore County,1644,Baltimore County Precinct 08-015,1440,399,446,204,1644,1,0.8759124087591241,0.12408759124087591,799,0.2427007299270073,0.2712895377128954,0.4860097323600973
1003,Baltimore County,1925,Baltimore County Precinct 08-014,1650,314,364,275,1925,1,0.8571428571428571,0.14285714285714285,1247,0.1631168831168831,0.1890909090909091,0.6477922077922078
1004,Baltimore County,2163,Baltimore County Precinct 08-012,1905,541,596,258,2163,1,0.8807212205270458,0.11927877947295423,1026,0.2501155802126676,0.2755432269995377,0.47434119278779474
1005,Baltimore County,5466,Baltimore County Precinct 08-005,3011,99,183,2455,5466,1,0.5508598609586535,0.44914013904134653,5184,0.018111964873765093,0.033479692645444564,0.9484083424807903
1006,Baltimore County,1075,Baltimore County Precinct 09-016,915,277,263,160,1075,1,0.8511627906976744,0.14883720930232558,535,0.2576744186046512,0.24465116279069768,0.49767441860465117
1007,Baltimore County,1627,Baltimore County Precinct 09-017,1118,421,209,509,1627,1,0.6871542716656422,0.3128457283343577,997,0.2587584511370621,0.12845728334357714,0.6127842655193608
1008,Baltimore County,26,Baltimore County Precinct 09-027,20,3,1,6,26,1,0.7692307692307693,0.23076923076923078,22,0.11538461538461539,0.038461538461538464,0.8461538461538461
1009,Baltimore County,2576,Baltimore County Precinct 09-018,1975,640,446,601,2576,1,0.7666925465838509,0.23330745341614906,1490,0.2484472049689441,0.17313664596273293,0.578416149068323
1010,Baltimore County,1631,Baltimore County Precinct 09-009,1412,405,517,219,1631,1,0.8657265481299816,0.1342734518700184,709,0.24831391784181484,0.31698344573881054,0.4347026364193746
1011,Baltimore County,1132,Baltimore County Precinct 09-026,975,298,323,157,1132,1,0.8613074204946997,0.13869257950530034,511,0.26325088339222613,0.28533568904593637,0.45141342756183744
1012,Baltimore County,1592,Baltimore County Precinct 09-008,1465,405,500,127,1592,1,0.9202261306532663,0.07977386934673367,687,0.2543969849246231,0.314070351758794,0.4315326633165829
1013,Baltimore County,2194,Baltimore County Precinct 08-007,1336,644,399,858,2194,1,0.6089334548769371,0.3910665451230629,1151,0.2935278030993619,0.18185961713764814,0.52461257976299
1021,Baltimore County,3216,Baltimore County Precinct 09-003,2807,920,450,409,3216,1,0.8728233830845771,0.1271766169154229,1846,0.2860696517412935,0.13992537313432835,0.5740049751243781
1022,Baltimore County,3358,Baltimore County Precinct 03-008,2894,820,467,464,3358,1,0.8618225134008338,0.13817748659916618,2071,0.24419297200714712,0.13907087552114353,0.6167361524717093
1023,Baltimore County,2600,Baltimore County Precinct 09-001,2400,668,519,200,2600,1,0.9230769230769231,0.07692307692307693,1413,0.2569230769230769,0.1996153846153846,0.5434615384615384
1024,Baltimore County,2246,Baltimore County Precinct 08-017,2079,550,634,167,2246,1,0.9256455921638468,0.07435440783615316,1062,0.24487978628673196,0.28227960819234194,0.4728406055209261
1025,Baltimore County,879,Baltimore County Precinct 08-018,784,216,236,95,879,1,0.8919226393629124,0.1080773606370876,427,0.24573378839590443,0.2684869169510808,0.4857792946530148
1026,Baltimore County,2530,Baltimore County Precinct 08-019,2247,488,622,283,2530,1,0.8881422924901186,0.11185770750988143,1420,0.19288537549407114,0.2458498023715415,0.5612648221343873
1027,Baltimore County,2751,Baltimore County Precinct 08-009,2153,623,717,598,2751,1,0.7826245001817521,0.2173754998182479,1411,0.22646310432569974,0.2606324972737186,0.5129043984005816
1028,Baltimore County,2173,Baltimore County Precinct 08-010,1965,482,544,208,2173,1,0.9042797975149562,0.09572020248504372,1147,0.2218131615278417,0.25034514496088356,0.5278416935112747
1029,Baltimore County,1707,Baltimore County Precinct 08-020,1487,313,346,220,1707,1,0.8711189220855302,0.12888107791446984,1048,0.1833626244874048,0.2026947861745753,0.6139425893380199
1030,Baltimore County,1541,Baltimore County Precinct 09-002,1463,452,409,78,1541,1,0.9493835171966256,0.050616482803374434,680,0.29331602855288774,0.2654120700843608,0.44127190136275146
1031,Baltimore County,4116,Baltimore County Precinct 09-004,3440,563,319,676,4116,1,0.8357628765792031,0.16423712342079688,3234,0.13678328474246843,0.07750242954324588,0.7857142857142857
1032,Baltimore County,3650,Baltimore County Precinct 09-005,3293,806,586,357,3650,1,0.9021917808219178,0.09780821917808219,2258,0.22082191780821916,0.16054794520547946,0.6186301369863013
1033,Baltimore County,6430,Baltimore County Precinct 09-006,4497,229,176,1933,6430,1,0.6993779160186625,0.3006220839813375,6025,0.03561430793157076,0.027371695178849145,0.9370139968895801
1034,Baltimore County,621,Baltimore County Precinct 08-016,526,256,227,95,621,1,0.8470209339774557,0.1529790660225443,138,0.41223832528180354,0.36553945249597425,0.2222222222222222
1035,Baltimore County,2667,Baltimore County Precinct 08-013,2348,608,628,319,2667,1,0.880389951256093,0.11961004874390702,1431,0.22797150356205476,0.2354705661792276,0.5365579302587177
1058,Baltimore County,2581,Baltimore County Precinct 09-014,1807,843,250,774,2581,1,0.7001162340178225,0.2998837659821775,1488,0.3266175900813638,0.09686168151879117,0.576520728399845
1059,Baltimore County,2145,Baltimore County Precinct 09-013,2025,740,336,120,2145,1,0.9440559440559441,0.055944055944055944,1069,0.34498834498834496,0.15664335664335666,0.4983682983682984
1065,Baltimore County,3415,Baltimore County Precinct 09-015,1933,753,279,1482,3415,1,0.5660322108345535,0.43396778916544654,2383,0.220497803806735,0.08169838945827233,0.6978038067349926
1093,Baltimore County,4060,Baltimore County Precinct 03-009,2908,1052,521,1152,4060,1,0.716256157635468,0.28374384236453204,2487,0.25911330049261083,0.12832512315270936,0.6125615763546798
1138,Baltimore County,2293,Baltimore County Precinct 02-005,122,735,41,2171,2293,1,0.053205407762756216,0.9467945922372438,1517,0.32054077627562144,0.017880505887483647,0.6615787178368949
1139,Baltimore County,2631,Baltimore County Precinct 02-009,196,712,44,2435,2631,1,0.07449638920562524,0.9255036107943747,1875,0.2706195362979856,0.016723679209426075,0.7126567844925884
1140,Baltimore County,3860,Baltimore County Precinct 02-014,432,953,58,3428,3860,1,0.11191709844559586,0.8880829015544042,2849,0.24689119170984455,0.015025906735751295,0.7380829015544041
1141,Baltimore County,578,Baltimore County Precinct 02-025,458,321,90,120,578,1,0.7923875432525952,0.20761245674740483,167,0.5553633217993079,0.15570934256055363,0.2889273356401384
1142,Baltimore County,398,Baltimore County Precinct 02-028,16,97,2,382,398,1,0.04020100502512563,0.9597989949748744,299,0.24371859296482412,0.005025125628140704,0.7512562814070352
1143,Baltimore County,2934,Baltimore County Precinct 02-007,310,730,45,2624,2934,1,0.1056578050443081,0.8943421949556919,2159,0.24880708929788684,0.015337423312883436,0.7358554873892297
1144,Baltimore County,532,Baltimore County Precinct 02-023,170,149,43,362,532,1,0.31954887218045114,0.6804511278195489,340,0.2800751879699248,0.08082706766917293,0.6390977443609023
1145,Baltimore County,2750,Baltimore County Precinct 02-008,424,879,74,2326,2750,1,0.15418181818181817,0.8458181818181818,1797,0.31963636363636366,0.02690909090909091,0.6534545454545454
1146,Baltimore County,1761,Baltimore County Precinct 03-014,1271,265,255,490,1761,1,0.7217490062464509,0.2782509937535491,1241,0.15048268029528677,0.14480408858603067,0.7047132311186826
1147,Baltimore County,3988,Baltimore County Precinct 02-029,1361,789,115,2627,3988,1,0.34127382146439317,0.6587261785356068,3084,0.1978435305917753,0.028836509528585758,0.7733199598796389
1148,Baltimore County,2503,Baltimore County Precinct 02-026,1337,645,172,1166,2503,1,0.5341590091889732,0.46584099081102676,1686,0.25769077107471033,0.0687175389532561,0.6735916899720336
1149,Baltimore County,4357,Baltimore County Precinct 04-001,2178,828,285,2179,4357,1,0.4998852421390865,0.5001147578609135,3244,0.1900390176727106,0.06541198072067937,0.7445490016066101
1150,Baltimore County,4438,Baltimore County Precinct 02-015,1185,1186,125,3253,4438,1,0.26701216764308244,0.7329878323569176,3127,0.2672374943668319,0.028165840468679586,0.7045966651644885
1151,Baltimore County,4253,Baltimore County Precinct 04-002,1859,889,338,2394,4253,1,0.4371032212555843,0.5628967787444157,3026,0.2090289207618152,0.07947331295556079,0.7114977662826241
1152,Baltimore County,6218,Baltimore County Precinct 04-014,2105,836,142,4113,6218,1,0.3385332904470891,0.6614667095529109,5240,0.13444837568349952,0.022836925056288194,0.8427146992602123
1153,Baltimore County,2859,Baltimore County Precinct 03-012,1558,656,200,1301,2859,1,0.5449457852395942,0.45505421476040575,2003,0.22945085694298706,0.06995452955578874,0.7005946135012242
1154,Baltimore County,3010,Baltimore County Precinct 04-003,2691,684,468,319,3010,1,0.8940199335548172,0.10598006644518272,1858,0.22724252491694352,0.15548172757475084,0.6172757475083056
1155,Baltimore County,3867,Baltimore County Precinct 02-002,159,802,35,3708,3867,1,0.041117145073700546,0.9588828549262994,3030,0.2073959141453323,0.009050943884147919,0.7835531419705197
1156,Baltimore County,3676,Baltimore County Precinct 02-004,165,844,43,3511,3676,1,0.04488574537540805,0.955114254624592,2789,0.2295973884657236,0.011697497279651796,0.7587051142546246
1157,Baltimore County,1730,Baltimore County Precinct 02-001,101,540,33,1629,1730,1,0.05838150289017341,0.9416184971098266,1157,0.31213872832369943,0.01907514450867052,0.6687861271676301
1158,Baltimore County,3654,Baltimore County Precinct 03-001,569,992,93,3085,3654,1,0.15571975916803504,0.844280240831965,2569,0.27148330596606457,0.025451559934318555,0.7030651340996169
1159,Baltimore County,1886,Baltimore County Precinct 03-004,949,600,148,937,1886,1,0.5031813361611877,0.4968186638388123,1138,0.3181336161187699,0.0784729586426299,0.6033934252386002
1160,Baltimore County,2455,Baltimore County Precinct 03-003,535,858,78,1920,2455,1,0.21792260692464357,0.7820773930753564,1519,0.3494908350305499,0.03177189409368635,0.6187372708757638
1161,Baltimore County,3558,Baltimore County Precinct 03-005,2386,680,259,1172,3558,1,0.670601461495222,0.32939853850477796,2619,0.1911186059584036,0.07279370432827431,0.7360876897133221
1162,Baltimore County,2978,Baltimore County Precinct 03-002,1405,799,149,1573,2978,1,0.4717931497649429,0.5282068502350571,2030,0.26830087306917394,0.050033579583613166,0.6816655473472129
1171,Baltimore County,1541,Baltimore County Precinct 02-019,893,253,347,648,1541,1,0.5794938351719663,0.42050616482803377,941,0.16417910447761194,0.22517845554834523,0.6106424399740429
1172,Baltimore County,1285,Baltimore County Precinct 02-018,223,389,83,1062,1285,1,0.1735408560311284,0.8264591439688715,813,0.3027237354085603,0.06459143968871596,0.6326848249027237
1173,Baltimore County,37,Baltimore County Precinct 02-022,11,13,4,26,37,1,0.2972972972972973,0.7027027027027027,20,0.35135135135135137,0.10810810810810811,0.5405405405405406
1174,Baltimore County,823,Baltimore County Precinct 02-020,304,232,68,519,823,1,0.36938031591737547,0.6306196840826246,523,0.2818955042527339,0.08262454434993925,0.6354799513973268
1175,Baltimore County,4946,Baltimore County Precinct 02-012,664,1022,110,4282,4946,1,0.13424989890820865,0.8657501010917914,3814,0.2066316215123332,0.022240194096239386,0.7711281843914274
1176,Baltimore County,2695,Baltimore County Precinct 02-024,283,784,68,2412,2695,1,0.10500927643784787,0.8949907235621521,1843,0.2909090909090909,0.02523191094619666,0.6838589981447124
1177,Baltimore County,1072,Baltimore County Precinct 02-021,779,216,335,293,1072,1,0.726679104477612,0.2733208955223881,521,0.20149253731343283,0.3125,0.48600746268656714
1178,Baltimore County,2206,Baltimore County Precinct 02-027,459,667,94,1747,2206,1,0.20806890299184044,0.7919310970081596,1445,0.3023572076155938,0.04261106074342702,0.6550317316409792
1179,Baltimore County,2794,Baltimore County Precinct 04-012,1642,1110,448,1152,2794,1,0.5876879026485325,0.41231209735146745,1236,0.39727988546886184,0.16034359341445956,0.4423765211166786
1180,Baltimore County,3497,Baltimore County Precinct 04-006,2072,637,384,1425,3497,1,0.5925078638833285,0.40749213611667146,2476,0.1821561338289963,0.10980840720617673,0.708035458964827
1183,Baltimore County,4554,Baltimore County Precinct 04-007,2661,884,605,1893,4554,1,0.5843214756258235,0.4156785243741766,3065,0.19411506368028106,0.13285024154589373,0.6730346947738252
1184,Baltimore County,2479,Baltimore County Precinct 04-010,1427,456,247,1052,2479,1,0.5756353368293666,0.4243646631706333,1776,0.18394513916901978,0.09963695038321904,0.7164179104477612
1185,Baltimore County,4026,Baltimore County Precinct 04-008,3005,675,584,1021,4026,1,0.7463984103328366,0.25360158966716345,2767,0.1676602086438152,0.14505712866368603,0.6872826626924987
1186,Baltimore County,1997,Baltimore County Precinct 04-009,1790,306,617,207,1997,1,0.8963445167751627,0.10365548322483725,1074,0.15322984476715074,0.30896344516775165,0.5378067100650976
1194,Baltimore County,5767,Baltimore County Precinct 02-011,1008,1228,165,4759,5767,1,0.17478758453268597,0.825212415467314,4374,0.21293566845847062,0.02861106294433848,0.7584532685971909
1195,Baltimore County,4341,Baltimore County Precinct 02-010,384,1071,71,3957,4341,1,0.0884588804422944,0.9115411195577056,3199,0.24671734623358674,0.016355678415111725,0.7369269753513016
1196,Baltimore County,3194,Baltimore County Precinct 02-017,337,823,62,2857,3194,1,0.10551033187226048,0.8944896681277396,2309,0.25767063243581717,0.019411396368190358,0.7229179711959924
1197,Baltimore County,1512,Baltimore County Precinct 02-016,259,416,51,1253,1512,1,0.1712962962962963,0.8287037037037037,1045,0.2751322751322751,0.03373015873015873,0.6911375661375662
1198,Baltimore County,3573,Baltimore County Precinct 02-013,562,937,78,3011,3573,1,0.15729079205149735,0.8427092079485027,2558,0.26224461237055696,0.0218303946263644,0.7159249930030787
1199,Baltimore County,3132,Baltimore County Precinct 02-003,421,766,83,2711,3132,1,0.13441890166028098,0.8655810983397191,2283,0.2445721583652618,0.026500638569604086,0.7289272030651341
1200,Baltimore County,3378,Baltimore County Precinct 02-006,350,886,63,3028,3378,1,0.10361160449970397,0.896388395500296,2429,0.26228537596210777,0.018650088809946713,0.7190645352279456
1350,Baltimore County,4946,Baltimore County Precinct 01-017,607,1269,131,4339,4946,1,0.12272543469470279,0.8772745653052972,3546,0.25657096643752525,0.02648604933279418,0.7169429842296805
1351,Baltimore County,3184,Baltimore County Precinct 01-012,2973,684,641,211,3184,1,0.9337311557788944,0.06626884422110553,1859,0.21482412060301506,0.20131909547738694,0.5838567839195979
1352,Baltimore County,2703,Baltimore County Precinct 01-011,2226,614,619,477,2703,1,0.8235294117647058,0.17647058823529413,1470,0.22715501294857565,0.2290048094709582,0.5438401775804661
1353,Baltimore County,2485,Baltimore County Precinct 01-013,2365,636,493,120,2485,1,0.9517102615694165,0.0482897384305835,1356,0.25593561368209256,0.19839034205231387,0.5456740442655935
1354,Baltimore County,3127,Baltimore County Precinct 01-010,2439,694,449,688,3127,1,0.7799808122801407,0.2200191877198593,1984,0.2219379597057883,0.14358810361368723,0.6344739366805244
1355,Baltimore County,3549,Baltimore County Precinct 01-003,1415,861,259,2134,3549,1,0.3987038602423218,0.6012961397576783,2429,0.24260355029585798,0.07297830374753451,0.6844181459566075
1356,Baltimore County,3716,Baltimore County Precinct 01-004,1339,967,306,2377,3716,1,0.36033369214208827,0.6396663078579118,2443,0.2602260495156082,0.08234660925726588,0.657427341227126
1357,Baltimore County,2265,Baltimore County Precinct 01-002,437,562,72,1828,2265,1,0.19293598233995585,0.8070640176600441,1631,0.24812362030905077,0.031788079470198675,0.7200883002207505
1361,Baltimore County,5998,Baltimore County Precinct 01-014,3956,406,486,2042,5998,1,0.6595531843947983,0.34044681560520174,5106,0.06768922974324774,0.081027009003001,0.8512837612537513
1362,Baltimore County,2893,Baltimore County Precinct 13-004,2610,347,641,283,2893,1,0.9021776702385067,0.09782232976149326,1905,0.11994469408918078,0.22156930521949533,0.6584860006913239
1363,Baltimore County,3240,Baltimore County Precinct 13-003,2835,316,607,405,3240,1,0.875,0.125,2317,0.09753086419753086,0.18734567901234567,0.7151234567901235
1364,Baltimore County,2641,Baltimore County Precinct 13-002,2319,267,446,322,2641,1,0.8780764861794774,0.12192351382052254,1928,0.10109806891329041,0.16887542597500946,0.7300265051117001
1365,Baltimore County,2840,Baltimore County Precinct 13-005,2397,345,785,443,2840,1,0.8440140845070423,0.15598591549295773,1710,0.12147887323943662,0.2764084507042254,0.602112676056338
1366,Baltimore County,3604,Baltimore County Precinct 01-009,1703,592,297,1901,3604,1,0.47253052164261933,0.5274694783573807,2715,0.16426193118756938,0.08240843507214206,0.7533296337402886
1367,Baltimore County,3870,Baltimore County Precinct 01-015,2674,620,518,1196,3870,1,0.6909560723514212,0.3090439276485788,2732,0.16020671834625322,0.1338501291989664,0.7059431524547803
1368,Baltimore County,2349,Baltimore County Precinct 01-007,1200,545,209,1149,2349,1,0.5108556832694764,0.4891443167305236,1595,0.23201362281822052,0.08897403150276713,0.6790123456790124
1369,Baltimore County,4333,Baltimore County Precinct 01-008,3296,833,523,1037,4333,1,0.7606738979921532,0.23932610200784676,2977,0.19224555735056542,0.12070159243018694,0.6870528502192477
1370,Baltimore County,4435,Baltimore County Precinct 01-005,1415,1072,251,3020,4435,1,0.31905298759864714,0.6809470124013529,3112,0.24171364148816235,0.05659526493799324,0.7016910935738444
1371,Baltimore County,4619,Baltimore County Precinct 01-001,871,1088,94,3748,4619,1,0.1885689543191167,0.8114310456808833,3437,0.23554882009092878,0.02035072526520892,0.7441004546438623
1372,Baltimore County,4031,Baltimore County Precinct 01-006,733,1272,99,3298,4031,1,0.18184073430910444,0.8181592656908956,2660,0.31555445298933266,0.024559662614735796,0.6598858843959315
1373,Baltimore County,4012,Baltimore County Precinct 13-001,2036,450,403,1976,4012,1,0.5074775672981057,0.49252243270189433,3159,0.11216350947158524,0.10044865403788635,0.7873878364905285
1374,Baltimore County,2661,Baltimore County Precinct 01-016,2481,532,490,180,2661,1,0.9323562570462233,0.06764374295377677,1639,0.19992484028560692,0.184141300263059,0.615933859451334
1708,Baltimore County,2385,Baltimore County Precinct 03-006,2216,590,386,169,2385,1,0.929140461215933,0.07085953878406709,1409,0.24737945492662475,0.16184486373165619,0.5907756813417191
1713,Baltimore County,3977,Baltimore County Precinct 03-007,3337,698,909,640,3977,1,0.8390746794065879,0.1609253205934121,2370,0.1755091777721901,0.22856424440533066,0.5959265778224793
1714,Baltimore County,3393,Baltimore County Precinct 03-011,2447,790,345,946,3393,1,0.7211906867079281,0.2788093132920719,2258,0.23283230179781905,0.10167992926613616,0.6654877689360448
1715,Baltimore County,2089,Baltimore County Precinct 03-013,1842,415,319,247,2089,1,0.8817616084250838,0.11823839157491622,1355,0.1986596457635232,0.1527046433700335,0.6486357108664432
1716,Baltimore County,2964,Baltimore County Precinct 03-010,2695,799,402,269,2964,1,0.9092442645074224,0.0907557354925776,1763,0.26956815114709853,0.13562753036437247,0.594804318488529
1717,Baltimore County,1906,Baltimore County Precinct 08-008,1709,313,360,197,1906,1,0.8966421825813221,0.10335781741867786,1233,0.16421825813221405,0.1888772298006296,0.6469045120671564
1718,Baltimore County,2959,Baltimore County Precinct 04-005,2071,624,365,888,2959,1,0.6998986143967557,0.30010138560324434,1970,0.21088205474822574,0.12335248394727949,0.6657654613044948
1719,Baltimore County,3908,Baltimore County Precinct 04-004,2966,893,498,942,3908,1,0.7589559877175026,0.24104401228249744,2517,0.22850562947799385,0.12743091095189354,0.6440634595701126
1720,Baltimore County,533,Baltimore County Precinct 04-013,478,149,157,55,533,1,0.8968105065666041,0.10318949343339587,227,0.2795497185741088,0.2945590994371482,0.425891181988743
1721,Baltimore County,433,Baltimore County Precinct 04-011,383,77,107,50,433,1,0.8845265588914549,0.11547344110854503,249,0.17782909930715934,0.2471131639722864,0.5750577367205543
1722,Baltimore County,685,Baltimore County Precinct 08-023,608,145,167,77,685,1,0.8875912408759125,0.11240875912408758,373,0.2116788321167883,0.24379562043795622,0.5445255474452555
1723,Baltimore County,510,Baltimore County Precinct 08-021,438,85,133,72,510,1,0.8588235294117647,0.1411764705882353,292,0.16666666666666666,0.2607843137254902,0.5725490196078431
1724,Baltimore County,994,Baltimore County Precinct 08-024,886,179,325,108,994,1,0.8913480885311871,0.10865191146881288,490,0.18008048289738432,0.32696177062374243,0.49295774647887325
1725,Baltimore County,3725,Baltimore County Precinct 08-002,3308,533,820,417,3725,1,0.8880536912751678,0.11194630872483222,2372,0.14308724832214764,0.22013422818791947,0.6367785234899329
