,COUNTY,VAP,NAME,WVAP,BVAP,HVAP,GOV18PD_BJ,GOV18PD_JS,GOV18PD_KV,GOV18PD_RM,GOV18PD_RB,OVAP,TOT_VOTES,factor,WVAP_pct,BVAP_pct,HVAP_pct,OVAP_pct,GOV18PDNone,GOV18PD_BJ_pct,GOV18PD_JS_pct,GOV18PD_KV_pct,GOV18PD_RM_pct,GOV18PD_RB_pct,GOV18PDNone_pct
74,Montgomery,3490,Montgomery Precinct 04-007,1550,258,1105,136,12,20,33,87,577,3490,1,0.44412607449856734,0.07392550143266476,0.3166189111747851,0.16532951289398282,3202,0.03896848137535817,0.0034383954154727794,0.0057306590257879654,0.009455587392550143,0.02492836676217765,0.9174785100286533
75,Montgomery,2962,Montgomery Precinct 04-006,1536,136,922,98,6,27,29,51,368,2962,1,0.5185685347738015,0.04591492234976367,0.3112761647535449,0.12424037812288993,2751,0.03308575286968265,0.002025658338960162,0.00911546252532073,0.009790681971640782,0.017218095881161376,0.9287643484132343
76,Montgomery,1587,Montgomery Precinct 04-027,360,206,510,29,1,5,5,8,511,1587,1,0.22684310018903592,0.12980466288594833,0.32136105860113423,0.3219911783238815,1539,0.018273471959672338,0.000630119722747322,0.00315059861373661,0.00315059861373661,0.005040957781978576,0.9697542533081286
77,Montgomery,1951,Montgomery Precinct 04-009,995,122,505,108,10,26,39,55,329,1951,1,0.5099948744233727,0.06253203485392107,0.25884161968221425,0.16863147104049206,1713,0.055356227575602254,0.005125576627370579,0.013326499231163505,0.01998974884674526,0.028190671450538187,0.8780112762685802
78,Montgomery,3199,Montgomery Precinct 13-051,2034,239,525,185,17,45,82,164,401,3199,1,0.6358236949046577,0.07471084713973117,0.16411378555798686,0.12535167239762426,2706,0.0578305720537668,0.0053141606752110035,0.014066895904970303,0.025633010315723664,0.05126602063144733,0.8458893404188809
79,Montgomery,1806,Montgomery Precinct 04-034,1249,126,158,111,12,32,23,68,273,1806,1,0.6915836101882613,0.06976744186046512,0.08748615725359911,0.1511627906976744,1560,0.061461794019933555,0.006644518272425249,0.017718715393133997,0.01273532668881506,0.03765227021040975,0.8637873754152824
80,Montgomery,2832,Montgomery Precinct 13-043,911,192,1240,85,7,29,29,67,489,2832,1,0.321680790960452,0.06779661016949153,0.4378531073446328,0.17266949152542374,2615,0.03001412429378531,0.0024717514124293787,0.010240112994350282,0.010240112994350282,0.02365819209039548,0.9233757062146892
81,Montgomery,2301,Montgomery Precinct 13-045,911,211,756,76,9,22,24,65,423,2301,1,0.3959148196436332,0.09169926119078661,0.3285528031290743,0.18383311603650587,2105,0.03302911777488049,0.003911342894393742,0.009561060408518035,0.010430247718383311,0.02824858757062147,0.914819643633203
82,Montgomery,4265,Montgomery Precinct 13-036,1040,440,1881,90,6,29,45,50,904,4265,1,0.24384525205158264,0.10316529894490035,0.441031652989449,0.211957796014068,4045,0.021101992966002344,0.001406799531066823,0.006799531066822978,0.010550996483001172,0.011723329425556858,0.9484173505275498
83,Montgomery,3162,Montgomery Precinct 13-037,1002,276,1409,70,7,20,33,53,475,3162,1,0.31688804554079697,0.0872865275142315,0.44560404807084125,0.15022137887413028,2979,0.022137887413029727,0.002213788741302973,0.006325110689437065,0.010436432637571158,0.016761543327008223,0.9421252371916509
84,Montgomery,3854,Montgomery Precinct 13-035,962,457,1733,126,3,26,30,54,702,3854,1,0.24961079398028022,0.11857810067462377,0.4496626881162429,0.18214841722885314,3615,0.03269330565646082,0.0007784120394395433,0.006746237675142709,0.007784120394395433,0.01401141670991178,0.9379865075246497
85,Montgomery,5497,Montgomery Precinct 13-064,833,2253,1847,116,5,15,22,82,564,5497,1,0.15153720211024194,0.40985992359468804,0.33600145533927595,0.10260141895579407,5257,0.0211024195015463,0.0009095870474804438,0.0027287611424413314,0.004002183008913953,0.01491722757867928,0.9563398217209387
86,Montgomery,2249,Montgomery Precinct 13-052,1568,153,273,143,12,36,38,112,255,2249,1,0.6971987550022232,0.06803023566029347,0.12138728323699421,0.11338372610048911,1908,0.06358381502890173,0.005335704757670075,0.01600711427301023,0.016896398399288574,0.04979991107158737,0.848377056469542
87,Montgomery,2706,Montgomery Precinct 08-003,2131,125,127,168,24,32,73,141,323,2706,1,0.7875092387287509,0.046193643754619367,0.04693274205469328,0.11936437546193644,2268,0.06208425720620843,0.008869179600886918,0.011825572801182557,0.02697708795269771,0.052106430155210645,0.8381374722838137
88,Montgomery,2330,Montgomery Precinct 13-046,1386,209,414,113,9,21,25,103,321,2330,1,0.5948497854077254,0.08969957081545064,0.17768240343347638,0.13776824034334764,2059,0.04849785407725322,0.0038626609442060085,0.009012875536480686,0.01072961373390558,0.04420600858369099,0.8836909871244635
89,Montgomery,1337,Montgomery Precinct 08-004,1020,77,72,53,6,8,13,43,168,1337,1,0.762902019446522,0.05759162303664921,0.05385190725504862,0.1256544502617801,1214,0.039640987284966345,0.004487658937920718,0.005983545250560957,0.009723261032161555,0.03216155572176515,0.9080029917726253
90,Montgomery,2775,Montgomery Precinct 08-008,1990,217,170,102,16,35,30,118,398,2775,1,0.7171171171171171,0.0781981981981982,0.06126126126126126,0.14342342342342343,2474,0.036756756756756756,0.005765765765765766,0.012612612612612612,0.010810810810810811,0.042522522522522525,0.8915315315315315
91,Montgomery,3472,Montgomery Precinct 08-009,2306,348,411,177,13,33,86,113,407,3472,1,0.6641705069124424,0.10023041474654378,0.11837557603686635,0.11722350230414746,3050,0.05097926267281106,0.0037442396313364054,0.009504608294930876,0.02476958525345622,0.032546082949308754,0.8784562211981567
92,Montgomery,3315,Montgomery Precinct 08-001,2336,356,270,197,15,36,48,135,353,3315,1,0.7046757164404224,0.10739064856711915,0.08144796380090498,0.10648567119155354,2884,0.05942684766214178,0.004524886877828055,0.01085972850678733,0.014479638009049774,0.04072398190045249,0.8699849170437406
93,Montgomery,2576,Montgomery Precinct 08-012,1661,311,153,114,7,34,27,95,451,2576,1,0.6447981366459627,0.12072981366459627,0.0593944099378882,0.1750776397515528,2299,0.04425465838509317,0.002717391304347826,0.013198757763975156,0.01048136645962733,0.03687888198757764,0.8924689440993789
94,Montgomery,2565,Montgomery Precinct 08-005,2188,142,117,124,11,25,35,84,118,2565,1,0.8530214424951267,0.055360623781676416,0.0456140350877193,0.04600389863547758,2286,0.04834307992202729,0.0042884990253411305,0.009746588693957114,0.01364522417153996,0.03274853801169591,0.8912280701754386
95,Montgomery,3510,Montgomery Precinct 01-002,2324,496,378,100,10,17,33,62,312,3510,1,0.6621082621082621,0.1413105413105413,0.1076923076923077,0.08888888888888889,3288,0.02849002849002849,0.002849002849002849,0.004843304843304843,0.009401709401709401,0.017663817663817662,0.9367521367521368
96,Montgomery,3657,Montgomery Precinct 12-003,2956,189,252,112,16,27,18,68,260,3657,1,0.8083128247197157,0.051681706316652996,0.06890894175553733,0.07109652720809406,3416,0.030626196335794366,0.004375170905113481,0.007383100902378999,0.004922067268252666,0.018594476346732294,0.9340989882417282
97,Montgomery,2213,Montgomery Precinct 12-001,1875,77,195,48,5,10,17,25,66,2213,1,0.8472661545413466,0.034794396746497966,0.08811568007230004,0.0298237686398554,2108,0.021690013556258474,0.0022593764121102574,0.004518752824220515,0.0076818798011748755,0.011296882060551287,0.9525530953456846
98,Montgomery,2541,Montgomery Precinct 01-001,2052,172,149,65,7,15,14,44,168,2541,1,0.807556080283353,0.06768988587170405,0.05863833136560409,0.06611570247933884,2396,0.02558048012593467,0.0027548209366391185,0.0059031877213695395,0.005509641873278237,0.017316017316017316,0.9429358520267611
353,Montgomery,2107,Montgomery Precinct 03-002,1792,103,147,91,17,49,27,62,65,2107,1,0.8504983388704319,0.04888467014712862,0.06976744186046512,0.030849549121974372,1861,0.04318936877076412,0.008068343616516375,0.023255813953488372,0.012814428096820124,0.029425723777883245,0.8832463217845278
354,Montgomery,2553,Montgomery Precinct 03-001,2159,166,142,124,11,38,45,77,86,2553,1,0.8456717587152369,0.06502154328241284,0.055620838229533884,0.033685859772816296,2258,0.04857030943987466,0.004308656482569526,0.014884449667058363,0.01762632197414806,0.030160595377986682,0.8844496670583627
355,Montgomery,1784,Montgomery Precinct 11-000,1537,130,72,81,14,17,34,60,45,1784,1,0.8615470852017937,0.07286995515695067,0.04035874439461883,0.02522421524663677,1578,0.04540358744394619,0.007847533632286996,0.00952914798206278,0.01905829596412556,0.033632286995515695,0.8845291479820628
357,Montgomery,2683,Montgomery Precinct 10-010,2126,73,89,98,16,28,34,151,395,2683,1,0.7923965710026091,0.02720834886321282,0.03317182258665673,0.14722325754752144,2356,0.036526276556093924,0.005963473723443906,0.010436079016026835,0.0126723816623183,0.05628028326500186,0.8781215057771151
358,Montgomery,2533,Montgomery Precinct 10-002,1848,50,137,55,18,23,23,94,498,2533,1,0.7295696802210817,0.01973943939992104,0.05408606395578366,0.1966048164232136,2320,0.021713383339913146,0.007106198183971575,0.009080142123963679,0.009080142123963679,0.037110146071851556,0.9159099881563364
359,Montgomery,1582,Montgomery Precinct 10-001,1196,49,44,41,8,21,13,53,293,1582,1,0.7560050568900126,0.030973451327433628,0.02781289506953224,0.18520859671302148,1446,0.025916561314791402,0.0050568900126422255,0.01327433628318584,0.008217446270543615,0.03350189633375474,0.9140328697850821
360,Montgomery,1642,Montgomery Precinct 10-013,1102,47,62,50,12,25,20,73,431,1642,1,0.6711327649208283,0.028623629719853837,0.037758830694275276,0.2624847746650426,1462,0.030450669914738125,0.007308160779537149,0.015225334957369063,0.012180267965895249,0.044457978075517664,0.8903775883069428
361,Montgomery,2293,Montgomery Precinct 10-006,1631,68,130,79,13,25,25,139,464,2293,1,0.7112952464020933,0.02965547317924117,0.056694286960314,0.2023549934583515,2012,0.034452682075883125,0.0056694286960314,0.010902747492368076,0.010902747492368076,0.06061927605756651,0.8774531181857829
362,Montgomery,2754,Montgomery Precinct 10-007,2119,112,120,120,10,34,43,149,403,2754,1,0.7694262890341321,0.04066811909949165,0.04357298474945534,0.14633260711692084,2398,0.04357298474945534,0.0036310820624546117,0.012345679012345678,0.01561365286855483,0.05410312273057371,0.8707334785766159
363,Montgomery,2878,Montgomery Precinct 07-003,2258,107,131,225,19,37,53,251,382,2878,1,0.7845726198749131,0.03717859624739402,0.04551772063933287,0.13273106323835998,2293,0.07817929117442668,0.00660180681028492,0.012856150104239055,0.01841556636553162,0.0872133425990271,0.7967338429464906
364,Montgomery,2119,Montgomery Precinct 07-022,1760,67,106,165,17,36,54,160,186,2119,1,0.830580462482303,0.03161868806040585,0.05002359603586597,0.0877772534214252,1687,0.0778669183577159,0.008022652194431336,0.016989145823501653,0.025483718735252476,0.07550731477111845,0.7961302501179802
365,Montgomery,2648,Montgomery Precinct 10-009,1916,105,133,56,14,14,40,99,494,2648,1,0.7235649546827795,0.03965256797583082,0.05022658610271903,0.1865558912386707,2425,0.021148036253776436,0.005287009063444109,0.005287009063444109,0.015105740181268883,0.037386706948640484,0.915785498489426
366,Montgomery,1510,Montgomery Precinct 10-004,1093,60,74,55,11,17,32,97,283,1510,1,0.723841059602649,0.039735099337748346,0.04900662251655629,0.18741721854304635,1298,0.03642384105960265,0.00728476821192053,0.011258278145695364,0.02119205298013245,0.06423841059602649,0.8596026490066225
367,Montgomery,2274,Montgomery Precinct 10-005,1625,65,107,79,20,17,23,119,477,2274,1,0.7145998240985049,0.028583992963940194,0.047053649956024624,0.20976253298153033,2016,0.034740545294635,0.008795074758135445,0.007475813544415127,0.010114335971855761,0.052330694810905895,0.8865435356200527
368,Montgomery,3358,Montgomery Precinct 04-012,2173,110,277,151,27,48,68,176,798,3358,1,0.6471113758189398,0.03275759380583681,0.0824895771292436,0.23764145324597974,2888,0.044967242406194166,0.008040500297796307,0.01429422275163788,0.02025014889815366,0.052412150089338895,0.8600357355568791
369,Montgomery,2320,Montgomery Precinct 10-003,1721,91,176,80,10,30,38,149,332,2320,1,0.7418103448275862,0.039224137931034485,0.07586206896551724,0.14310344827586208,2013,0.034482758620689655,0.004310344827586207,0.01293103448275862,0.016379310344827588,0.06422413793103449,0.8676724137931034
370,Montgomery,3272,Montgomery Precinct 07-015,2621,86,174,172,19,30,85,266,391,3272,1,0.801039119804401,0.02628361858190709,0.053178484107579464,0.11949877750611247,2700,0.05256723716381418,0.005806845965770171,0.009168704156479218,0.02597799511002445,0.0812958435207824,0.8251833740831296
414,Montgomery,1927,Montgomery Precinct 07-005,1663,77,75,111,16,18,120,217,112,1927,1,0.8629994810586403,0.03995848469122989,0.038920601971977165,0.05812143227815257,1445,0.057602490918526206,0.008303061754021795,0.00934094447327452,0.062272963155163466,0.1126102750389206,0.7498702646600934
415,Montgomery,2403,Montgomery Precinct 13-039,1605,319,264,156,16,35,131,153,215,2403,1,0.6679151061173533,0.13275072825634623,0.10986267166042447,0.08947149396587599,1912,0.06491885143570537,0.006658343736995423,0.014565126924677487,0.05451518934665002,0.06367041198501873,0.795672076570953
416,Montgomery,4752,Montgomery Precinct 13-047,2084,1670,390,270,10,34,39,139,608,4752,1,0.4385521885521885,0.3514309764309764,0.08207070707070707,0.12794612794612795,4260,0.056818181818181816,0.0021043771043771043,0.007154882154882155,0.008207070707070708,0.02925084175084175,0.8964646464646465
417,Montgomery,2398,Montgomery Precinct 13-004,1617,354,254,318,9,50,111,225,173,2398,1,0.6743119266055045,0.14762301918265222,0.10592160133444536,0.07214345287739783,1685,0.13261050875729774,0.0037531276063386154,0.020850708924103418,0.04628857381150959,0.09382819015846539,0.7026688907422852
418,Montgomery,3101,Montgomery Precinct 13-008,1299,1083,432,206,6,38,41,137,287,3101,1,0.41889712995807804,0.3492421799419542,0.13930990003224766,0.09255079006772009,2673,0.06643018381167365,0.0019348597226701064,0.012254111576910674,0.013221541438245728,0.04417929700096743,0.8619800064495324
419,Montgomery,2029,Montgomery Precinct 13-003,1652,164,100,90,13,24,135,220,113,2029,1,0.8141941843272548,0.08082799408575653,0.04928536224741252,0.055692459339576145,1547,0.04435682602267127,0.006407097092163627,0.011828486939379004,0.0665352390340069,0.10842779694430754,0.7624445539674717
420,Montgomery,3334,Montgomery Precinct 13-016,768,1203,1062,146,6,17,94,134,301,3334,1,0.23035392921415718,0.3608278344331134,0.31853629274145173,0.09028194361127774,2937,0.04379124175164967,0.001799640071985603,0.005098980203959208,0.028194361127774445,0.04019196160767846,0.8809238152369526
421,Montgomery,2788,Montgomery Precinct 13-065,1261,865,310,121,4,25,25,58,352,2788,1,0.45229555236728836,0.3102582496413199,0.11119081779053085,0.12625538020086083,2555,0.043400286944045914,0.0014347202295552368,0.008967001434720229,0.008967001434720229,0.02080344332855093,0.9164275466284074
422,Montgomery,2551,Montgomery Precinct 13-007,1648,474,234,209,13,45,177,196,195,2551,1,0.6460211681693454,0.1858094864758918,0.09172873382987064,0.0764406115248922,1911,0.08192865542924344,0.005096040768326146,0.01764014112112897,0.06938455507644062,0.07683261466091729,0.7491179929439435
423,Montgomery,2274,Montgomery Precinct 13-024,1361,339,258,173,6,35,112,137,316,2274,1,0.5985048372911169,0.14907651715039577,0.11345646437994723,0.13896218117854,1811,0.0760773966578716,0.002638522427440633,0.015391380826737027,0.04925241864555849,0.060246262093227795,0.7963940193491644
1110,Montgomery,1766,Montgomery Precinct 07-028,1362,46,110,85,8,17,37,146,248,1766,1,0.7712344280860702,0.026047565118912798,0.0622876557191393,0.1404303510758777,1473,0.04813137032842582,0.004530011325028313,0.009626274065685165,0.020951302378255945,0.08267270668176671,0.834088335220838
1111,Montgomery,3027,Montgomery Precinct 10-012,1945,289,204,152,15,24,42,150,589,3027,1,0.6425503799141064,0.09547406673273869,0.06739345887016848,0.19458209448298647,2644,0.050214734060125533,0.004955401387512388,0.007928642220019821,0.013875123885034688,0.049554013875123884,0.8734720845721837
1112,Montgomery,1301,Montgomery Precinct 04-032,978,26,117,48,6,10,27,93,180,1301,1,0.7517294388931591,0.019984627209838585,0.08993082244427364,0.13835511145272866,1117,0.03689469638739431,0.004611837048424289,0.007686395080707148,0.0207532667179093,0.07148347425057648,0.8585703305149884
1113,Montgomery,2349,Montgomery Precinct 10-011,1333,228,298,84,5,14,22,69,490,2349,1,0.56747552149851,0.0970625798212005,0.12686249467858662,0.20859940400170285,2155,0.035759897828863345,0.0021285653469561515,0.005959982971477224,0.009365687526607066,0.02937420178799489,0.9174116645381013
1114,Montgomery,1957,Montgomery Precinct 04-013,1683,27,95,139,10,32,84,197,152,1957,1,0.8599897802759325,0.013796627491057742,0.04854368932038835,0.07766990291262135,1495,0.07102708226877874,0.005109862033725089,0.016351558507920288,0.04292284108329075,0.10066428206438426,0.7639243740419008
1115,Montgomery,2330,Montgomery Precinct 07-018,2050,40,106,175,20,26,72,231,134,2330,1,0.8798283261802575,0.017167381974248927,0.045493562231759654,0.05751072961373391,1806,0.07510729613733906,0.008583690987124463,0.011158798283261802,0.030901287553648068,0.09914163090128755,0.7751072961373391
1116,Montgomery,2454,Montgomery Precinct 07-024,2091,31,150,130,21,22,71,241,182,2454,1,0.8520782396088019,0.01263243683781581,0.061124694376528114,0.07416462917685411,1969,0.05297473512632437,0.008557457212713936,0.008964955175224124,0.02893235533822331,0.09820700896495517,0.8023634881825591
1117,Montgomery,1711,Montgomery Precinct 07-027,1486,15,114,81,26,16,30,128,96,1711,1,0.8684979544126242,0.008766803039158387,0.06662770309760374,0.056107539450613676,1430,0.04734073641145529,0.015195791934541203,0.009351256575102279,0.017533606078316773,0.07481005260081823,0.8357685563997662
1118,Montgomery,3393,Montgomery Precinct 07-013,2701,125,235,171,16,25,74,267,332,3393,1,0.7960506926024168,0.036840554081933395,0.06926024167403477,0.0978485116416151,2840,0.050397877984084884,0.004715590922487474,0.0073681108163866785,0.02180960801650457,0.07869142351900972,0.8370173887415266
1119,Montgomery,2602,Montgomery Precinct 07-012,2240,35,111,150,23,23,103,223,216,2602,1,0.8608762490392006,0.013451191391237509,0.04265949269792468,0.0830130668716372,2080,0.05764796310530361,0.008839354342813221,0.008839354342813221,0.039584934665641815,0.08570330514988471,0.7993850883935434
1120,Montgomery,4520,Montgomery Precinct 07-004,3440,196,320,249,28,41,98,276,564,4520,1,0.7610619469026548,0.04336283185840708,0.07079646017699115,0.12477876106194691,3828,0.05508849557522124,0.006194690265486726,0.009070796460176991,0.02168141592920354,0.061061946902654866,0.8469026548672567
1121,Montgomery,1823,Montgomery Precinct 07-007,1553,38,100,106,18,28,57,201,132,1823,1,0.8518924849149753,0.020844761382336808,0.05485463521667581,0.07240811848601207,1413,0.058145913329676356,0.009873834339001646,0.015359297860669226,0.031267142073505214,0.11025781678551838,0.7750959956116292
1122,Montgomery,3525,Montgomery Precinct 07-011,2810,121,266,184,15,25,148,252,328,3525,1,0.7971631205673759,0.03432624113475177,0.07546099290780142,0.09304964539007092,2901,0.05219858156028369,0.00425531914893617,0.0070921985815602835,0.04198581560283688,0.07148936170212766,0.8229787234042554
1123,Montgomery,5321,Montgomery Precinct 07-026,3875,282,424,210,13,31,112,291,740,5321,1,0.7282465701935726,0.05299755685021613,0.07968426987408382,0.13907160308212743,4664,0.039466265739522645,0.0024431497838752116,0.0058259725615485815,0.021048675061078746,0.05468896823905281,0.876526968614922
1124,Montgomery,2181,Montgomery Precinct 07-001,1599,99,203,91,8,19,57,90,280,2181,1,0.7331499312242091,0.0453920220082531,0.09307657038055937,0.12838147638697844,1916,0.041723979825768,0.0036680421824850985,0.00871160018340211,0.026134800550206328,0.04126547455295736,0.8784961027051811
1125,Montgomery,1793,Montgomery Precinct 07-002,1663,12,58,78,18,16,102,170,60,1793,1,0.9274958170663692,0.006692693809258227,0.03234802007808143,0.03346346904629113,1409,0.04350250976017847,0.010039040713887339,0.008923591745677636,0.05688789737869492,0.09481316229782487,0.7858337981037368
1126,Montgomery,2058,Montgomery Precinct 07-006,1844,22,90,63,9,12,136,141,102,2058,1,0.8960155490767736,0.010689990281827016,0.043731778425655975,0.04956268221574344,1697,0.030612244897959183,0.004373177842565598,0.0058309037900874635,0.06608357628765792,0.06851311953352769,0.8245869776482021
1127,Montgomery,1085,Montgomery Precinct 07-021,993,7,30,48,10,13,95,101,55,1085,1,0.9152073732718894,0.0064516129032258064,0.027649769585253458,0.05069124423963134,818,0.04423963133640553,0.009216589861751152,0.011981566820276499,0.08755760368663594,0.09308755760368663,0.7539170506912443
1128,Montgomery,2548,Montgomery Precinct 07-020,1786,114,231,125,15,36,52,150,417,2548,1,0.7009419152276295,0.044740973312401885,0.09065934065934066,0.16365777080062793,2170,0.04905808477237049,0.005886970172684459,0.0141287284144427,0.02040816326530612,0.05886970172684458,0.8516483516483516
1129,Montgomery,2356,Montgomery Precinct 07-025,1718,159,184,153,12,31,54,143,295,2356,1,0.7292020373514432,0.06748726655348047,0.07809847198641766,0.12521222410865873,1963,0.06494057724957555,0.0050933786078098476,0.013157894736842105,0.022920203735144314,0.060696095076400676,0.8331918505942275
1130,Montgomery,3378,Montgomery Precinct 07-010,2587,140,235,177,10,34,113,197,416,3378,1,0.7658377738306691,0.04144464179988159,0.06956779159265838,0.123149792776791,2847,0.052397868561278864,0.002960331557134399,0.010065127294256957,0.03345174659561871,0.05831853167554766,0.8428063943161634
1131,Montgomery,1339,Montgomery Precinct 07-031,1068,53,81,86,7,9,31,95,137,1339,1,0.7976101568334578,0.039581777445855115,0.060492905153099324,0.10231516056758776,1111,0.0642270351008215,0.005227781926811053,0.006721433905899925,0.02315160567587752,0.07094846900672143,0.8297236743838685
1132,Montgomery,3359,Montgomery Precinct 04-018,2439,144,266,145,18,28,62,184,510,3359,1,0.7261089610002978,0.04286990175647514,0.07919023518904436,0.1518309020541828,2922,0.04316760940756177,0.005358737719559393,0.008335814230425722,0.01845787436737124,0.054778207799940457,0.8699017564751415
1133,Montgomery,2203,Montgomery Precinct 04-028,1437,232,159,69,2,14,13,47,375,2203,1,0.6522923286427599,0.1053109396277803,0.07217430776214254,0.1702224239673173,2058,0.031320926009986386,0.0009078529278256923,0.006354970494779845,0.005901044030866999,0.021334543803903767,0.9341806627326373
1134,Montgomery,3906,Montgomery Precinct 04-031,2703,270,298,144,11,38,56,137,635,3906,1,0.6920122887864824,0.06912442396313365,0.07629288274449565,0.1625704045058884,3520,0.03686635944700461,0.0028161802355350742,0.00972862263184844,0.014336917562724014,0.0350742447516641,0.9011776753712237
1135,Montgomery,3257,Montgomery Precinct 04-010,2452,157,215,118,12,22,45,112,433,3257,1,0.7528400368437212,0.048203868590727665,0.06601166717838501,0.1329444273871661,2948,0.03622965919557875,0.00368437212158428,0.006754682222904513,0.01381639545594105,0.034387473134786614,0.9051274178692048
1136,Montgomery,2490,Montgomery Precinct 04-017,1774,131,199,133,18,26,55,180,386,2490,1,0.7124497991967872,0.05261044176706827,0.07991967871485944,0.15502008032128514,2078,0.053413654618473895,0.007228915662650603,0.010441767068273093,0.02208835341365462,0.07228915662650602,0.8345381526104417
1137,Montgomery,3550,Montgomery Precinct 04-008,2235,303,263,230,24,46,166,235,749,3550,1,0.6295774647887324,0.08535211267605634,0.07408450704225353,0.21098591549295775,2849,0.0647887323943662,0.0067605633802816905,0.012957746478873239,0.04676056338028169,0.06619718309859154,0.8025352112676056
1264,Montgomery,3965,Montgomery Precinct 07-008,2981,161,274,145,23,33,39,155,549,3965,1,0.7518284993694829,0.04060529634300126,0.0691046658259773,0.13846153846153847,3570,0.03656998738965952,0.005800756620428752,0.00832282471626734,0.009836065573770493,0.03909205548549811,0.9003783102143758
1265,Montgomery,2847,Montgomery Precinct 07-009,2231,129,240,141,16,25,102,162,247,2847,1,0.7836318932209343,0.045310853530031614,0.08429926238145416,0.0867579908675799,2401,0.04952581664910432,0.005619950825430277,0.008781173164734809,0.03582718651211802,0.05690200210748156,0.843343870741131
1266,Montgomery,1400,Montgomery Precinct 07-032,1222,66,50,50,4,5,47,70,62,1400,1,0.8728571428571429,0.047142857142857146,0.03571428571428571,0.04428571428571428,1224,0.03571428571428571,0.002857142857142857,0.0035714285714285713,0.03357142857142857,0.05,0.8742857142857143
1267,Montgomery,1964,Montgomery Precinct 07-016,1563,157,98,131,11,25,102,164,146,1964,1,0.7958248472505092,0.079938900203666,0.04989816700610998,0.07433808553971487,1531,0.06670061099796334,0.00560081466395112,0.012729124236252547,0.051934826883910386,0.0835030549898167,0.7795315682281059
1268,Montgomery,3443,Montgomery Precinct 04-004,2536,193,311,118,7,21,45,116,403,3443,1,0.7365669474295672,0.05605576532094104,0.09032820214928841,0.11704908510020332,3136,0.03427243682834737,0.0020331106593087424,0.006099331977926227,0.013069997095556202,0.03369154806854487,0.9108335753703166
1269,Montgomery,5607,Montgomery Precinct 04-015,2542,422,1490,75,4,13,16,34,1153,5607,1,0.45336186909220616,0.07526306402710897,0.26573925450329944,0.2056358123773854,5465,0.01337613697164259,0.0007133939718209382,0.002318530408418049,0.0028535758872837527,0.006063848760477974,0.9746745140003567
1270,Montgomery,4958,Montgomery Precinct 13-025,1182,1041,2007,137,7,20,73,64,728,4958,1,0.23840258168616377,0.2099636950383219,0.4048003227107705,0.14683340056474384,4657,0.02763210972166196,0.0014118596208148447,0.004033884630899556,0.01472367890278338,0.01290843081887858,0.9392900363049617
1271,Montgomery,2485,Montgomery Precinct 13-034,1903,166,217,141,15,22,178,121,199,2485,1,0.7657947686116701,0.06680080482897384,0.08732394366197183,0.0800804828973843,2008,0.05674044265593561,0.006036217303822937,0.008853118712273641,0.0716297786720322,0.04869215291750503,0.8080482897384306
1272,Montgomery,2625,Montgomery Precinct 13-040,1669,275,374,121,6,23,162,66,307,2625,1,0.6358095238095238,0.10476190476190476,0.14247619047619048,0.11695238095238095,2247,0.04609523809523809,0.002285714285714286,0.008761904761904762,0.061714285714285715,0.025142857142857144,0.856
1273,Montgomery,1874,Montgomery Precinct 06-009,1464,93,87,83,8,27,37,86,230,1874,1,0.7812166488794023,0.049626467449306294,0.046424759871931696,0.12273212379935966,1633,0.04429028815368197,0.004268943436499467,0.0144076840981857,0.019743863393810034,0.04589114194236926,0.8713980789754536
1274,Montgomery,2092,Montgomery Precinct 06-001,1647,105,85,65,17,23,28,74,255,2092,1,0.7872848948374761,0.05019120458891013,0.04063097514340344,0.12189292543021032,1885,0.03107074569789675,0.008126195028680689,0.010994263862332695,0.01338432122370937,0.03537284894837476,0.9010516252390057
1275,Montgomery,4802,Montgomery Precinct 06-011,1585,511,366,3,0,0,0,4,2340,4802,1,0.33007080383173676,0.10641399416909621,0.07621824239900042,0.4872969596001666,4795,0.0006247396917950854,0.0,0.0,0.0,0.0008329862557267805,0.9985422740524781
1276,Montgomery,3610,Montgomery Precinct 06-007,1633,479,289,135,22,48,21,116,1209,3610,1,0.4523545706371191,0.13268698060941828,0.08005540166204986,0.3349030470914127,3268,0.037396121883656507,0.006094182825484765,0.013296398891966758,0.005817174515235457,0.03213296398891967,0.9052631578947369
1277,Montgomery,4116,Montgomery Precinct 06-010,1639,865,860,168,14,41,14,78,752,4116,1,0.39820213799805637,0.21015549076773565,0.20894071914480078,0.1827016520894072,3801,0.04081632653061224,0.003401360544217687,0.009961127308066083,0.003401360544217687,0.018950437317784258,0.923469387755102
1278,Montgomery,4374,Montgomery Precinct 02-004,2221,974,600,183,9,48,34,105,579,4374,1,0.5077732053040696,0.22267946959304985,0.13717421124828533,0.13237311385459533,3995,0.04183813443072702,0.00205761316872428,0.010973936899862825,0.007773205304069501,0.02400548696844993,0.9133516232281664
1279,Montgomery,3017,Montgomery Precinct 06-006,1327,114,133,122,15,28,40,103,1443,3017,1,0.4398409015578389,0.0377858800132582,0.04408352668213457,0.47828969174676833,2709,0.04043752071594299,0.004971826317533974,0.009280742459396751,0.013258203513423931,0.03413987404706662,0.8979118329466357
1280,Montgomery,2009,Montgomery Precinct 06-005,1479,119,107,207,12,57,34,129,304,2009,1,0.7361871577899453,0.059233449477351915,0.053260328521652564,0.15131906421105026,1570,0.10303633648581384,0.005973120955699353,0.028372324539571926,0.016923842707814832,0.06421105027376804,0.781483325037332
1281,Montgomery,1603,Montgomery Precinct 06-014,922,145,84,59,9,1,20,37,452,1603,1,0.5751715533374921,0.09045539613225202,0.05240174672489083,0.28197130380536495,1477,0.036805988771054274,0.0056144728633811605,0.0006238303181534623,0.012476606363069246,0.023081721771678103,0.9213973799126638
1282,Montgomery,1874,Montgomery Precinct 06-013,1179,90,124,69,13,35,20,63,481,1874,1,0.6291355389541089,0.048025613660619,0.06616862326574173,0.25667022411953044,1674,0.0368196371398079,0.006937033084311633,0.018676627534685165,0.010672358591248666,0.0336179295624333,0.8932764140875133
1283,Montgomery,2208,Montgomery Precinct 06-004,1418,58,91,144,17,48,50,134,641,2208,1,0.6422101449275363,0.026268115942028984,0.04121376811594203,0.29030797101449274,1815,0.06521739130434782,0.007699275362318841,0.021739130434782608,0.022644927536231884,0.06068840579710145,0.8220108695652174
1284,Montgomery,3777,Montgomery Precinct 09-027,2856,228,217,213,10,31,46,146,476,3777,1,0.756155679110405,0.06036536934074663,0.057453005030447445,0.12602594651840085,3331,0.056393963463065924,0.0026476039184537992,0.008207572147206778,0.012178978024887478,0.03865501720942547,0.8819168652369606
1285,Montgomery,2727,Montgomery Precinct 04-020,1503,115,87,169,25,27,59,193,1022,2727,1,0.5511551155115512,0.042170883755042174,0.0319031903190319,0.37477081041437477,2254,0.06197286395306197,0.009167583425009167,0.009900990099009901,0.021635496883021636,0.07077374404107077,0.8265493215988265
1286,Montgomery,3226,Montgomery Precinct 04-024,1681,253,140,89,19,23,24,67,1152,3226,1,0.5210787352758834,0.07842529448233106,0.04339739615623062,0.35709857408555484,3004,0.02758834469931804,0.005889646621202728,0.00712957222566646,0.007439553626782393,0.020768753874767513,0.9311841289522629
1287,Montgomery,3648,Montgomery Precinct 06-008,1578,116,142,103,18,32,39,89,1812,3648,1,0.43256578947368424,0.03179824561403509,0.03892543859649123,0.4967105263157895,3367,0.02823464912280702,0.004934210526315789,0.008771929824561403,0.01069078947368421,0.024396929824561403,0.9229714912280702
1288,Montgomery,4395,Montgomery Precinct 09-035,3188,132,170,142,21,77,54,157,905,4395,1,0.7253697383390216,0.030034129692832763,0.038680318543799774,0.20591581342434584,3944,0.0323094425483504,0.00477815699658703,0.017519908987485778,0.012286689419795221,0.035722411831626846,0.8973833902161548
1381,Montgomery,3114,Montgomery Precinct 09-033,1608,352,266,66,4,19,14,43,888,3114,1,0.5163776493256262,0.11303789338471419,0.08542068079640334,0.28516377649325625,2968,0.02119460500963391,0.0012845215157353885,0.0061014771997430954,0.00449582530507386,0.013808606294155427,0.9531149646756584
1382,Montgomery,5213,Montgomery Precinct 09-006,2366,669,696,140,5,39,29,108,1482,5213,1,0.4538653366583541,0.12833301361979665,0.13351237291386917,0.28428927680798005,4892,0.026855937080375984,0.0009591406100134279,0.007481296758104738,0.005563015538077882,0.020717437176290043,0.9384231728371379
1383,Montgomery,2473,Montgomery Precinct 06-003,1678,137,200,109,15,36,43,83,458,2473,1,0.6785281035179943,0.05539830165790538,0.08087343307723413,0.18520016174686615,2187,0.0440760210270926,0.00606550748079256,0.014557217953902144,0.017387788111605337,0.03356247472705216,0.8843509906995553
1384,Montgomery,6411,Montgomery Precinct 09-008,2167,1758,1382,124,6,24,34,93,1104,6411,1,0.3380127905163001,0.27421619092185306,0.21556699422866948,0.17220402433317736,6130,0.019341756356262674,0.0009358914365933552,0.003743565746373421,0.005303384807362346,0.014506317267197005,0.9561690843862112
1385,Montgomery,3028,Montgomery Precinct 09-029,1472,608,555,137,5,31,20,62,393,3028,1,0.4861294583883752,0.20079260237780713,0.1832892998678996,0.12978863936591808,2773,0.0452443857331572,0.0016512549537648614,0.01023778071334214,0.0066050198150594455,0.02047556142668428,0.915785997357992
1386,Montgomery,4029,Montgomery Precinct 09-018,1196,1057,1069,72,4,17,15,61,707,4029,1,0.2968478530652767,0.26234797716554975,0.2653263837180442,0.17547778605112932,3860,0.017870439314966492,0.0009928021841648052,0.004219409282700422,0.0037230081906180195,0.015140233308513279,0.958054107719037
1387,Montgomery,4242,Montgomery Precinct 09-034,1276,1125,1123,115,6,27,15,98,718,4242,1,0.3008015087223008,0.2652050919377652,0.26473361621876473,0.16925978312116927,3981,0.02710985384252711,0.0014144271570014145,0.006364922206506365,0.003536067892503536,0.0231023102310231,0.9384724186704385
1388,Montgomery,3583,Montgomery Precinct 09-013,2194,270,327,134,13,40,22,119,792,3583,1,0.6123360312587217,0.07535584705554005,0.09126430365615407,0.22104381802958414,3255,0.03739882779793469,0.003628244487859336,0.011163829193413341,0.006140106056377337,0.03321239185040469,0.9084566006140106
1389,Montgomery,3560,Montgomery Precinct 09-003,1141,790,929,81,7,27,28,62,700,3560,1,0.3205056179775281,0.22191011235955055,0.26095505617977527,0.19662921348314608,3355,0.022752808988764046,0.001966292134831461,0.007584269662921348,0.007865168539325843,0.01741573033707865,0.9424157303370787
1390,Montgomery,2530,Montgomery Precinct 09-024,734,568,647,72,4,30,14,40,581,2530,1,0.2901185770750988,0.22450592885375495,0.2557312252964427,0.22964426877470356,2370,0.028458498023715414,0.0015810276679841897,0.011857707509881422,0.005533596837944664,0.015810276679841896,0.9367588932806324
1391,Montgomery,5966,Montgomery Precinct 09-016,1159,1271,2006,75,9,17,15,50,1530,5966,1,0.1942675159235669,0.21304056319141804,0.33623868588669126,0.25645323499832384,5800,0.012571237009721757,0.0015085484411666108,0.0028494803888702647,0.0025142474019443513,0.008380824673147838,0.9721756620851492
1392,Montgomery,3092,Montgomery Precinct 09-030,1208,569,479,120,9,30,14,69,836,3092,1,0.3906856403622251,0.18402328589909445,0.15491591203104788,0.2703751617076326,2850,0.03880983182406209,0.0029107373868046574,0.009702457956015523,0.004527813712807244,0.022315653298835704,0.9217335058214747
1393,Montgomery,2943,Montgomery Precinct 09-011,1407,576,566,126,10,31,25,76,394,2943,1,0.4780835881753313,0.19571865443425077,0.19232076112810056,0.13387699626231736,2675,0.04281345565749235,0.0033978933061501867,0.010533469249065579,0.008494733265375467,0.02582398912674142,0.908936459395175
1394,Montgomery,3185,Montgomery Precinct 09-012,1599,621,588,142,17,31,25,126,377,3185,1,0.5020408163265306,0.19497645211930925,0.18461538461538463,0.11836734693877551,2844,0.0445839874411303,0.005337519623233909,0.009733124018838305,0.007849293563579277,0.03956043956043956,0.8929356357927787
1395,Montgomery,3625,Montgomery Precinct 02-005,2174,562,495,164,10,38,37,88,394,3625,1,0.5997241379310345,0.1550344827586207,0.13655172413793104,0.10868965517241379,3288,0.045241379310344824,0.002758620689655172,0.010482758620689656,0.010206896551724139,0.024275862068965516,0.9070344827586206
1396,Montgomery,3808,Montgomery Precinct 02-008,1638,786,401,125,8,32,29,56,983,3808,1,0.43014705882352944,0.20640756302521007,0.1053046218487395,0.25814075630252103,3558,0.03282563025210084,0.0021008403361344537,0.008403361344537815,0.007615546218487395,0.014705882352941176,0.9343487394957983
1398,Montgomery,407,Montgomery Precinct 02-007,369,8,19,1,0,0,0,0,11,407,1,0.9066339066339066,0.019656019656019656,0.04668304668304668,0.02702702702702703,406,0.002457002457002457,0.0,0.0,0.0,0.0,0.9975429975429976
1399,Montgomery,4880,Montgomery Precinct 02-001,1835,763,595,141,20,60,21,92,1687,4880,1,0.3760245901639344,0.15635245901639344,0.12192622950819672,0.3456967213114754,4546,0.02889344262295082,0.004098360655737705,0.012295081967213115,0.00430327868852459,0.018852459016393444,0.9315573770491803
1400,Montgomery,4636,Montgomery Precinct 02-011,1893,686,421,156,10,41,38,74,1636,4636,1,0.40832614322691974,0.14797238999137188,0.09081104400345125,0.3528904227782571,4317,0.03364969801553063,0.0021570319240724763,0.008843830888697153,0.00819672131147541,0.015962036238136326,0.931190681622088
1401,Montgomery,2216,Montgomery Precinct 02-006,1328,161,180,187,14,54,20,127,547,2216,1,0.5992779783393501,0.07265342960288809,0.0812274368231047,0.24684115523465705,1814,0.08438628158844766,0.00631768953068592,0.024368231046931407,0.009025270758122744,0.057310469314079425,0.8185920577617328
1402,Montgomery,2500,Montgomery Precinct 09-025,933,381,335,98,5,26,11,47,851,2500,1,0.3732,0.1524,0.134,0.3404,2313,0.0392,0.002,0.0104,0.0044,0.0188,0.9252
1403,Montgomery,2308,Montgomery Precinct 12-004,1876,90,177,81,7,28,18,32,165,2308,1,0.8128249566724437,0.0389948006932409,0.07668977469670711,0.07149046793760831,2142,0.03509532062391681,0.0030329289428076256,0.012131715771230503,0.00779896013864818,0.01386481802426343,0.9280762564991335
1404,Montgomery,3657,Montgomery Precinct 12-005,2314,431,527,84,2,24,7,39,385,3657,1,0.6327590921520372,0.1178561662564944,0.14410719168717528,0.10527754990429314,3501,0.022969647251845776,0.0005468963631391851,0.006562756357670222,0.0019141372709871479,0.01066447908121411,0.9573420836751435
1405,Montgomery,2594,Montgomery Precinct 12-002,2223,67,216,86,5,14,10,31,88,2594,1,0.8569776407093292,0.025828835774865073,0.08326908249807248,0.03392444101773323,2448,0.03315343099460293,0.0019275250578257518,0.005397070161912105,0.0038550501156515036,0.011950655358519661,0.943716268311488
1406,Montgomery,2048,Montgomery Precinct 04-026,1442,57,102,96,9,11,46,63,447,2048,1,0.7041015625,0.02783203125,0.0498046875,0.21826171875,1823,0.046875,0.00439453125,0.00537109375,0.0224609375,0.03076171875,0.89013671875
1407,Montgomery,2523,Montgomery Precinct 04-023,1989,55,129,12,1,4,2,11,350,2523,1,0.7883472057074911,0.02179944510503369,0.05112960760998811,0.13872374157748713,2493,0.0047562425683709865,0.00039635354736424893,0.0015854141894569957,0.0007927070947284979,0.004359889021006738,0.9881093935790726
1408,Montgomery,2581,Montgomery Precinct 04-021,1825,65,172,157,9,23,72,157,519,2581,1,0.7070902750871755,0.025184037194885704,0.06664083688492832,0.20108485083301045,2163,0.060829135993800854,0.003487020534676482,0.008911274699728787,0.027896164277411855,0.060829135993800854,0.8380472685005812
1441,Montgomery,1933,Montgomery Precinct 13-031,950,294,447,117,8,24,90,102,242,1933,1,0.49146404552509054,0.1520951888256596,0.23124676668391103,0.12519399896533887,1592,0.060527677185721676,0.004138644593895499,0.012415933781686497,0.04655975168132437,0.05276771857216762,0.8235902741852044
1442,Montgomery,1911,Montgomery Precinct 13-059,1023,319,380,113,8,17,69,82,189,1911,1,0.5353218210361067,0.16692830978545264,0.1988487702773417,0.0989010989010989,1622,0.05913134484563056,0.004186289900575615,0.008895866038723181,0.03610675039246468,0.042909471480900054,0.848770277341706
1443,Montgomery,3612,Montgomery Precinct 13-027,1645,441,987,164,14,34,107,96,539,3612,1,0.45542635658914726,0.12209302325581395,0.27325581395348836,0.14922480620155038,3197,0.04540420819490587,0.003875968992248062,0.009413067552602437,0.0296234772978959,0.026578073089700997,0.8851052048726468
1444,Montgomery,4634,Montgomery Precinct 13-030,871,549,2741,98,12,18,56,64,473,4634,1,0.18795856711264566,0.1184721622788088,0.5914976262408287,0.10207164436771687,4386,0.021148036253776436,0.002589555459646094,0.003884333189469141,0.012084592145015106,0.013810962451445835,0.9464825205006474
1445,Montgomery,4064,Montgomery Precinct 13-029,1148,509,1704,156,7,23,73,72,703,4064,1,0.2824803149606299,0.12524606299212598,0.41929133858267714,0.17298228346456693,3733,0.038385826771653545,0.0017224409448818897,0.005659448818897638,0.01796259842519685,0.017716535433070866,0.9185531496062992
1446,Montgomery,1911,Montgomery Precinct 13-053,1016,242,489,131,8,13,62,85,164,1911,1,0.531658817373103,0.12663526949241236,0.25588697017268447,0.08581894296180011,1612,0.0685504971219257,0.004186289900575615,0.006802721088435374,0.032443746729461015,0.044479330193615906,0.8435374149659864
1447,Montgomery,4095,Montgomery Precinct 13-032,1317,1186,925,192,10,37,84,112,667,4095,1,0.32161172161172163,0.28962148962148965,0.2258852258852259,0.16288156288156289,3660,0.046886446886446886,0.002442002442002442,0.009035409035409036,0.020512820512820513,0.02735042735042735,0.8937728937728938
1448,Montgomery,4453,Montgomery Precinct 13-044,1126,1014,1665,147,8,23,69,111,648,4453,1,0.2528632382663373,0.2277116550640018,0.3739052324275769,0.14551987424208399,4095,0.03301145295306535,0.001796541657309679,0.005165057264765327,0.01549517179429598,0.024927015495171793,0.9196047608353919
1449,Montgomery,2314,Montgomery Precinct 13-010,1108,780,171,127,1,22,21,74,255,2314,1,0.4788245462402766,0.33707865168539325,0.07389801210025929,0.11019878997407087,2069,0.05488331892826275,0.000432152117545376,0.00950734658599827,0.009075194468452896,0.03197925669835782,0.8941227312013829
1450,Montgomery,3425,Montgomery Precinct 13-005,1473,1131,376,235,6,42,41,162,445,3425,1,0.4300729927007299,0.3302189781021898,0.10978102189781022,0.12992700729927006,2939,0.06861313868613139,0.0017518248175182481,0.012262773722627737,0.01197080291970803,0.0472992700729927,0.8581021897810219
1451,Montgomery,2283,Montgomery Precinct 13-019,1401,254,417,190,13,24,61,133,211,2283,1,0.6136662286465178,0.11125711782742007,0.18265440210249673,0.09242225142356549,1862,0.08322382829610162,0.0056942619360490585,0.010512483574244415,0.026719229084537888,0.05825667980727114,0.8155935173017959
1452,Montgomery,2350,Montgomery Precinct 13-050,1442,547,192,178,6,33,86,160,169,2350,1,0.6136170212765958,0.2327659574468085,0.08170212765957446,0.07191489361702127,1887,0.07574468085106383,0.002553191489361702,0.014042553191489362,0.03659574468085106,0.06808510638297872,0.8029787234042554
1453,Montgomery,3765,Montgomery Precinct 13-013,1279,1434,778,194,3,19,50,150,274,3765,1,0.3397078353253652,0.3808764940239044,0.20664010624169987,0.07277556440903055,3349,0.05152722443559097,0.0007968127490039841,0.005046480743691899,0.013280212483399735,0.0398406374501992,0.8895086321381143
1454,Montgomery,2381,Montgomery Precinct 13-023,1843,197,210,217,22,37,80,166,131,2381,1,0.7740445191096178,0.08273834523309534,0.08819823603527929,0.05501889962200756,1859,0.09113817723645527,0.009239815203695927,0.015539689206215875,0.03359932801343973,0.06971860562788744,0.7807643847123058
1455,Montgomery,1565,Montgomery Precinct 13-042,700,179,459,117,2,22,50,83,227,1565,1,0.4472843450479233,0.11437699680511182,0.29329073482428114,0.1450479233226837,1291,0.07476038338658147,0.0012779552715654952,0.014057507987220448,0.03194888178913738,0.053035143769968054,0.8249201277955271
1456,Montgomery,1679,Montgomery Precinct 13-057,841,482,148,45,3,10,14,52,208,1679,1,0.5008933889219773,0.2870756402620607,0.08814770696843359,0.12388326384752829,1555,0.026801667659321026,0.001786777843954735,0.005955926146515783,0.008338296605122097,0.030970815961882073,0.9261465157832043
1457,Montgomery,2284,Montgomery Precinct 13-063,625,502,911,63,2,12,19,52,246,2284,1,0.2736427320490368,0.21978984238178634,0.398861646234676,0.10770577933450087,2136,0.027583187390542906,0.0008756567425569177,0.005253940455341506,0.008318739054290718,0.02276707530647986,0.9352014010507881
1458,Montgomery,3381,Montgomery Precinct 13-011,1574,590,784,263,12,33,74,176,433,3381,1,0.4655427388346643,0.17450458444247263,0.2318840579710145,0.12806861875184858,2823,0.07778763679384798,0.00354924578527063,0.009760425909494233,0.02188701567583555,0.05205560485063591,0.8349600709849158
1459,Montgomery,2099,Montgomery Precinct 13-033,1120,450,301,149,17,14,25,119,228,2099,1,0.533587422582182,0.21438780371605526,0.1434016198189614,0.10862315388280133,1775,0.07098618389709385,0.008099094807050978,0.006669842782277275,0.011910433539780848,0.05669366364935684,0.8456407813244402
1460,Montgomery,1827,Montgomery Precinct 13-020,1491,146,87,72,18,19,31,169,103,1827,1,0.8160919540229885,0.07991242474001095,0.047619047619047616,0.05637657361795293,1518,0.03940886699507389,0.009852216748768473,0.010399562123700055,0.016967706622879036,0.09250136836343732,0.8308702791461412
1463,Montgomery,2481,Montgomery Precinct 13-006,1675,478,185,320,3,44,100,220,143,2481,1,0.675130995566304,0.19266424828698106,0.07456670697299476,0.05763804917372027,1794,0.12898024989923418,0.0012091898428053204,0.0177347843611447,0.04030632809351068,0.0886739218057235,0.7230955259975816
1476,Montgomery,2828,Montgomery Precinct 13-028,772,277,1395,63,2,31,33,36,384,2828,1,0.272984441301273,0.09794908062234794,0.4932814710042433,0.13578500707213578,2663,0.022277227722772276,0.0007072135785007072,0.010961810466760962,0.01166902404526167,0.01272984441301273,0.9416548797736917
1477,Montgomery,2804,Montgomery Precinct 13-001,1219,563,482,134,10,35,24,90,540,2804,1,0.4347360912981455,0.2007845934379458,0.1718972895863053,0.19258202567760344,2511,0.04778887303851641,0.003566333808844508,0.012482168330955777,0.008559201141226819,0.03209700427960057,0.895506419400856
1478,Montgomery,3327,Montgomery Precinct 13-055,474,1496,1021,55,4,9,21,50,336,3327,1,0.1424706943192065,0.4496543432521791,0.306883077847911,0.10099188458070334,3188,0.01653140967838894,0.0012022843402464682,0.002705139765554554,0.0063119927862939585,0.015028554253080854,0.9582206191764352
1479,Montgomery,4237,Montgomery Precinct 13-054,3592,353,114,168,14,14,76,171,178,4237,1,0.8477696483360868,0.08331366532924239,0.026905829596412557,0.042010856738258204,3794,0.03965069624734482,0.003304224687278735,0.003304224687278735,0.017937219730941704,0.04035874439461883,0.8954448902525372
1480,Montgomery,2942,Montgomery Precinct 13-069,2441,273,66,113,16,12,94,179,162,2942,1,0.8297076818490823,0.09279401767505098,0.022433718558803536,0.055064581917063225,2528,0.03840924541128484,0.005438477226376614,0.004078857919782461,0.03195105370496261,0.06084296397008838,0.8592794017675051
1481,Montgomery,2381,Montgomery Precinct 13-061,1119,531,217,245,10,36,44,134,514,2381,1,0.46997060058798823,0.2230155396892062,0.09113817723645527,0.21587568248635028,1912,0.10289794204115918,0.004199916001679967,0.015119697606047878,0.018479630407391853,0.05627887442251155,0.8030239395212095
1482,Montgomery,1528,Montgomery Precinct 05-022,892,242,160,102,4,9,20,96,234,1528,1,0.5837696335078534,0.15837696335078533,0.10471204188481675,0.1531413612565445,1297,0.06675392670157068,0.002617801047120419,0.0058900523560209425,0.013089005235602094,0.06282722513089005,0.8488219895287958
1483,Montgomery,3868,Montgomery Precinct 05-009,1730,913,303,255,16,35,72,215,922,3868,1,0.44725956566701136,0.2360392967942089,0.07833505687693898,0.23836608066184076,3275,0.06592554291623579,0.004136504653567736,0.00904860392967942,0.01861427094105481,0.05558428128231644,0.8466907962771458
1484,Montgomery,3207,Montgomery Precinct 05-016,1526,791,260,230,8,25,65,175,630,3207,1,0.4758341128780792,0.24664795759276584,0.08107265357031494,0.19644527595884004,2704,0.07171811661989398,0.002494543186778921,0.0077954474586841285,0.020268163392578736,0.0545681322107889,0.8431555971312753
1485,Montgomery,2145,Montgomery Precinct 08-010,1308,258,268,91,8,16,27,70,311,2145,1,0.6097902097902098,0.12027972027972028,0.12494172494172494,0.14498834498834498,1933,0.04242424242424243,0.0037296037296037296,0.007459207459207459,0.012587412587412588,0.03263403263403263,0.9011655011655012
1486,Montgomery,2954,Montgomery Precinct 08-011,1813,412,224,131,9,37,21,78,505,2954,1,0.6137440758293838,0.13947190250507785,0.07582938388625593,0.17095463777928233,2678,0.044346648612051454,0.003046716316858497,0.012525389302640487,0.0071090047393364926,0.026404874746106973,0.906567366283006
1487,Montgomery,3717,Montgomery Precinct 08-002,2746,312,246,242,18,57,40,120,413,3717,1,0.7387678235135863,0.08393866020984665,0.06618240516545601,0.1111111111111111,3240,0.065106268496099,0.004842615012106538,0.01533494753833737,0.010761366693570083,0.03228410008071025,0.8716707021791767
1488,Montgomery,3819,Montgomery Precinct 08-006,2643,507,195,161,14,33,50,118,474,3819,1,0.6920659858601729,0.13275726630007856,0.05106048703849175,0.12411626080125687,3443,0.042157632888190626,0.003665881120712228,0.00864100549882168,0.013092432573972244,0.030898140874574497,0.9015449070437287
1489,Montgomery,3868,Montgomery Precinct 05-011,1493,1038,596,157,11,18,28,88,741,3868,1,0.3859875904860393,0.26835573940020685,0.15408479834539815,0.19157187176835574,3566,0.0405894519131334,0.002843846949327818,0.004653567735263702,0.007238883143743537,0.022750775594622543,0.921923474663909
1490,Montgomery,2076,Montgomery Precinct 05-008,519,938,230,191,6,22,32,140,389,2076,1,0.25,0.45183044315992293,0.11078998073217726,0.18737957610789982,1685,0.09200385356454721,0.002890173410404624,0.010597302504816955,0.015414258188824663,0.0674373795761079,0.8116570327552987
1491,Montgomery,3479,Montgomery Precinct 05-015,1827,607,311,112,4,31,20,95,734,3479,1,0.5251509054325956,0.17447542397240587,0.08939350388042541,0.21098016671457315,3217,0.03219315895372234,0.0011497556769186547,0.008910606496119574,0.005748778384593274,0.02730669732681805,0.9246910031618281
1492,Montgomery,3713,Montgomery Precinct 05-001,1392,998,522,151,9,22,29,84,801,3713,1,0.37489900350121197,0.2687853487745758,0.14058712631295447,0.21572852141125776,3418,0.040667923511984914,0.0024239159709130084,0.005925127928898465,0.007810395906275249,0.022623215728521412,0.920549420953407
1493,Montgomery,3773,Montgomery Precinct 05-017,1397,1229,393,178,13,21,19,139,754,3773,1,0.37026239067055394,0.32573548900079513,0.1041611449774715,0.19984097535117942,3403,0.04717731248343493,0.0034455340577789558,0.0055658627087198514,0.005035780545984627,0.036840710310098064,0.9019347998939836
1494,Montgomery,3392,Montgomery Precinct 05-019,1731,597,234,139,13,40,18,89,830,3392,1,0.5103183962264151,0.17600235849056603,0.06898584905660378,0.2446933962264151,3093,0.04097877358490566,0.0038325471698113208,0.01179245283018868,0.005306603773584905,0.026238207547169812,0.9118514150943396
1495,Montgomery,1722,Montgomery Precinct 05-018,1069,238,147,43,13,16,12,48,268,1722,1,0.6207897793263647,0.13821138211382114,0.08536585365853659,0.15563298490127758,1590,0.02497096399535424,0.007549361207897794,0.009291521486643438,0.006968641114982578,0.027874564459930314,0.9233449477351916
1504,Montgomery,4171,Montgomery Precinct 05-002,955,2166,376,182,14,16,11,84,674,4171,1,0.22896187964516904,0.5192999280748022,0.09014624790218173,0.16159194437784705,3864,0.04363461999520499,0.003356509230400384,0.0038360105490290097,0.0026372572524574443,0.0201390553824023,0.9263965475905058
1505,Montgomery,5053,Montgomery Precinct 05-021,610,3098,654,142,7,33,13,119,691,5053,1,0.12072036414011478,0.6131011280427469,0.12942806253710668,0.13675044528003166,4739,0.02810211755392836,0.001385315654066891,0.0065307737977439145,0.002572729071838512,0.023550366119137148,0.9378586978032851
1519,Montgomery,2978,Montgomery Precinct 04-016,1734,255,213,174,11,26,73,151,776,2978,1,0.5822699798522498,0.08562793821356615,0.0715245130960376,0.2605775688381464,2543,0.05842847548690396,0.0036937541974479517,0.008730691739422432,0.024513096037609133,0.050705171255876424,0.8539288112827401
1520,Montgomery,3619,Montgomery Precinct 09-031,2072,356,251,127,8,27,30,123,940,3619,1,0.5725338491295938,0.09836971539099199,0.06935617573915447,0.2597402597402597,3304,0.03509256700746063,0.0022105554020447637,0.007460624481901078,0.008289582757667864,0.03398728930643824,0.9129593810444874
1521,Montgomery,2298,Montgomery Precinct 04-025,1598,184,171,102,8,22,25,91,345,2298,1,0.6953872932985204,0.08006962576153177,0.07441253263707572,0.15013054830287206,2050,0.044386422976501305,0.0034812880765883376,0.009573542210617928,0.010879025239338555,0.03959965187119234,0.8920800696257616
1522,Montgomery,3285,Montgomery Precinct 04-002,2202,221,217,205,16,34,31,137,645,3285,1,0.6703196347031963,0.06727549467275494,0.06605783866057839,0.1963470319634703,2862,0.0624048706240487,0.004870624048706241,0.010350076103500762,0.009436834094368341,0.04170471841704718,0.8712328767123287
1523,Montgomery,4300,Montgomery Precinct 04-005,1924,343,540,132,15,26,26,83,1493,4300,1,0.4474418604651163,0.07976744186046511,0.12558139534883722,0.3472093023255814,4018,0.030697674418604652,0.0034883720930232558,0.0060465116279069765,0.0060465116279069765,0.019302325581395347,0.9344186046511628
1524,Montgomery,4790,Montgomery Precinct 04-030,2487,261,318,124,3,19,38,115,1724,4790,1,0.5192066805845511,0.054488517745302716,0.06638830897703549,0.35991649269311066,4491,0.025887265135699375,0.0006263048016701461,0.003966597077244259,0.007933194154488519,0.024008350730688934,0.9375782881002088
1525,Montgomery,4662,Montgomery Precinct 04-003,3043,406,363,245,14,53,122,186,850,4662,1,0.6527241527241527,0.08708708708708708,0.07786357786357787,0.18232518232518233,4042,0.052552552552552555,0.003003003003003003,0.011368511368511369,0.02616902616902617,0.039897039897039896,0.867009867009867
1526,Montgomery,5108,Montgomery Precinct 04-001,2098,900,1245,185,12,28,34,115,865,5108,1,0.4107282693813626,0.17619420516836334,0.2437353171495693,0.1693422083007048,4734,0.036217697729052464,0.0023492560689115116,0.00548159749412686,0.006656225528582615,0.022513703993735316,0.9267815191855913
1527,Montgomery,2330,Montgomery Precinct 04-019,1228,257,253,94,1,27,18,56,592,2330,1,0.527038626609442,0.11030042918454935,0.10858369098712446,0.25407725321888414,2134,0.04034334763948498,0.00042918454935622315,0.011587982832618025,0.007725321888412017,0.0240343347639485,0.9158798283261803
1528,Montgomery,4373,Montgomery Precinct 09-002,1270,859,1635,121,17,38,24,93,609,4373,1,0.2904184770180654,0.19643265492796708,0.3738852046649897,0.13926366338897783,4080,0.0276697919048708,0.0038874914246512693,0.008689686713926366,0.005488223187742968,0.021266864852504,0.9329979419163046
1529,Montgomery,2013,Montgomery Precinct 09-010,999,272,338,41,1,7,5,21,404,2013,1,0.496274217585693,0.1351217088922007,0.16790859413810233,0.20069547938400398,1938,0.02036761053154496,0.0004967709885742673,0.003477396920019871,0.0024838549428713363,0.010432190760059613,0.96274217585693
1530,Montgomery,2692,Montgomery Precinct 09-020,900,466,455,83,4,19,14,61,871,2692,1,0.3343239227340267,0.17310549777117384,0.16901931649331353,0.3235512630014859,2511,0.030832095096582468,0.0014858841010401188,0.007057949479940565,0.005200594353640416,0.022659732540861812,0.9327637444279346
1531,Montgomery,6198,Montgomery Precinct 09-007,1690,1460,1972,139,5,29,16,65,1076,6198,1,0.27266860277508875,0.2355598580187157,0.31816715069377216,0.17360438851242335,5944,0.022426589222329783,0.0008067118425298483,0.00467892868667312,0.0025814778960955146,0.010487253952888029,0.9590190383994837
1532,Montgomery,2732,Montgomery Precinct 09-021,1219,441,517,99,6,18,24,86,555,2732,1,0.44619326500732065,0.16142020497803808,0.18923865300146414,0.20314787701317716,2499,0.03623718887262079,0.0021961932650073207,0.006588579795021962,0.008784773060029283,0.0314787701317716,0.914714494875549
1533,Montgomery,3032,Montgomery Precinct 01-003,1503,661,438,193,12,29,29,119,430,3032,1,0.495712401055409,0.21800791556728233,0.14445910290237468,0.14182058047493404,2650,0.06365435356200527,0.00395778364116095,0.009564643799472295,0.009564643799472295,0.03924802110817942,0.8740105540897097
1534,Montgomery,2208,Montgomery Precinct 09-036,721,295,575,90,9,19,16,63,617,2208,1,0.32653985507246375,0.13360507246376813,0.2604166666666667,0.27943840579710144,2011,0.04076086956521739,0.004076086956521739,0.008605072463768116,0.007246376811594203,0.028532608695652172,0.9107789855072463
1535,Montgomery,2513,Montgomery Precinct 09-014,1479,208,264,148,10,27,38,118,562,2513,1,0.5885395941106247,0.08276959808993235,0.10505372065260644,0.22363708714683644,2172,0.05889375248706725,0.003979307600477517,0.010744130521289296,0.015121368881814564,0.0469558296856347,0.8643056108237167
1536,Montgomery,2630,Montgomery Precinct 09-037,879,522,557,88,6,20,19,56,672,2630,1,0.33422053231939164,0.19847908745247148,0.211787072243346,0.2555133079847909,2441,0.033460076045627375,0.0022813688212927757,0.0076045627376425855,0.007224334600760456,0.02129277566539924,0.9281368821292776
1537,Montgomery,3688,Montgomery Precinct 09-004,1261,566,1194,122,5,26,36,93,667,3688,1,0.34191973969631234,0.153470715835141,0.3237527114967462,0.18085683297180044,3406,0.03308026030368764,0.0013557483731019523,0.0070498915401301515,0.009761388286334056,0.025216919739696312,0.9235357917570499
1538,Montgomery,2392,Montgomery Precinct 01-004,896,466,589,79,7,26,16,54,441,2392,1,0.3745819397993311,0.1948160535117057,0.24623745819397994,0.18436454849498327,2210,0.03302675585284281,0.002926421404682274,0.010869565217391304,0.006688963210702341,0.0225752508361204,0.9239130434782609
1539,Montgomery,1813,Montgomery Precinct 01-006,1015,289,168,75,5,28,13,51,341,1813,1,0.5598455598455598,0.1594043022614451,0.09266409266409266,0.18808604522890238,1641,0.04136789851075565,0.0027578599007170436,0.015444015444015444,0.007170435741864313,0.028130170987313845,0.9051296194153337
1540,Montgomery,2859,Montgomery Precinct 01-005,1725,304,203,111,12,27,12,99,627,2859,1,0.6033578174186779,0.10633088492479888,0.07100384749912557,0.2193074501573977,2598,0.03882476390346275,0.004197271773347324,0.00944386149003148,0.004197271773347324,0.03462749213011543,0.9087093389296957
1556,Montgomery,3296,Montgomery Precinct 13-018,1232,519,1264,246,4,43,57,141,281,3296,1,0.3737864077669903,0.1574635922330097,0.38349514563106796,0.08525485436893204,2805,0.07463592233009708,0.0012135922330097086,0.013046116504854368,0.01729368932038835,0.042779126213592235,0.8510315533980582
1557,Montgomery,6272,Montgomery Precinct 13-022,1086,1350,3320,234,6,23,29,97,516,6272,1,0.17315051020408162,0.2152423469387755,0.5293367346938775,0.08227040816326531,5883,0.03730867346938776,0.0009566326530612245,0.003667091836734694,0.004623724489795918,0.015465561224489796,0.9379783163265306
1558,Montgomery,2160,Montgomery Precinct 05-003,883,533,445,234,11,23,66,179,299,2160,1,0.40879629629629627,0.24675925925925926,0.20601851851851852,0.13842592592592592,1647,0.10833333333333334,0.005092592592592593,0.010648148148148148,0.030555555555555555,0.08287037037037037,0.7625
1560,Montgomery,5829,Montgomery Precinct 05-014,601,1571,2660,66,9,10,14,50,997,5829,1,0.10310516383599246,0.2695144964831017,0.4563389946817636,0.17104134499914223,5680,0.011322696860524962,0.001544004117344313,0.0017155601303825698,0.002401784182535598,0.00857780065191285,0.9744381540572997
1561,Montgomery,3086,Montgomery Precinct 05-010,859,1521,366,117,5,15,14,68,340,3086,1,0.2783538561244329,0.4928710304601426,0.118600129617628,0.1101749837977965,2867,0.03791315618924174,0.0016202203499675956,0.004860661049902786,0.004536616979909268,0.0220349967595593,0.9290343486714193
1562,Montgomery,2340,Montgomery Precinct 05-005,1093,761,200,129,11,16,34,119,286,2340,1,0.4670940170940171,0.3252136752136752,0.08547008547008547,0.12222222222222222,2031,0.05512820512820513,0.004700854700854701,0.006837606837606838,0.01452991452991453,0.050854700854700854,0.867948717948718
1563,Montgomery,4504,Montgomery Precinct 05-006,1382,1443,676,214,6,23,31,162,1003,4504,1,0.30683836589698044,0.3203818827708703,0.15008880994671403,0.22269094138543516,4068,0.047513321492007106,0.0013321492007104796,0.005106571936056839,0.006882770870337478,0.03596802841918295,0.9031971580817052
1569,Montgomery,1247,Montgomery Precinct 05-004,492,487,79,129,14,14,38,181,189,1247,1,0.3945469125902165,0.3905372894947875,0.06335204490777867,0.15156375300721733,871,0.10344827586206896,0.011226944667201283,0.011226944667201283,0.030473135525260625,0.14514835605453089,0.698476343223737
1771,Montgomery,5066,Montgomery Precinct 02-002,2200,970,685,177,11,43,28,108,1211,5066,1,0.43426766679826295,0.1914725621792341,0.13521515988945915,0.23904461113304382,4699,0.03493880773786025,0.0021713383339913147,0.008487958941966049,0.005527043031977891,0.021318594551914725,0.9275562574022898
1772,Montgomery,4594,Montgomery Precinct 02-003,1819,1083,834,158,14,24,29,86,858,4594,1,0.3959512407488028,0.23574227252938615,0.18154114061819765,0.18676534610361342,4283,0.034392686112320416,0.0030474531998258597,0.00522420548541576,0.006312581628210709,0.01872006965607314,0.9323030039181541
1773,Montgomery,4893,Montgomery Precinct 04-014,2595,661,465,163,17,53,53,139,1172,4893,1,0.530349478847333,0.13509094624974452,0.0950337216431637,0.23952585325975884,4468,0.03331289597384018,0.0034743511138360926,0.010831800531371347,0.010831800531371347,0.028407929695483343,0.9131412221540977
1774,Montgomery,8267,Montgomery Precinct 05-013,1288,4283,1746,155,8,11,19,132,950,8267,1,0.15580016934801016,0.518083948227894,0.21120116124349825,0.11491472118059756,7942,0.018749243982097496,0.0009677029152050321,0.001330591508406919,0.0022982944236119513,0.01596709810088303,0.9606870690697956
1775,Montgomery,5042,Montgomery Precinct 05-023,1026,2406,449,209,17,38,25,162,1161,5042,1,0.203490678302261,0.4771915906386355,0.08905196350654503,0.2302657675525585,4591,0.04145180483934947,0.0033716779055930186,0.00753669178897263,0.004958349861166204,0.032130107100357,0.9105513685045616
1776,Montgomery,7187,Montgomery Precinct 05-012,3273,1977,679,245,19,29,31,180,1258,7187,1,0.45540559343258663,0.2750800055656046,0.09447613747043272,0.1750382635313761,6683,0.03408932795324892,0.0026436621678029774,0.004035063308751913,0.0043133435369417,0.02504522053708084,0.9298733824961737
1777,Montgomery,4205,Montgomery Precinct 06-002,2503,206,132,89,12,38,23,90,1364,4205,1,0.595243757431629,0.04898929845422117,0.03139120095124851,0.3243757431629013,3953,0.02116527942925089,0.002853745541022592,0.009036860879904875,0.005469678953626635,0.02140309155766944,0.9400713436385255
1778,Montgomery,4050,Montgomery Precinct 07-019,3278,98,244,296,23,60,157,273,430,4050,1,0.8093827160493827,0.02419753086419753,0.06024691358024691,0.10617283950617284,3241,0.07308641975308643,0.005679012345679012,0.014814814814814815,0.03876543209876543,0.0674074074074074,0.8002469135802469
1779,Montgomery,3999,Montgomery Precinct 07-023,3100,78,227,218,23,45,124,277,594,3999,1,0.7751937984496124,0.019504876219054765,0.05676419104776194,0.1485371342835709,3312,0.05451362840710178,0.005751437859464866,0.011252813203300824,0.031007751937984496,0.0692673168292073,0.8282070517629407
1780,Montgomery,3316,Montgomery Precinct 09-005,1609,560,715,148,4,31,24,89,432,3316,1,0.4852231604342581,0.16887816646562123,0.21562123039806996,0.13027744270205066,3020,0.04463208685162847,0.0012062726176115801,0.009348612786489748,0.007237635705669481,0.02683956574185766,0.9107358262967431
1781,Montgomery,5404,Montgomery Precinct 09-009,1874,1394,1507,171,14,36,20,121,629,5404,1,0.34678016284233903,0.2579570688378979,0.27886750555144335,0.11639526276831977,5042,0.03164322723908216,0.0025906735751295338,0.006661732050333087,0.003700962250185048,0.022390821613619542,0.9330125832716506
1782,Montgomery,4358,Montgomery Precinct 09-022,1537,811,1273,176,13,22,26,118,737,4358,1,0.3526847177604406,0.18609453877925655,0.29210647085819186,0.16911427260211107,4003,0.04038549793483249,0.0029830197338228544,0.005048187241854061,0.005966039467645709,0.027076640660853604,0.9185406149609913
1783,Montgomery,5285,Montgomery Precinct 13-021,1585,2617,712,297,4,40,60,180,371,5285,1,0.29990539262062443,0.49517502365184485,0.134720908230842,0.07019867549668875,4704,0.05619678334910123,0.0007568590350047304,0.007568590350047304,0.011352885525070956,0.03405865657521287,0.8900662251655629
1784,Montgomery,5580,Montgomery Precinct 13-015,1569,1616,1633,311,13,42,64,184,762,5580,1,0.28118279569892474,0.2896057347670251,0.29265232974910393,0.13655913978494624,4966,0.05573476702508961,0.0023297491039426525,0.007526881720430108,0.011469534050179211,0.032974910394265235,0.8899641577060932
1785,Montgomery,4493,Montgomery Precinct 13-058,2208,738,974,223,17,46,150,183,573,4493,1,0.4914311150678834,0.16425550856888493,0.21678166036056087,0.12753171600267083,3874,0.04963276207433786,0.0037836634765190296,0.010238148230580904,0.03338526596928555,0.040730024482528375,0.8622301357667482
1786,Montgomery,3906,Montgomery Precinct 13-038,3422,56,207,199,34,42,304,242,221,3906,1,0.8760880696364567,0.014336917562724014,0.052995391705069124,0.05657962109575013,3085,0.05094726062467998,0.008704557091653867,0.010752688172043012,0.07782898105478751,0.061955965181771634,0.789810547875064
1787,Montgomery,5201,Montgomery Precinct 13-002,1770,1451,911,281,18,62,64,172,1069,5201,1,0.34031916939050183,0.27898481061334357,0.17515862334166507,0.20553739665448953,4604,0.05402807152470679,0.003460872909055951,0.011920784464526053,0.012305325898865602,0.033070563353201306,0.8852143818496443
1788,Montgomery,4646,Montgomery Precinct 13-056,1538,1442,986,131,11,20,29,117,680,4646,1,0.3310374515712441,0.3103745157124408,0.21222557038312526,0.14636246233318984,4338,0.028196297890658632,0.0023676280671545416,0.004304778303917348,0.006241928540680155,0.025182953077916487,0.9337064141196728
1789,Montgomery,5489,Montgomery Precinct 13-049,1754,1856,1064,63,3,6,13,47,815,5489,1,0.31954818728365825,0.3381308070686828,0.1938422299143742,0.14847877573328475,5357,0.011477500455456367,0.0005465476407360175,0.001093095281472035,0.0023683731098560756,0.008562579704864274,0.9759519038076152
1790,Montgomery,2651,Montgomery Precinct 13-014,1982,315,194,225,14,34,125,230,160,2651,1,0.7476423990946812,0.11882308562806489,0.07317993210109393,0.06035458317615994,2023,0.08487363259147492,0.005281026027913994,0.012825348924933987,0.047152018106374954,0.08675971331572992,0.7631082610335722
1791,Montgomery,6281,Montgomery Precinct 09-015,2477,1257,1459,105,4,27,13,66,1088,6281,1,0.39436395478427,0.20012736825346283,0.23228785225282597,0.17322082470944117,6066,0.0167170832669957,0.000636841267314122,0.004298678554370323,0.0020697341187708965,0.010507880910683012,0.9657697818818659
1792,Montgomery,7135,Montgomery Precinct 09-028,2268,1187,3052,76,9,9,37,124,628,7135,1,0.3178696566222845,0.16636299929922915,0.427750525578136,0.08801681850035038,6880,0.010651716888577436,0.0012613875262789068,0.0012613875262789068,0.005185704274702173,0.017379117028731603,0.964260686755431
1793,Montgomery,5420,Montgomery Precinct 09-026,1771,1353,1225,123,9,31,24,73,1071,5420,1,0.3267527675276753,0.2496309963099631,0.22601476014760147,0.19760147601476014,5160,0.022693726937269374,0.0016605166051660517,0.0057195571955719554,0.004428044280442804,0.013468634686346863,0.9520295202952029
1797,Montgomery,3644,Montgomery Precinct 08-007,2562,447,204,145,8,23,45,122,431,3644,1,0.7030735455543359,0.12266739846322722,0.05598243688254665,0.11827661909989023,3301,0.03979143798024149,0.0021953896816684962,0.006311745334796927,0.01234906695938529,0.033479692645444564,0.9058726673984633
1798,Montgomery,4038,Montgomery Precinct 13-068,1615,1313,736,223,2,33,56,129,374,4038,1,0.39995047052996535,0.3251609707776127,0.1822684497275879,0.09262010896483408,3595,0.05522535908865775,0.0004952947003467063,0.008172362555720654,0.013868251609707775,0.03194650817236255,0.8902922238732045
