,COUNTY,VAP,NAME,WVAP,BVAP,HVAP,GOV14PD_AB,GOV14PD_DG,GOV14PD_HM,OVAP,TOT_VOTES,factor,WVAP_pct,BVAP_pct,HVAP_pct,OVAP_pct,GOV14PDNone,GOV14PD_AB_pct,GOV14PD_DG_pct,GOV14PD_HM_pct,GOV14PDNone_pct
74,Montgomery,3490,Montgomery Precinct 04-007,1550,258,1105,128,93,89,577,3490,1,0.44412607449856734,0.07392550143266476,0.3166189111747851,0.16532951289398282,3180,0.03667621776504298,0.02664756446991404,0.025501432664756445,0.9111747851002865
75,Montgomery,2962,Montgomery Precinct 04-006,1536,136,922,126,91,69,368,2962,1,0.5185685347738015,0.04591492234976367,0.3112761647535449,0.12424037812288993,2676,0.042538825118163405,0.03072248480756246,0.023295070898041864,0.9034436191762323
76,Montgomery,1587,Montgomery Precinct 04-027,360,206,510,17,15,5,511,1587,1,0.22684310018903592,0.12980466288594833,0.32136105860113423,0.3219911783238815,1550,0.010712035286704474,0.00945179584120983,0.00315059861373661,0.9766855702583491
77,Montgomery,1951,Montgomery Precinct 04-009,995,122,505,121,64,59,329,1951,1,0.5099948744233727,0.06253203485392107,0.25884161968221425,0.16863147104049206,1707,0.06201947719118401,0.032803690415171706,0.030240902101486417,0.8749359302921579
78,Montgomery,3199,Montgomery Precinct 13-051,2034,239,525,242,177,107,401,3199,1,0.6358236949046577,0.07471084713973117,0.16411378555798686,0.12535167239762426,2673,0.07564864020006253,0.05532979055954986,0.03344795248515161,0.835573616755236
79,Montgomery,1806,Montgomery Precinct 04-034,1249,126,158,123,103,70,273,1806,1,0.6915836101882613,0.06976744186046512,0.08748615725359911,0.1511627906976744,1510,0.0681063122923588,0.05703211517165006,0.03875968992248062,0.8361018826135105
80,Montgomery,2832,Montgomery Precinct 13-043,911,192,1240,116,55,47,489,2832,1,0.321680790960452,0.06779661016949153,0.4378531073446328,0.17266949152542374,2614,0.04096045197740113,0.01942090395480226,0.016596045197740113,0.9230225988700564
81,Montgomery,2301,Montgomery Precinct 13-045,911,211,756,103,67,48,423,2301,1,0.3959148196436332,0.09169926119078661,0.3285528031290743,0.18383311603650587,2083,0.04476314645806171,0.029117774880486745,0.020860495436766623,0.9052585832246849
82,Montgomery,4265,Montgomery Precinct 13-036,1040,440,1881,149,83,62,904,4265,1,0.24384525205158264,0.10316529894490035,0.441031652989449,0.211957796014068,3971,0.034935521688159436,0.019460726846424383,0.014536928487690504,0.9310668229777257
83,Montgomery,3162,Montgomery Precinct 13-037,1002,276,1409,113,69,33,475,3162,1,0.31688804554079697,0.0872865275142315,0.44560404807084125,0.15022137887413028,2947,0.03573687539531942,0.021821631878557873,0.010436432637571158,0.9320050600885516
84,Montgomery,3854,Montgomery Precinct 13-035,962,457,1733,172,74,47,702,3854,1,0.24961079398028022,0.11857810067462377,0.4496626881162429,0.18214841722885314,3561,0.04462895692786715,0.019200830306175403,0.012195121951219513,0.9239750908147379
85,Montgomery,5497,Montgomery Precinct 13-064,833,2253,1847,199,73,55,564,5497,1,0.15153720211024194,0.40985992359468804,0.33600145533927595,0.10260141895579407,5170,0.036201564489721665,0.01327997089321448,0.010005457522284883,0.9405130070947789
86,Montgomery,2249,Montgomery Precinct 13-052,1568,153,273,170,104,78,255,2249,1,0.6971987550022232,0.06803023566029347,0.12138728323699421,0.11338372610048911,1897,0.0755891507336594,0.046242774566473986,0.03468208092485549,0.8434859937750111
87,Montgomery,2706,Montgomery Precinct 08-003,2131,125,127,185,175,97,323,2706,1,0.7875092387287509,0.046193643754619367,0.04693274205469328,0.11936437546193644,2249,0.06836659275683665,0.0646711012564671,0.035846267553584624,0.8311160384331117
88,Montgomery,2330,Montgomery Precinct 13-046,1386,209,414,134,84,65,321,2330,1,0.5948497854077254,0.08969957081545064,0.17768240343347638,0.13776824034334764,2047,0.05751072961373391,0.036051502145922745,0.027896995708154508,0.8785407725321889
89,Montgomery,1337,Montgomery Precinct 08-004,1020,77,72,64,67,30,168,1337,1,0.762902019446522,0.05759162303664921,0.05385190725504862,0.1256544502617801,1176,0.04786836200448766,0.05011219147344802,0.02243829468960359,0.8795811518324608
90,Montgomery,2775,Montgomery Precinct 08-008,1990,217,170,162,122,64,398,2775,1,0.7171171171171171,0.0781981981981982,0.06126126126126126,0.14342342342342343,2427,0.05837837837837838,0.043963963963963966,0.023063063063063063,0.8745945945945945
91,Montgomery,3472,Montgomery Precinct 08-009,2306,348,411,235,162,99,407,3472,1,0.6641705069124424,0.10023041474654378,0.11837557603686635,0.11722350230414746,2976,0.06768433179723503,0.04665898617511521,0.028513824884792628,0.8571428571428571
92,Montgomery,3315,Montgomery Precinct 08-001,2336,356,270,222,160,106,353,3315,1,0.7046757164404224,0.10739064856711915,0.08144796380090498,0.10648567119155354,2827,0.0669683257918552,0.048265460030165915,0.031975867269984914,0.8527903469079939
93,Montgomery,2576,Montgomery Precinct 08-012,1661,311,153,139,86,53,451,2576,1,0.6447981366459627,0.12072981366459627,0.0593944099378882,0.1750776397515528,2298,0.053959627329192544,0.033385093167701864,0.020574534161490684,0.8920807453416149
94,Montgomery,2565,Montgomery Precinct 08-005,2188,142,117,133,127,71,118,2565,1,0.8530214424951267,0.055360623781676416,0.0456140350877193,0.04600389863547758,2234,0.05185185185185185,0.04951267056530215,0.027680311890838208,0.8709551656920078
95,Montgomery,3510,Montgomery Precinct 01-002,2324,496,378,105,70,58,312,3510,1,0.6621082621082621,0.1413105413105413,0.1076923076923077,0.08888888888888889,3277,0.029914529914529916,0.019943019943019943,0.016524216524216526,0.9336182336182336
96,Montgomery,3657,Montgomery Precinct 12-003,2956,189,252,138,133,64,260,3657,1,0.8083128247197157,0.051681706316652996,0.06890894175553733,0.07109652720809406,3322,0.03773584905660377,0.03636860814875581,0.017500683620453924,0.9083948591741865
97,Montgomery,2213,Montgomery Precinct 12-001,1875,77,195,54,53,34,66,2213,1,0.8472661545413466,0.034794396746497966,0.08811568007230004,0.0298237686398554,2072,0.024401265250790782,0.02394938996836873,0.015363759602349751,0.9362855851784907
98,Montgomery,2541,Montgomery Precinct 01-001,2052,172,149,73,73,50,168,2541,1,0.807556080283353,0.06768988587170405,0.05863833136560409,0.06611570247933884,2345,0.02872884691066509,0.02872884691066509,0.01967729240456513,0.9228650137741047
353,Montgomery,2107,Montgomery Precinct 03-002,1792,103,147,94,72,55,65,2107,1,0.8504983388704319,0.04888467014712862,0.06976744186046512,0.030849549121974372,1886,0.044613194114855245,0.034171808258187,0.026103464641670623,0.8951115329852871
354,Montgomery,2553,Montgomery Precinct 03-001,2159,166,142,107,79,67,86,2553,1,0.8456717587152369,0.06502154328241284,0.055620838229533884,0.033685859772816296,2300,0.04191147669408539,0.030943987465726595,0.02624363493928711,0.9009009009009009
355,Montgomery,1784,Montgomery Precinct 11-000,1537,130,72,98,102,68,45,1784,1,0.8615470852017937,0.07286995515695067,0.04035874439461883,0.02522421524663677,1516,0.05493273542600897,0.05717488789237668,0.03811659192825112,0.8497757847533632
357,Montgomery,2683,Montgomery Precinct 10-010,2126,73,89,176,186,64,395,2683,1,0.7923965710026091,0.02720834886321282,0.03317182258665673,0.14722325754752144,2257,0.06559821095788297,0.06932538203503541,0.023853894893775623,0.841222512113306
358,Montgomery,2533,Montgomery Precinct 10-002,1848,50,137,132,117,38,498,2533,1,0.7295696802210817,0.01973943939992104,0.05408606395578366,0.1966048164232136,2246,0.05211212001579155,0.04619028819581524,0.015001973943939992,0.8866956178444532
359,Montgomery,1582,Montgomery Precinct 10-001,1196,49,44,64,65,36,293,1582,1,0.7560050568900126,0.030973451327433628,0.02781289506953224,0.18520859671302148,1417,0.040455120101137804,0.04108723135271808,0.022756005056890013,0.8957016434892541
360,Montgomery,1642,Montgomery Precinct 10-013,1102,47,62,100,150,35,431,1642,1,0.6711327649208283,0.028623629719853837,0.037758830694275276,0.2624847746650426,1357,0.06090133982947625,0.09135200974421437,0.021315468940316686,0.8264311814859927
361,Montgomery,2293,Montgomery Precinct 10-006,1631,68,130,159,154,61,464,2293,1,0.7112952464020933,0.02965547317924117,0.056694286960314,0.2023549934583515,1919,0.06934147405146097,0.06716092455298735,0.026602703881378108,0.8368948975141736
362,Montgomery,2754,Montgomery Precinct 10-007,2119,112,120,203,173,95,403,2754,1,0.7694262890341321,0.04066811909949165,0.04357298474945534,0.14633260711692084,2283,0.07371096586782862,0.06281771968046478,0.03449527959331881,0.8289760348583878
363,Montgomery,2878,Montgomery Precinct 07-003,2258,107,131,276,210,166,382,2878,1,0.7845726198749131,0.03717859624739402,0.04551772063933287,0.13273106323835998,2226,0.09589993050729674,0.0729673384294649,0.057678943710910355,0.7734537873523281
364,Montgomery,2119,Montgomery Precinct 07-022,1760,67,106,223,147,114,186,2119,1,0.830580462482303,0.03161868806040585,0.05002359603586597,0.0877772534214252,1635,0.10523831996224635,0.06937234544596507,0.053798961774421894,0.7715903728173666
365,Montgomery,2648,Montgomery Precinct 10-009,1916,105,133,136,117,45,494,2648,1,0.7235649546827795,0.03965256797583082,0.05022658610271903,0.1865558912386707,2350,0.0513595166163142,0.04418429003021148,0.016993957703927493,0.8874622356495468
366,Montgomery,1510,Montgomery Precinct 10-004,1093,60,74,106,113,58,283,1510,1,0.723841059602649,0.039735099337748346,0.04900662251655629,0.18741721854304635,1233,0.07019867549668875,0.07483443708609272,0.038410596026490065,0.8165562913907285
367,Montgomery,2274,Montgomery Precinct 10-005,1625,65,107,171,154,69,477,2274,1,0.7145998240985049,0.028583992963940194,0.047053649956024624,0.20976253298153033,1880,0.07519788918205805,0.06772207563764292,0.030343007915567283,0.8267370272647317
368,Montgomery,3358,Montgomery Precinct 04-012,2173,110,277,244,227,122,798,3358,1,0.6471113758189398,0.03275759380583681,0.0824895771292436,0.23764145324597974,2765,0.07266229898749256,0.06759976176295414,0.03633114949374628,0.8234067897558071
369,Montgomery,2320,Montgomery Precinct 10-003,1721,91,176,139,124,67,332,2320,1,0.7418103448275862,0.039224137931034485,0.07586206896551724,0.14310344827586208,1990,0.05991379310344828,0.05344827586206897,0.028879310344827585,0.8577586206896551
370,Montgomery,3272,Montgomery Precinct 07-015,2621,86,174,306,253,115,391,3272,1,0.801039119804401,0.02628361858190709,0.053178484107579464,0.11949877750611247,2598,0.09352078239608802,0.07732273838630807,0.03514669926650367,0.7940097799511002
414,Montgomery,1927,Montgomery Precinct 07-005,1663,77,75,241,189,116,112,1927,1,0.8629994810586403,0.03995848469122989,0.038920601971977165,0.05812143227815257,1381,0.12506486766995328,0.09807991696938247,0.06019719771665802,0.7166580176440063
415,Montgomery,2403,Montgomery Precinct 13-039,1605,319,264,218,121,125,215,2403,1,0.6679151061173533,0.13275072825634623,0.10986267166042447,0.08947149396587599,1939,0.09071993341656263,0.05035372451102788,0.05201831044527674,0.8069080316271328
416,Montgomery,4752,Montgomery Precinct 13-047,2084,1670,390,212,82,153,608,4752,1,0.4385521885521885,0.3514309764309764,0.08207070707070707,0.12794612794612795,4305,0.04461279461279461,0.017255892255892257,0.032196969696969696,0.9059343434343434
417,Montgomery,2398,Montgomery Precinct 13-004,1617,354,254,267,106,407,173,2398,1,0.6743119266055045,0.14762301918265222,0.10592160133444536,0.07214345287739783,1618,0.11134278565471226,0.04420350291909925,0.16972477064220184,0.6747289407839867
418,Montgomery,3101,Montgomery Precinct 13-008,1299,1083,432,208,89,180,287,3101,1,0.41889712995807804,0.3492421799419542,0.13930990003224766,0.09255079006772009,2624,0.06707513705256368,0.028700419219606577,0.058045791680103195,0.8461786520477266
419,Montgomery,2029,Montgomery Precinct 13-003,1652,164,100,248,140,108,113,2029,1,0.8141941843272548,0.08082799408575653,0.04928536224741252,0.055692459339576145,1533,0.12222769837358305,0.06899950714637752,0.05322819122720552,0.7555446032528339
420,Montgomery,3334,Montgomery Precinct 13-016,768,1203,1062,240,95,111,301,3334,1,0.23035392921415718,0.3608278344331134,0.31853629274145173,0.09028194361127774,2888,0.07198560287942411,0.028494301139772044,0.03329334133173365,0.8662267546490702
421,Montgomery,2788,Montgomery Precinct 13-065,1261,865,310,87,40,53,352,2788,1,0.45229555236728836,0.3102582496413199,0.11119081779053085,0.12625538020086083,2608,0.031205164992826398,0.014347202295552367,0.019010043041606885,0.9354375896700143
422,Montgomery,2551,Montgomery Precinct 13-007,1648,474,234,290,166,208,195,2551,1,0.6460211681693454,0.1858094864758918,0.09172873382987064,0.0764406115248922,1887,0.11368090944727557,0.06507252058016465,0.08153665229321834,0.7397099176793415
423,Montgomery,2274,Montgomery Precinct 13-024,1361,339,258,254,127,145,316,2274,1,0.5985048372911169,0.14907651715039577,0.11345646437994723,0.13896218117854,1748,0.11169744942832015,0.055848724714160074,0.06376429199648197,0.7686895338610378
1110,Montgomery,1766,Montgomery Precinct 07-028,1362,46,110,174,95,55,248,1766,1,0.7712344280860702,0.026047565118912798,0.0622876557191393,0.1404303510758777,1442,0.0985277463193658,0.05379388448471121,0.03114382785956965,0.8165345413363534
1111,Montgomery,3027,Montgomery Precinct 10-012,1945,289,204,227,137,71,589,3027,1,0.6425503799141064,0.09547406673273869,0.06739345887016848,0.19458209448298647,2592,0.07499174099768748,0.045259332672613145,0.02345556656755864,0.8562933597621407
1112,Montgomery,1301,Montgomery Precinct 04-032,978,26,117,86,90,34,180,1301,1,0.7517294388931591,0.019984627209838585,0.08993082244427364,0.13835511145272866,1091,0.06610299769408147,0.06917755572636433,0.026133743274404306,0.8385857033051499
1113,Montgomery,2349,Montgomery Precinct 10-011,1333,228,298,108,66,43,490,2349,1,0.56747552149851,0.0970625798212005,0.12686249467858662,0.20859940400170285,2132,0.04597701149425287,0.0280970625798212,0.018305661983822902,0.907620263942103
1114,Montgomery,1957,Montgomery Precinct 04-013,1683,27,95,214,173,120,152,1957,1,0.8599897802759325,0.013796627491057742,0.04854368932038835,0.07766990291262135,1450,0.10935104752171691,0.08840061318344404,0.061318344404701075,0.740929994890138
1115,Montgomery,2330,Montgomery Precinct 07-018,2050,40,106,283,164,124,134,2330,1,0.8798283261802575,0.017167381974248927,0.045493562231759654,0.05751072961373391,1759,0.12145922746781115,0.0703862660944206,0.05321888412017167,0.7549356223175966
1116,Montgomery,2454,Montgomery Precinct 07-024,2091,31,150,230,149,109,182,2454,1,0.8520782396088019,0.01263243683781581,0.061124694376528114,0.07416462917685411,1966,0.09372453137734311,0.06071719641401793,0.044417277913610435,0.8011409942950285
1117,Montgomery,1711,Montgomery Precinct 07-027,1486,15,114,154,100,51,96,1711,1,0.8684979544126242,0.008766803039158387,0.06662770309760374,0.056107539450613676,1406,0.09000584453535944,0.058445353594389245,0.029807130333138514,0.8217416715371128
1118,Montgomery,3393,Montgomery Precinct 07-013,2701,125,235,293,184,109,332,3393,1,0.7960506926024168,0.036840554081933395,0.06926024167403477,0.0978485116416151,2807,0.08635425876805188,0.054229295608605954,0.03212496315944592,0.8272914824638963
1119,Montgomery,2602,Montgomery Precinct 07-012,2240,35,111,233,165,132,216,2602,1,0.8608762490392006,0.013451191391237509,0.04265949269792468,0.0830130668716372,2072,0.08954650269023828,0.06341275941583398,0.05073020753266718,0.7963105303612605
1120,Montgomery,4520,Montgomery Precinct 07-004,3440,196,320,351,230,138,564,4520,1,0.7610619469026548,0.04336283185840708,0.07079646017699115,0.12477876106194691,3801,0.07765486725663717,0.05088495575221239,0.030530973451327433,0.840929203539823
1121,Montgomery,1823,Montgomery Precinct 07-007,1553,38,100,228,120,98,132,1823,1,0.8518924849149753,0.020844761382336808,0.05485463521667581,0.07240811848601207,1377,0.12506856829402085,0.06582556226001098,0.05375754251234229,0.7553483269336259
1122,Montgomery,3525,Montgomery Precinct 07-011,2810,121,266,327,239,168,328,3525,1,0.7971631205673759,0.03432624113475177,0.07546099290780142,0.09304964539007092,2791,0.09276595744680852,0.06780141843971631,0.04765957446808511,0.7917730496453901
1123,Montgomery,5321,Montgomery Precinct 07-026,3875,282,424,341,236,143,740,5321,1,0.7282465701935726,0.05299755685021613,0.07968426987408382,0.13907160308212743,4601,0.0640856981770344,0.04435256530727307,0.026874647622627326,0.8646870888930652
1124,Montgomery,2181,Montgomery Precinct 07-001,1599,99,203,133,66,75,280,2181,1,0.7331499312242091,0.0453920220082531,0.09307657038055937,0.12838147638697844,1907,0.06098120128381476,0.030261348005502064,0.0343878954607978,0.8743695552498854
1125,Montgomery,1793,Montgomery Precinct 07-002,1663,12,58,199,162,94,60,1793,1,0.9274958170663692,0.006692693809258227,0.03234802007808143,0.03346346904629113,1338,0.11098717233686559,0.09035136642498606,0.05242610150585611,0.7462353597322923
1126,Montgomery,2058,Montgomery Precinct 07-006,1844,22,90,173,136,79,102,2058,1,0.8960155490767736,0.010689990281827016,0.043731778425655975,0.04956268221574344,1670,0.08406219630709427,0.06608357628765792,0.038386783284742466,0.8114674441205053
1127,Montgomery,1085,Montgomery Precinct 07-021,993,7,30,116,106,55,55,1085,1,0.9152073732718894,0.0064516129032258064,0.027649769585253458,0.05069124423963134,808,0.10691244239631337,0.09769585253456221,0.05069124423963134,0.744700460829493
1128,Montgomery,2548,Montgomery Precinct 07-020,1786,114,231,185,122,73,417,2548,1,0.7009419152276295,0.044740973312401885,0.09065934065934066,0.16365777080062793,2168,0.07260596546310832,0.047880690737833596,0.028649921507064365,0.8508634222919937
1129,Montgomery,2356,Montgomery Precinct 07-025,1718,159,184,181,141,90,295,2356,1,0.7292020373514432,0.06748726655348047,0.07809847198641766,0.12521222410865873,1944,0.0768251273344652,0.05984719864176571,0.038200339558573854,0.8251273344651953
1130,Montgomery,3378,Montgomery Precinct 07-010,2587,140,235,262,206,104,416,3378,1,0.7658377738306691,0.04144464179988159,0.06956779159265838,0.123149792776791,2806,0.07756068679692125,0.06098283007696862,0.03078744819419775,0.8306690349319124
1131,Montgomery,1339,Montgomery Precinct 07-031,1068,53,81,106,80,42,137,1339,1,0.7976101568334578,0.039581777445855115,0.060492905153099324,0.10231516056758776,1111,0.07916355489171023,0.05974607916355489,0.03136669156086632,0.8297236743838685
1132,Montgomery,3359,Montgomery Precinct 04-018,2439,144,266,212,199,92,510,3359,1,0.7261089610002978,0.04286990175647514,0.07919023518904436,0.1518309020541828,2856,0.06311402203036617,0.05924382256623995,0.027389103899970228,0.8502530515034237
1133,Montgomery,2203,Montgomery Precinct 04-028,1437,232,159,64,53,33,375,2203,1,0.6522923286427599,0.1053109396277803,0.07217430776214254,0.1702224239673173,2053,0.029051293690422152,0.024058102587380843,0.014979573309123922,0.9319110304130731
1134,Montgomery,3906,Montgomery Precinct 04-031,2703,270,298,192,122,88,635,3906,1,0.6920122887864824,0.06912442396313365,0.07629288274449565,0.1625704045058884,3504,0.04915514592933948,0.03123399897593446,0.022529441884280594,0.8970814132104454
1135,Montgomery,3257,Montgomery Precinct 04-010,2452,157,215,137,116,75,433,3257,1,0.7528400368437212,0.048203868590727665,0.06601166717838501,0.1329444273871661,2929,0.0420632483880872,0.035615597175314706,0.02302732575990175,0.8992938286766964
1136,Montgomery,2490,Montgomery Precinct 04-017,1774,131,199,203,151,73,386,2490,1,0.7124497991967872,0.05261044176706827,0.07991967871485944,0.15502008032128514,2063,0.08152610441767068,0.0606425702811245,0.029317269076305223,0.8285140562248996
1137,Montgomery,3550,Montgomery Precinct 04-008,2235,303,263,231,138,152,749,3550,1,0.6295774647887324,0.08535211267605634,0.07408450704225353,0.21098591549295775,3029,0.06507042253521127,0.038873239436619716,0.0428169014084507,0.8532394366197183
1264,Montgomery,3965,Montgomery Precinct 07-008,2981,161,274,173,109,105,549,3965,1,0.7518284993694829,0.04060529634300126,0.0691046658259773,0.13846153846153847,3578,0.04363177805800757,0.027490542244640606,0.02648171500630517,0.9023959646910467
1265,Montgomery,2847,Montgomery Precinct 07-009,2231,129,240,193,140,115,247,2847,1,0.7836318932209343,0.045310853530031614,0.08429926238145416,0.0867579908675799,2399,0.06779065683175273,0.04917456972251493,0.04039339655778012,0.8426413768879523
1266,Montgomery,1400,Montgomery Precinct 07-032,1222,66,50,101,85,54,62,1400,1,0.8728571428571429,0.047142857142857146,0.03571428571428571,0.04428571428571428,1160,0.07214285714285715,0.060714285714285714,0.03857142857142857,0.8285714285714286
1267,Montgomery,1964,Montgomery Precinct 07-016,1563,157,98,200,136,102,146,1964,1,0.7958248472505092,0.079938900203666,0.04989816700610998,0.07433808553971487,1526,0.10183299389002037,0.06924643584521385,0.051934826883910386,0.7769857433808554
1268,Montgomery,3443,Montgomery Precinct 04-004,2536,193,311,207,146,127,403,3443,1,0.7365669474295672,0.05605576532094104,0.09032820214928841,0.11704908510020332,2963,0.060121986639558526,0.04240487946558234,0.03688643624745861,0.8605866976474005
1269,Montgomery,5607,Montgomery Precinct 04-015,2542,422,1490,63,40,39,1153,5607,1,0.45336186909220616,0.07526306402710897,0.26573925450329944,0.2056358123773854,5465,0.011235955056179775,0.0071339397182093815,0.006955591225254147,0.9746745140003567
1270,Montgomery,4958,Montgomery Precinct 13-025,1182,1041,2007,182,105,66,728,4958,1,0.23840258168616377,0.2099636950383219,0.4048003227107705,0.14683340056474384,4605,0.03670835014118596,0.02117789431222267,0.013311819281968536,0.9288019362646228
1271,Montgomery,2485,Montgomery Precinct 13-034,1903,166,217,230,129,121,199,2485,1,0.7657947686116701,0.06680080482897384,0.08732394366197183,0.0800804828973843,2005,0.0925553319919517,0.05191146881287726,0.04869215291750503,0.806841046277666
1272,Montgomery,2625,Montgomery Precinct 13-040,1669,275,374,173,132,116,307,2625,1,0.6358095238095238,0.10476190476190476,0.14247619047619048,0.11695238095238095,2204,0.06590476190476191,0.05028571428571429,0.04419047619047619,0.8396190476190476
1273,Montgomery,1874,Montgomery Precinct 06-009,1464,93,87,103,86,47,230,1874,1,0.7812166488794023,0.049626467449306294,0.046424759871931696,0.12273212379935966,1638,0.05496264674493063,0.04589114194236926,0.025080042689434364,0.8740661686232657
1274,Montgomery,2092,Montgomery Precinct 06-001,1647,105,85,85,66,53,255,2092,1,0.7872848948374761,0.05019120458891013,0.04063097514340344,0.12189292543021032,1888,0.04063097514340344,0.03154875717017208,0.025334608030592735,0.9024856596558317
1275,Montgomery,4802,Montgomery Precinct 06-011,1585,511,366,2,4,3,2340,4802,1,0.33007080383173676,0.10641399416909621,0.07621824239900042,0.4872969596001666,4793,0.00041649312786339027,0.0008329862557267805,0.0006247396917950854,0.9981257809246148
1276,Montgomery,3610,Montgomery Precinct 06-007,1633,479,289,177,94,48,1209,3610,1,0.4523545706371191,0.13268698060941828,0.08005540166204986,0.3349030470914127,3291,0.049030470914127426,0.0260387811634349,0.013296398891966758,0.9116343490304709
1277,Montgomery,4116,Montgomery Precinct 06-010,1639,865,860,151,89,50,752,4116,1,0.39820213799805637,0.21015549076773565,0.20894071914480078,0.1827016520894072,3826,0.03668610301263363,0.021622934888241012,0.012147716229348883,0.9295432458697764
1278,Montgomery,4374,Montgomery Precinct 02-004,2221,974,600,201,96,88,579,4374,1,0.5077732053040696,0.22267946959304985,0.13717421124828533,0.13237311385459533,3989,0.045953360768175584,0.02194787379972565,0.020118884316415182,0.9119798811156836
1279,Montgomery,3017,Montgomery Precinct 06-006,1327,114,133,127,127,69,1443,3017,1,0.4398409015578389,0.0377858800132582,0.04408352668213457,0.47828969174676833,2694,0.04209479615512098,0.04209479615512098,0.02287040106065628,0.8929400066291018
1280,Montgomery,2009,Montgomery Precinct 06-005,1479,119,107,203,132,81,304,2009,1,0.7361871577899453,0.059233449477351915,0.053260328521652564,0.15131906421105026,1593,0.10104529616724739,0.06570433051269288,0.04031856645097063,0.7929318068690892
1281,Montgomery,1603,Montgomery Precinct 06-014,922,145,84,52,51,29,452,1603,1,0.5751715533374921,0.09045539613225202,0.05240174672489083,0.28197130380536495,1471,0.032439176543980035,0.031815346225826574,0.018091079226450407,0.9176543980037429
1282,Montgomery,1874,Montgomery Precinct 06-013,1179,90,124,123,60,38,481,1874,1,0.6291355389541089,0.048025613660619,0.06616862326574173,0.25667022411953044,1653,0.06563500533617929,0.032017075773746,0.020277481323372464,0.8820704375667022
1283,Montgomery,2208,Montgomery Precinct 06-004,1418,58,91,167,140,81,641,2208,1,0.6422101449275363,0.026268115942028984,0.04121376811594203,0.29030797101449274,1820,0.0756340579710145,0.06340579710144928,0.036684782608695655,0.8242753623188406
1284,Montgomery,3777,Montgomery Precinct 09-027,2856,228,217,237,145,92,476,3777,1,0.756155679110405,0.06036536934074663,0.057453005030447445,0.12602594651840085,3303,0.06274821286735505,0.03839025681758009,0.024357956049774955,0.8745035742652899
1285,Montgomery,2727,Montgomery Precinct 04-020,1503,115,87,243,246,115,1022,2727,1,0.5511551155115512,0.042170883755042174,0.0319031903190319,0.37477081041437477,2123,0.0891089108910891,0.09020902090209021,0.042170883755042174,0.7785111844517785
1286,Montgomery,3226,Montgomery Precinct 04-024,1681,253,140,115,88,53,1152,3226,1,0.5210787352758834,0.07842529448233106,0.04339739615623062,0.35709857408555484,2970,0.0356478611283323,0.02727836329820211,0.01642901425914445,0.9206447613143212
1287,Montgomery,3648,Montgomery Precinct 06-008,1578,116,142,109,116,36,1812,3648,1,0.43256578947368424,0.03179824561403509,0.03892543859649123,0.4967105263157895,3387,0.02987938596491228,0.03179824561403509,0.009868421052631578,0.928453947368421
1288,Montgomery,4395,Montgomery Precinct 09-035,3188,132,170,218,175,98,905,4395,1,0.7253697383390216,0.030034129692832763,0.038680318543799774,0.20591581342434584,3904,0.049601820250284416,0.03981797497155859,0.02229806598407281,0.8882821387940842
1381,Montgomery,3114,Montgomery Precinct 09-033,1608,352,266,65,38,25,888,3114,1,0.5163776493256262,0.11303789338471419,0.08542068079640334,0.28516377649325625,2986,0.020873474630700065,0.012202954399486191,0.00802825947334618,0.9588953114964676
1382,Montgomery,5213,Montgomery Precinct 09-006,2366,669,696,196,123,81,1482,5213,1,0.4538653366583541,0.12833301361979665,0.13351237291386917,0.28428927680798005,4813,0.037598311912526376,0.023594859006330328,0.015538077882217532,0.9232687511989257
1383,Montgomery,2473,Montgomery Precinct 06-003,1678,137,200,145,112,77,458,2473,1,0.6785281035179943,0.05539830165790538,0.08087343307723413,0.18520016174686615,2139,0.05863323898099474,0.04528912252325111,0.03113627173473514,0.864941366761019
1384,Montgomery,6411,Montgomery Precinct 09-008,2167,1758,1382,153,73,55,1104,6411,1,0.3380127905163001,0.27421619092185306,0.21556699422866948,0.17220402433317736,6130,0.023865231633130556,0.011386679145219155,0.008579004835439089,0.9561690843862112
1385,Montgomery,3028,Montgomery Precinct 09-029,1472,608,555,131,58,61,393,3028,1,0.4861294583883752,0.20079260237780713,0.1832892998678996,0.12978863936591808,2778,0.043262879788639366,0.01915455746367239,0.020145310435931308,0.917437252311757
1386,Montgomery,4029,Montgomery Precinct 09-018,1196,1057,1069,115,50,42,707,4029,1,0.2968478530652767,0.26234797716554975,0.2653263837180442,0.17547778605112932,3822,0.028543062794738148,0.012410027302060065,0.010424422933730455,0.9486224869694714
1387,Montgomery,4242,Montgomery Precinct 09-034,1276,1125,1123,138,55,37,718,4242,1,0.3008015087223008,0.2652050919377652,0.26473361621876473,0.16925978312116927,4012,0.03253182461103253,0.012965582272512965,0.008722300801508723,0.9457802923149458
1388,Montgomery,3583,Montgomery Precinct 09-013,2194,270,327,161,128,84,792,3583,1,0.6123360312587217,0.07535584705554005,0.09126430365615407,0.22104381802958414,3210,0.044934412503488695,0.03572425341892269,0.023444041306168017,0.8958972927714206
1389,Montgomery,3560,Montgomery Precinct 09-003,1141,790,929,94,60,30,700,3560,1,0.3205056179775281,0.22191011235955055,0.26095505617977527,0.19662921348314608,3376,0.026404494382022473,0.016853932584269662,0.008426966292134831,0.9483146067415731
1390,Montgomery,2530,Montgomery Precinct 09-024,734,568,647,92,33,30,581,2530,1,0.2901185770750988,0.22450592885375495,0.2557312252964427,0.22964426877470356,2375,0.03636363636363636,0.013043478260869565,0.011857707509881422,0.9387351778656127
1391,Montgomery,5966,Montgomery Precinct 09-016,1159,1271,2006,125,50,33,1530,5966,1,0.1942675159235669,0.21304056319141804,0.33623868588669126,0.25645323499832384,5758,0.020952061682869595,0.008380824673147838,0.0055313442842775725,0.965135769359705
1392,Montgomery,3092,Montgomery Precinct 09-030,1208,569,479,135,80,38,836,3092,1,0.3906856403622251,0.18402328589909445,0.15491591203104788,0.2703751617076326,2839,0.043661060802069857,0.0258732212160414,0.012289780077619664,0.9181759379042691
1393,Montgomery,2943,Montgomery Precinct 09-011,1407,576,566,157,87,51,394,2943,1,0.4780835881753313,0.19571865443425077,0.19232076112810056,0.13387699626231736,2648,0.05334692490655794,0.029561671763506627,0.017329255861365953,0.8997621474685695
1394,Montgomery,3185,Montgomery Precinct 09-012,1599,621,588,185,113,82,377,3185,1,0.5020408163265306,0.19497645211930925,0.18461538461538463,0.11836734693877551,2805,0.058084772370486655,0.035478806907378334,0.025745682888540032,0.880690737833595
1395,Montgomery,3625,Montgomery Precinct 02-005,2174,562,495,157,86,59,394,3625,1,0.5997241379310345,0.1550344827586207,0.13655172413793104,0.10868965517241379,3323,0.04331034482758621,0.02372413793103448,0.016275862068965516,0.9166896551724137
1396,Montgomery,3808,Montgomery Precinct 02-008,1638,786,401,116,70,51,983,3808,1,0.43014705882352944,0.20640756302521007,0.1053046218487395,0.25814075630252103,3571,0.03046218487394958,0.01838235294117647,0.013392857142857142,0.9377626050420168
1398,Montgomery,407,Montgomery Precinct 02-007,369,8,19,1,3,0,11,407,1,0.9066339066339066,0.019656019656019656,0.04668304668304668,0.02702702702702703,403,0.002457002457002457,0.007371007371007371,0.0,0.9901719901719902
1399,Montgomery,4880,Montgomery Precinct 02-001,1835,763,595,172,92,70,1687,4880,1,0.3760245901639344,0.15635245901639344,0.12192622950819672,0.3456967213114754,4546,0.03524590163934426,0.018852459016393444,0.014344262295081968,0.9315573770491803
1400,Montgomery,4636,Montgomery Precinct 02-011,1893,686,421,157,68,51,1636,4636,1,0.40832614322691974,0.14797238999137188,0.09081104400345125,0.3528904227782571,4360,0.03386540120793788,0.014667817083692839,0.01100086281276963,0.9404659188955996
1401,Montgomery,2216,Montgomery Precinct 02-006,1328,161,180,116,68,48,547,2216,1,0.5992779783393501,0.07265342960288809,0.0812274368231047,0.24684115523465705,1984,0.052346570397111915,0.030685920577617327,0.021660649819494584,0.8953068592057761
1402,Montgomery,2500,Montgomery Precinct 09-025,933,381,335,102,62,35,851,2500,1,0.3732,0.1524,0.134,0.3404,2301,0.0408,0.0248,0.014,0.9204
1403,Montgomery,2308,Montgomery Precinct 12-004,1876,90,177,86,63,39,165,2308,1,0.8128249566724437,0.0389948006932409,0.07668977469670711,0.07149046793760831,2120,0.03726169844020797,0.02729636048526863,0.016897746967071057,0.9185441941074524
1404,Montgomery,3657,Montgomery Precinct 12-005,2314,431,527,98,65,41,385,3657,1,0.6327590921520372,0.1178561662564944,0.14410719168717528,0.10527754990429314,3453,0.02679792179382007,0.017774131802023516,0.011211375444353295,0.9442165709598032
1405,Montgomery,2594,Montgomery Precinct 12-002,2223,67,216,66,87,43,88,2594,1,0.8569776407093292,0.025828835774865073,0.08326908249807248,0.03392444101773323,2398,0.025443330763299923,0.03353893600616808,0.016576715497301466,0.9244410177332305
1406,Montgomery,2048,Montgomery Precinct 04-026,1442,57,102,124,64,57,447,2048,1,0.7041015625,0.02783203125,0.0498046875,0.21826171875,1803,0.060546875,0.03125,0.02783203125,0.88037109375
1407,Montgomery,2523,Montgomery Precinct 04-023,1989,55,129,12,6,2,350,2523,1,0.7883472057074911,0.02179944510503369,0.05112960760998811,0.13872374157748713,2503,0.0047562425683709865,0.0023781212841854932,0.0007927070947284979,0.992072929052715
1408,Montgomery,2581,Montgomery Precinct 04-021,1825,65,172,224,208,102,519,2581,1,0.7070902750871755,0.025184037194885704,0.06664083688492832,0.20108485083301045,2047,0.08678806664083688,0.08058891902363426,0.0395195660596668,0.7931034482758621
1441,Montgomery,1933,Montgomery Precinct 13-031,950,294,447,170,89,74,242,1933,1,0.49146404552509054,0.1520951888256596,0.23124676668391103,0.12519399896533887,1600,0.08794619762027936,0.04604242110708743,0.03828246249353337,0.8277289187790998
1442,Montgomery,1911,Montgomery Precinct 13-059,1023,319,380,137,87,78,189,1911,1,0.5353218210361067,0.16692830978545264,0.1988487702773417,0.0989010989010989,1609,0.0716902145473574,0.04552590266875981,0.04081632653061224,0.8419675562532706
1443,Montgomery,3612,Montgomery Precinct 13-027,1645,441,987,206,97,123,539,3612,1,0.45542635658914726,0.12209302325581395,0.27325581395348836,0.14922480620155038,3186,0.05703211517165006,0.026854928017718716,0.0340531561461794,0.8820598006644518
1444,Montgomery,4634,Montgomery Precinct 13-030,871,549,2741,175,88,42,473,4634,1,0.18795856711264566,0.1184721622788088,0.5914976262408287,0.10207164436771687,4329,0.0377643504531722,0.018990073370738023,0.00906344410876133,0.9341821320673285
1445,Montgomery,4064,Montgomery Precinct 13-029,1148,509,1704,195,103,81,703,4064,1,0.2824803149606299,0.12524606299212598,0.41929133858267714,0.17298228346456693,3685,0.04798228346456693,0.025344488188976378,0.019931102362204724,0.906742125984252
1446,Montgomery,1911,Montgomery Precinct 13-053,1016,242,489,130,90,84,164,1911,1,0.531658817373103,0.12663526949241236,0.25588697017268447,0.08581894296180011,1607,0.06802721088435375,0.04709576138147567,0.04395604395604396,0.8409209837781266
1447,Montgomery,4095,Montgomery Precinct 13-032,1317,1186,925,218,110,100,667,4095,1,0.32161172161172163,0.28962148962148965,0.2258852258852259,0.16288156288156289,3667,0.053235653235653234,0.026862026862026864,0.02442002442002442,0.8954822954822955
1448,Montgomery,4453,Montgomery Precinct 13-044,1126,1014,1665,190,129,91,648,4453,1,0.2528632382663373,0.2277116550640018,0.3739052324275769,0.14551987424208399,4043,0.042667864361104875,0.02896923422411857,0.0204356613518976,0.907927240062879
1449,Montgomery,2314,Montgomery Precinct 13-010,1108,780,171,109,40,55,255,2314,1,0.4788245462402766,0.33707865168539325,0.07389801210025929,0.11019878997407087,2110,0.04710458081244598,0.01728608470181504,0.02376836646499568,0.9118409680207433
1450,Montgomery,3425,Montgomery Precinct 13-005,1473,1131,376,243,120,135,445,3425,1,0.4300729927007299,0.3302189781021898,0.10978102189781022,0.12992700729927006,2927,0.07094890510948905,0.035036496350364967,0.03941605839416058,0.8545985401459854
1451,Montgomery,2283,Montgomery Precinct 13-019,1401,254,417,202,104,131,211,2283,1,0.6136662286465178,0.11125711782742007,0.18265440210249673,0.09242225142356549,1846,0.08848007008322382,0.04555409548839247,0.057380639509417436,0.8085851949189663
1452,Montgomery,2350,Montgomery Precinct 13-050,1442,547,192,191,87,241,169,2350,1,0.6136170212765958,0.2327659574468085,0.08170212765957446,0.07191489361702127,1831,0.08127659574468085,0.03702127659574468,0.1025531914893617,0.7791489361702127
1453,Montgomery,3765,Montgomery Precinct 13-013,1279,1434,778,203,92,181,274,3765,1,0.3397078353253652,0.3808764940239044,0.20664010624169987,0.07277556440903055,3289,0.053917662682602924,0.024435590969455512,0.04807436918990704,0.8735723771580345
1454,Montgomery,2381,Montgomery Precinct 13-023,1843,197,210,196,158,200,131,2381,1,0.7740445191096178,0.08273834523309534,0.08819823603527929,0.05501889962200756,1827,0.08231835363292735,0.06635867282654347,0.08399832003359933,0.7673246535069299
1455,Montgomery,1565,Montgomery Precinct 13-042,700,179,459,118,61,64,227,1565,1,0.4472843450479233,0.11437699680511182,0.29329073482428114,0.1450479233226837,1322,0.07539936102236422,0.038977635782747606,0.04089456869009585,0.8447284345047923
1456,Montgomery,1679,Montgomery Precinct 13-057,841,482,148,104,48,22,208,1679,1,0.5008933889219773,0.2870756402620607,0.08814770696843359,0.12388326384752829,1505,0.061941631923764146,0.02858844550327576,0.013103037522334724,0.8963668850506253
1457,Montgomery,2284,Montgomery Precinct 13-063,625,502,911,78,33,35,246,2284,1,0.2736427320490368,0.21978984238178634,0.398861646234676,0.10770577933450087,2138,0.03415061295971979,0.014448336252189142,0.01532399299474606,0.936077057793345
1458,Montgomery,3381,Montgomery Precinct 13-011,1574,590,784,270,146,157,433,3381,1,0.4655427388346643,0.17450458444247263,0.2318840579710145,0.12806861875184858,2808,0.07985803016858918,0.04318249038745933,0.046435965690624074,0.8305235137533274
1459,Montgomery,2099,Montgomery Precinct 13-033,1120,450,301,195,154,82,228,2099,1,0.533587422582182,0.21438780371605526,0.1434016198189614,0.10862315388280133,1668,0.09290138161029061,0.07336827060505002,0.03906622201048118,0.7946641257741782
1460,Montgomery,1827,Montgomery Precinct 13-020,1491,146,87,143,215,68,103,1827,1,0.8160919540229885,0.07991242474001095,0.047619047619047616,0.05637657361795293,1401,0.07827038861521621,0.11767925561029009,0.037219485495347565,0.7668308702791461
1463,Montgomery,2481,Montgomery Precinct 13-006,1675,478,185,222,86,441,143,2481,1,0.675130995566304,0.19266424828698106,0.07456670697299476,0.05763804917372027,1732,0.08948004836759371,0.03466344216041919,0.1777509068923821,0.698105602579605
1476,Montgomery,2828,Montgomery Precinct 13-028,772,277,1395,103,47,34,384,2828,1,0.272984441301273,0.09794908062234794,0.4932814710042433,0.13578500707213578,2644,0.03642149929278642,0.01661951909476662,0.012022630834512023,0.9349363507779349
1477,Montgomery,2804,Montgomery Precinct 13-001,1219,563,482,181,90,65,540,2804,1,0.4347360912981455,0.2007845934379458,0.1718972895863053,0.19258202567760344,2468,0.0645506419400856,0.03209700427960057,0.023181169757489302,0.8801711840228246
1478,Montgomery,3327,Montgomery Precinct 13-055,474,1496,1021,129,32,20,336,3327,1,0.1424706943192065,0.4496543432521791,0.306883077847911,0.10099188458070334,3146,0.0387736699729486,0.009618274721971746,0.006011421701232342,0.9455966336038473
1479,Montgomery,4237,Montgomery Precinct 13-054,3592,353,114,289,205,100,178,4237,1,0.8477696483360868,0.08331366532924239,0.026905829596412557,0.042010856738258204,3643,0.06820863818739674,0.048383290063724334,0.023601604909133822,0.8598064668397452
1480,Montgomery,2942,Montgomery Precinct 13-069,2441,273,66,300,250,105,162,2942,1,0.8297076818490823,0.09279401767505098,0.022433718558803536,0.055064581917063225,2287,0.10197144799456152,0.0849762066621346,0.03569000679809653,0.7773623385452073
1481,Montgomery,2381,Montgomery Precinct 13-061,1119,531,217,328,147,111,514,2381,1,0.46997060058798823,0.2230155396892062,0.09113817723645527,0.21587568248635028,1795,0.1377572448551029,0.061738765224695506,0.046619067618647626,0.753884922301554
1482,Montgomery,1528,Montgomery Precinct 05-022,892,242,160,131,69,89,234,1528,1,0.5837696335078534,0.15837696335078533,0.10471204188481675,0.1531413612565445,1239,0.08573298429319372,0.045157068062827224,0.05824607329842932,0.8108638743455497
1483,Montgomery,3868,Montgomery Precinct 05-009,1730,913,303,328,176,113,922,3868,1,0.44725956566701136,0.2360392967942089,0.07833505687693898,0.23836608066184076,3251,0.08479834539813857,0.045501551189245086,0.02921406411582213,0.8404860392967942
1484,Montgomery,3207,Montgomery Precinct 05-016,1526,791,260,334,146,98,630,3207,1,0.4758341128780792,0.24664795759276584,0.08107265357031494,0.19644527595884004,2629,0.10414717804801996,0.04552541315871531,0.030558154038041782,0.819769254755223
1485,Montgomery,2145,Montgomery Precinct 08-010,1308,258,268,130,76,54,311,2145,1,0.6097902097902098,0.12027972027972028,0.12494172494172494,0.14498834498834498,1885,0.06060606060606061,0.035431235431235435,0.025174825174825177,0.8787878787878788
1486,Montgomery,2954,Montgomery Precinct 08-011,1813,412,224,169,106,64,505,2954,1,0.6137440758293838,0.13947190250507785,0.07582938388625593,0.17095463777928233,2615,0.057210561949898445,0.03588354773188896,0.021665538253215978,0.8852403520649966
1487,Montgomery,3717,Montgomery Precinct 08-002,2746,312,246,222,173,99,413,3717,1,0.7387678235135863,0.08393866020984665,0.06618240516545601,0.1111111111111111,3223,0.05972558514931396,0.04654291094969061,0.026634382566585957,0.8670971213344094
1488,Montgomery,3819,Montgomery Precinct 08-006,2643,507,195,212,152,116,474,3819,1,0.6920659858601729,0.13275726630007856,0.05106048703849175,0.12411626080125687,3339,0.05551191411364231,0.03980099502487562,0.030374443571615607,0.8743126472898665
1489,Montgomery,3868,Montgomery Precinct 05-011,1493,1038,596,227,88,90,741,3868,1,0.3859875904860393,0.26835573940020685,0.15408479834539815,0.19157187176835574,3463,0.058686659772492246,0.022750775594622543,0.02326783867631851,0.8952947259565667
1490,Montgomery,2076,Montgomery Precinct 05-008,519,938,230,315,112,95,389,2076,1,0.25,0.45183044315992293,0.11078998073217726,0.18737957610789982,1554,0.15173410404624277,0.05394990366088632,0.04576107899807322,0.7485549132947977
1491,Montgomery,3479,Montgomery Precinct 05-015,1827,607,311,225,99,71,734,3479,1,0.5251509054325956,0.17447542397240587,0.08939350388042541,0.21098016671457315,3084,0.06467375682667433,0.028456453003736705,0.02040816326530612,0.8864616269042829
1492,Montgomery,3713,Montgomery Precinct 05-001,1392,998,522,281,110,80,801,3713,1,0.37489900350121197,0.2687853487745758,0.14058712631295447,0.21572852141125776,3242,0.07568004309183948,0.029625639644492323,0.02154591974144896,0.8731483975222192
1493,Montgomery,3773,Montgomery Precinct 05-017,1397,1229,393,245,117,88,754,3773,1,0.37026239067055394,0.32573548900079513,0.1041611449774715,0.19984097535117942,3323,0.06493506493506493,0.0310098065200106,0.023323615160349854,0.8807315133845746
1494,Montgomery,3392,Montgomery Precinct 05-019,1731,597,234,214,106,53,830,3392,1,0.5103183962264151,0.17600235849056603,0.06898584905660378,0.2446933962264151,3019,0.06308962264150944,0.03125,0.015625,0.8900353773584906
1495,Montgomery,1722,Montgomery Precinct 05-018,1069,238,147,101,45,51,268,1722,1,0.6207897793263647,0.13821138211382114,0.08536585365853659,0.15563298490127758,1525,0.0586527293844367,0.02613240418118467,0.029616724738675958,0.8855981416957027
1504,Montgomery,4171,Montgomery Precinct 05-002,955,2166,376,205,53,49,674,4171,1,0.22896187964516904,0.5192999280748022,0.09014624790218173,0.16159194437784705,3864,0.04914888515943419,0.012706784943658594,0.011747782306401342,0.9263965475905058
1505,Montgomery,5053,Montgomery Precinct 05-021,610,3098,654,227,63,50,691,5053,1,0.12072036414011478,0.6131011280427469,0.12942806253710668,0.13675044528003166,4713,0.04492380763902632,0.012467840886602018,0.009895111814763506,0.9327132396596082
1519,Montgomery,2978,Montgomery Precinct 04-016,1734,255,213,226,201,84,776,2978,1,0.5822699798522498,0.08562793821356615,0.0715245130960376,0.2605775688381464,2467,0.07588985896574882,0.06749496306245803,0.028206850235057087,0.8284083277367361
1520,Montgomery,3619,Montgomery Precinct 09-031,2072,356,251,161,102,71,940,3619,1,0.5725338491295938,0.09836971539099199,0.06935617573915447,0.2597402597402597,3285,0.04448742746615087,0.028184581376070737,0.01961867919314728,0.9077093119646311
1521,Montgomery,2298,Montgomery Precinct 04-025,1598,184,171,135,116,51,345,2298,1,0.6953872932985204,0.08006962576153177,0.07441253263707572,0.15013054830287206,1996,0.0587467362924282,0.050478677110530897,0.022193211488250653,0.8685813751087903
1522,Montgomery,3285,Montgomery Precinct 04-002,2202,221,217,200,158,112,645,3285,1,0.6703196347031963,0.06727549467275494,0.06605783866057839,0.1963470319634703,2815,0.060882800608828,0.04809741248097413,0.03409436834094368,0.8569254185692542
1523,Montgomery,4300,Montgomery Precinct 04-005,1924,343,540,142,104,88,1493,4300,1,0.4474418604651163,0.07976744186046511,0.12558139534883722,0.3472093023255814,3966,0.03302325581395349,0.024186046511627906,0.020465116279069766,0.9223255813953488
1524,Montgomery,4790,Montgomery Precinct 04-030,2487,261,318,136,124,77,1724,4790,1,0.5192066805845511,0.054488517745302716,0.06638830897703549,0.35991649269311066,4453,0.028392484342379957,0.025887265135699375,0.016075156576200417,0.9296450939457203
1525,Montgomery,4662,Montgomery Precinct 04-003,3043,406,363,317,211,178,850,4662,1,0.6527241527241527,0.08708708708708708,0.07786357786357787,0.18232518232518233,3956,0.067996567996568,0.04525954525954526,0.03818103818103818,0.8485628485628486
1526,Montgomery,5108,Montgomery Precinct 04-001,2098,900,1245,193,136,93,865,5108,1,0.4107282693813626,0.17619420516836334,0.2437353171495693,0.1693422083007048,4686,0.037783868441660144,0.02662490211433046,0.01820673453406421,0.9173844949099452
1527,Montgomery,2330,Montgomery Precinct 04-019,1228,257,253,90,64,40,592,2330,1,0.527038626609442,0.11030042918454935,0.10858369098712446,0.25407725321888414,2136,0.03862660944206009,0.027467811158798282,0.017167381974248927,0.9167381974248927
1528,Montgomery,4373,Montgomery Precinct 09-002,1270,859,1635,211,123,80,609,4373,1,0.2904184770180654,0.19643265492796708,0.3738852046649897,0.13926366338897783,3959,0.04825062885890693,0.028127143837182712,0.01829407729247656,0.9053281500114339
1529,Montgomery,2013,Montgomery Precinct 09-010,999,272,338,32,20,24,404,2013,1,0.496274217585693,0.1351217088922007,0.16790859413810233,0.20069547938400398,1937,0.015896671634376552,0.009935419771485345,0.011922503725782414,0.9622454048683556
1530,Montgomery,2692,Montgomery Precinct 09-020,900,466,455,132,53,29,871,2692,1,0.3343239227340267,0.17310549777117384,0.16901931649331353,0.3235512630014859,2478,0.04903417533432392,0.019687964338781574,0.010772659732540862,0.9205052005943536
1531,Montgomery,6198,Montgomery Precinct 09-007,1690,1460,1972,190,69,59,1076,6198,1,0.27266860277508875,0.2355598580187157,0.31816715069377216,0.17360438851242335,5880,0.030655050016134236,0.011132623426911906,0.00951919974185221,0.9486931268151017
1532,Montgomery,2732,Montgomery Precinct 09-021,1219,441,517,114,63,46,555,2732,1,0.44619326500732065,0.16142020497803808,0.18923865300146414,0.20314787701317716,2509,0.04172767203513909,0.023060029282576867,0.01683748169838946,0.9183748169838946
1533,Montgomery,3032,Montgomery Precinct 01-003,1503,661,438,197,114,67,430,3032,1,0.495712401055409,0.21800791556728233,0.14445910290237468,0.14182058047493404,2654,0.0649736147757256,0.037598944591029027,0.022097625329815303,0.8753298153034301
1534,Montgomery,2208,Montgomery Precinct 09-036,721,295,575,137,63,41,617,2208,1,0.32653985507246375,0.13360507246376813,0.2604166666666667,0.27943840579710144,1967,0.06204710144927536,0.028532608695652172,0.018568840579710144,0.8908514492753623
1535,Montgomery,2513,Montgomery Precinct 09-014,1479,208,264,138,112,77,562,2513,1,0.5885395941106247,0.08276959808993235,0.10505372065260644,0.22363708714683644,2186,0.05491444488658973,0.04456824512534819,0.03064066852367688,0.8698766414643851
1536,Montgomery,2630,Montgomery Precinct 09-037,879,522,557,114,60,32,672,2630,1,0.33422053231939164,0.19847908745247148,0.211787072243346,0.2555133079847909,2424,0.04334600760456274,0.022813688212927757,0.012167300380228136,0.9216730038022813
1537,Montgomery,3688,Montgomery Precinct 09-004,1261,566,1194,139,111,63,667,3688,1,0.34191973969631234,0.153470715835141,0.3237527114967462,0.18085683297180044,3375,0.03768980477223427,0.03009761388286334,0.017082429501084597,0.9151301518438177
1538,Montgomery,2392,Montgomery Precinct 01-004,896,466,589,103,51,42,441,2392,1,0.3745819397993311,0.1948160535117057,0.24623745819397994,0.18436454849498327,2196,0.04306020066889632,0.021321070234113712,0.017558528428093644,0.9180602006688964
1539,Montgomery,1813,Montgomery Precinct 01-006,1015,289,168,84,48,22,341,1813,1,0.5598455598455598,0.1594043022614451,0.09266409266409266,0.18808604522890238,1659,0.04633204633204633,0.026475455046883617,0.012134583563154992,0.915057915057915
1540,Montgomery,2859,Montgomery Precinct 01-005,1725,304,203,143,85,43,627,2859,1,0.6033578174186779,0.10633088492479888,0.07100384749912557,0.2193074501573977,2588,0.050017488632388946,0.029730675061210212,0.015040223854494578,0.9052116124519063
1556,Montgomery,3296,Montgomery Precinct 13-018,1232,519,1264,213,89,220,281,3296,1,0.3737864077669903,0.1574635922330097,0.38349514563106796,0.08525485436893204,2774,0.06462378640776699,0.027002427184466018,0.06674757281553398,0.841626213592233
1557,Montgomery,6272,Montgomery Precinct 13-022,1086,1350,3320,236,65,162,516,6272,1,0.17315051020408162,0.2152423469387755,0.5293367346938775,0.08227040816326531,5809,0.03762755102040816,0.010363520408163265,0.025829081632653062,0.9261798469387755
1558,Montgomery,2160,Montgomery Precinct 05-003,883,533,445,354,159,179,299,2160,1,0.40879629629629627,0.24675925925925926,0.20601851851851852,0.13842592592592592,1468,0.1638888888888889,0.07361111111111111,0.08287037037037037,0.6796296296296296
1560,Montgomery,5829,Montgomery Precinct 05-014,601,1571,2660,123,43,44,997,5829,1,0.10310516383599246,0.2695144964831017,0.4563389946817636,0.17104134499914223,5619,0.02110138960370561,0.007376908560645051,0.007548464573683308,0.963973237261966
1561,Montgomery,3086,Montgomery Precinct 05-010,859,1521,366,150,70,51,340,3086,1,0.2783538561244329,0.4928710304601426,0.118600129617628,0.1101749837977965,2815,0.04860661049902787,0.02268308489954634,0.016526247569669476,0.9121840570317563
1562,Montgomery,2340,Montgomery Precinct 05-005,1093,761,200,227,113,77,286,2340,1,0.4670940170940171,0.3252136752136752,0.08547008547008547,0.12222222222222222,1923,0.09700854700854701,0.04829059829059829,0.03290598290598291,0.8217948717948718
1563,Montgomery,4504,Montgomery Precinct 05-006,1382,1443,676,310,140,129,1003,4504,1,0.30683836589698044,0.3203818827708703,0.15008880994671403,0.22269094138543516,3925,0.06882770870337478,0.03108348134991119,0.02864120781527531,0.8714476021314387
1569,Montgomery,1247,Montgomery Precinct 05-004,492,487,79,242,109,54,189,1247,1,0.3945469125902165,0.3905372894947875,0.06335204490777867,0.15156375300721733,842,0.19406575781876503,0.08740978348035285,0.04330392943063352,0.6752205292702486
1771,Montgomery,5066,Montgomery Precinct 02-002,2200,970,685,208,92,63,1211,5066,1,0.43426766679826295,0.1914725621792341,0.13521515988945915,0.23904461113304382,4703,0.04105803395183577,0.018160284247927358,0.012435846821950257,0.9283458349782866
1772,Montgomery,4594,Montgomery Precinct 02-003,1819,1083,834,170,74,47,858,4594,1,0.3959512407488028,0.23574227252938615,0.18154114061819765,0.18676534610361342,4303,0.037004788855028295,0.01610796691336526,0.01023073574227253,0.9366565084893339
1773,Montgomery,4893,Montgomery Precinct 04-014,2595,661,465,222,149,102,1172,4893,1,0.530349478847333,0.13509094624974452,0.0950337216431637,0.23952585325975884,4420,0.045370938074800735,0.030451665644798693,0.020846106683016553,0.9033312895973841
1774,Montgomery,8267,Montgomery Precinct 05-013,1288,4283,1746,268,76,51,950,8267,1,0.15580016934801016,0.518083948227894,0.21120116124349825,0.11491472118059756,7872,0.03241804765936857,0.009193177694447805,0.006169106084432079,0.9522196685617516
1775,Montgomery,5042,Montgomery Precinct 05-023,1026,2406,449,335,99,71,1161,5042,1,0.203490678302261,0.4771915906386355,0.08905196350654503,0.2302657675525585,4537,0.06644188813962713,0.01963506545021817,0.01408171360571202,0.8998413328044427
1776,Montgomery,7187,Montgomery Precinct 05-012,3273,1977,679,329,135,107,1258,7187,1,0.45540559343258663,0.2750800055656046,0.09447613747043272,0.1750382635313761,6616,0.04577709753721998,0.01878391540281063,0.01488799220815361,0.9205509948518158
1777,Montgomery,4205,Montgomery Precinct 06-002,2503,206,132,127,117,47,1364,4205,1,0.595243757431629,0.04898929845422117,0.03139120095124851,0.3243757431629013,3914,0.030202140309155766,0.027824019024970274,0.01117717003567182,0.9307966706302021
1778,Montgomery,4050,Montgomery Precinct 07-019,3278,98,244,356,278,196,430,4050,1,0.8093827160493827,0.02419753086419753,0.06024691358024691,0.10617283950617284,3220,0.08790123456790123,0.06864197530864198,0.04839506172839506,0.7950617283950617
1779,Montgomery,3999,Montgomery Precinct 07-023,3100,78,227,366,284,130,594,3999,1,0.7751937984496124,0.019504876219054765,0.05676419104776194,0.1485371342835709,3219,0.09152288072018004,0.07101775443860965,0.03250812703175794,0.8049512378094523
1780,Montgomery,3316,Montgomery Precinct 09-005,1609,560,715,191,97,54,432,3316,1,0.4852231604342581,0.16887816646562123,0.21562123039806996,0.13027744270205066,2974,0.057599517490952955,0.02925211097708082,0.016284680337756333,0.8968636911942099
1781,Montgomery,5404,Montgomery Precinct 09-009,1874,1394,1507,223,108,72,629,5404,1,0.34678016284233903,0.2579570688378979,0.27886750555144335,0.11639526276831977,5001,0.04126572908956329,0.01998519615099926,0.013323464100666173,0.9254256106587713
1782,Montgomery,4358,Montgomery Precinct 09-022,1537,811,1273,197,102,67,737,4358,1,0.3526847177604406,0.18609453877925655,0.29210647085819186,0.16911427260211107,3992,0.04520422212023864,0.023405231757687012,0.015374024782010096,0.9160165213400643
1783,Montgomery,5285,Montgomery Precinct 13-021,1585,2617,712,264,79,307,371,5285,1,0.29990539262062443,0.49517502365184485,0.134720908230842,0.07019867549668875,4635,0.049952696310312204,0.014947965941343426,0.058088930936613055,0.8770104068117314
1784,Montgomery,5580,Montgomery Precinct 13-015,1569,1616,1633,343,154,215,762,5580,1,0.28118279569892474,0.2896057347670251,0.29265232974910393,0.13655913978494624,4868,0.061469534050179214,0.027598566308243727,0.03853046594982079,0.8724014336917563
1785,Montgomery,4493,Montgomery Precinct 13-058,2208,738,974,326,174,209,573,4493,1,0.4914311150678834,0.16425550856888493,0.21678166036056087,0.12753171600267083,3784,0.07255731137324728,0.038726908524371245,0.04651680391720454,0.8421989761851769
1786,Montgomery,3906,Montgomery Precinct 13-038,3422,56,207,395,252,199,221,3906,1,0.8760880696364567,0.014336917562724014,0.052995391705069124,0.05657962109575013,3060,0.10112647209421403,0.06451612903225806,0.05094726062467998,0.783410138248848
1787,Montgomery,5201,Montgomery Precinct 13-002,1770,1451,911,378,170,116,1069,5201,1,0.34031916939050183,0.27898481061334357,0.17515862334166507,0.20553739665448953,4537,0.07267833109017496,0.03268602191886176,0.022303403191693907,0.8723322437992693
1788,Montgomery,4646,Montgomery Precinct 13-056,1538,1442,986,273,107,69,680,4646,1,0.3310374515712441,0.3103745157124408,0.21222557038312526,0.14636246233318984,4197,0.05876022384847181,0.023030563925957814,0.01485148514851485,0.9033577270770555
1789,Montgomery,5489,Montgomery Precinct 13-049,1754,1856,1064,102,39,26,815,5489,1,0.31954818728365825,0.3381308070686828,0.1938422299143742,0.14847877573328475,5322,0.018582619785024596,0.007105119329568228,0.004736746219712151,0.969575514665695
1790,Montgomery,2651,Montgomery Precinct 13-014,1982,315,194,319,155,226,160,2651,1,0.7476423990946812,0.11882308562806489,0.07317993210109393,0.06035458317615994,1951,0.12033195020746888,0.05846850245190494,0.08525084873632592,0.7359486986043002
1791,Montgomery,6281,Montgomery Precinct 09-015,2477,1257,1459,115,62,41,1088,6281,1,0.39436395478427,0.20012736825346283,0.23228785225282597,0.17322082470944117,6063,0.018309186435281007,0.009871039643368891,0.00652762298996975,0.9652921509313803
1792,Montgomery,7135,Montgomery Precinct 09-028,2268,1187,3052,154,88,50,628,7135,1,0.3178696566222845,0.16636299929922915,0.427750525578136,0.08801681850035038,6843,0.02158374211632796,0.012333566923615978,0.00700770847932726,0.9590749824807288
1793,Montgomery,5420,Montgomery Precinct 09-026,1771,1353,1225,215,85,63,1071,5420,1,0.3267527675276753,0.2496309963099631,0.22601476014760147,0.19760147601476014,5057,0.03966789667896679,0.015682656826568265,0.011623616236162362,0.9330258302583025
1797,Montgomery,3644,Montgomery Precinct 08-007,2562,447,204,204,149,79,431,3644,1,0.7030735455543359,0.12266739846322722,0.05598243688254665,0.11827661909989023,3212,0.05598243688254665,0.040889132821075744,0.0216794731064764,0.8814489571899012
1798,Montgomery,4038,Montgomery Precinct 13-068,1615,1313,736,203,55,196,374,4038,1,0.39995047052996535,0.3251609707776127,0.1822684497275879,0.09262010896483408,3584,0.05027241208519069,0.013620604259534423,0.04853888063397722,0.8875681030212976
