,COUNTY,VAP,NAME,WVAP,BVAP,HVAP,GOV14D,GOV14R,OVAP,TOT_VOTES,factor,WVAP_pct,BVAP_pct,HVAP_pct,OVAP_pct,GOV14None,GOV14D_pct,GOV14R_pct,GOV14None_pct
74,Montgomery,3490,Montgomery Precinct 04-007,1550,258,1105,623,389,577,3490,1,0.44412607449856734,0.07392550143266476,0.3166189111747851,0.16532951289398282,2478,0.17851002865329513,0.11146131805157593,0.710028653295129
75,Montgomery,2962,Montgomery Precinct 04-006,1536,136,922,545,415,368,2962,1,0.5185685347738015,0.04591492234976367,0.3112761647535449,0.12424037812288993,2002,0.1839972991222147,0.1401080351114112,0.675894665766374
76,Montgomery,1587,Montgomery Precinct 04-027,360,206,510,133,47,511,1587,1,0.22684310018903592,0.12980466288594833,0.32136105860113423,0.3219911783238815,1407,0.08380592312539382,0.029615626969124134,0.8865784499054821
77,Montgomery,1951,Montgomery Precinct 04-009,995,122,505,460,242,329,1951,1,0.5099948744233727,0.06253203485392107,0.25884161968221425,0.16863147104049206,1249,0.23577652485904665,0.12403895438236802,0.6401845207585853
78,Montgomery,3199,Montgomery Precinct 13-051,2034,239,525,895,605,401,3199,1,0.6358236949046577,0.07471084713973117,0.16411378555798686,0.12535167239762426,1699,0.2797749296655205,0.1891216005001563,0.5311034698343232
79,Montgomery,1806,Montgomery Precinct 04-034,1249,126,158,482,478,273,1806,1,0.6915836101882613,0.06976744186046512,0.08748615725359911,0.1511627906976744,846,0.26688815060908083,0.2646733111849391,0.4684385382059801
80,Montgomery,2832,Montgomery Precinct 13-043,911,192,1240,469,280,489,2832,1,0.321680790960452,0.06779661016949153,0.4378531073446328,0.17266949152542374,2083,0.16560734463276836,0.09887005649717515,0.7355225988700564
81,Montgomery,2301,Montgomery Precinct 13-045,911,211,756,420,273,423,2301,1,0.3959148196436332,0.09169926119078661,0.3285528031290743,0.18383311603650587,1608,0.18252933507170796,0.11864406779661017,0.6988265971316818
82,Montgomery,4265,Montgomery Precinct 13-036,1040,440,1881,589,251,904,4265,1,0.24384525205158264,0.10316529894490035,0.441031652989449,0.211957796014068,3425,0.13810082063305978,0.05885111371629543,0.8030480656506448
83,Montgomery,3162,Montgomery Precinct 13-037,1002,276,1409,407,225,475,3162,1,0.31688804554079697,0.0872865275142315,0.44560404807084125,0.15022137887413028,2530,0.12871600253004428,0.07115749525616698,0.8001265022137888
84,Montgomery,3854,Montgomery Precinct 13-035,962,457,1733,593,257,702,3854,1,0.24961079398028022,0.11857810067462377,0.4496626881162429,0.18214841722885314,3004,0.1538661131292164,0.06668396471198755,0.779449922158796
85,Montgomery,5497,Montgomery Precinct 13-064,833,2253,1847,768,103,564,5497,1,0.15153720211024194,0.40985992359468804,0.33600145533927595,0.10260141895579407,4626,0.13971257049299618,0.018737493178097146,0.8415499363289066
86,Montgomery,2249,Montgomery Precinct 13-052,1568,153,273,594,465,255,2249,1,0.6971987550022232,0.06803023566029347,0.12138728323699421,0.11338372610048911,1190,0.26411738550466873,0.20675855935971543,0.5291240551356158
87,Montgomery,2706,Montgomery Precinct 08-003,2131,125,127,772,890,323,2706,1,0.7875092387287509,0.046193643754619367,0.04693274205469328,0.11936437546193644,1044,0.2852919438285292,0.3288987435328899,0.3858093126385809
88,Montgomery,2330,Montgomery Precinct 13-046,1386,209,414,492,507,321,2330,1,0.5948497854077254,0.08969957081545064,0.17768240343347638,0.13776824034334764,1331,0.2111587982832618,0.21759656652360515,0.5712446351931331
89,Montgomery,1337,Montgomery Precinct 08-004,1020,77,72,273,391,168,1337,1,0.762902019446522,0.05759162303664921,0.05385190725504862,0.1256544502617801,673,0.20418848167539266,0.2924457741211668,0.5033657442034405
90,Montgomery,2775,Montgomery Precinct 08-008,1990,217,170,649,809,398,2775,1,0.7171171171171171,0.0781981981981982,0.06126126126126126,0.14342342342342343,1317,0.23387387387387387,0.29153153153153155,0.4745945945945946
91,Montgomery,3472,Montgomery Precinct 08-009,2306,348,411,858,876,407,3472,1,0.6641705069124424,0.10023041474654378,0.11837557603686635,0.11722350230414746,1738,0.24711981566820276,0.2523041474654378,0.5005760368663594
92,Montgomery,3315,Montgomery Precinct 08-001,2336,356,270,887,865,353,3315,1,0.7046757164404224,0.10739064856711915,0.08144796380090498,0.10648567119155354,1563,0.26757164404223227,0.2609351432880845,0.47149321266968325
93,Montgomery,2576,Montgomery Precinct 08-012,1661,311,153,585,676,451,2576,1,0.6447981366459627,0.12072981366459627,0.0593944099378882,0.1750776397515528,1315,0.22709627329192547,0.26242236024844723,0.5104813664596274
94,Montgomery,2565,Montgomery Precinct 08-005,2188,142,117,563,962,118,2565,1,0.8530214424951267,0.055360623781676416,0.0456140350877193,0.04600389863547758,1040,0.21949317738791424,0.3750487329434698,0.40545808966861596
95,Montgomery,3510,Montgomery Precinct 01-002,2324,496,378,436,707,312,3510,1,0.6621082621082621,0.1413105413105413,0.1076923076923077,0.08888888888888889,2367,0.12421652421652421,0.2014245014245014,0.6743589743589744
96,Montgomery,3657,Montgomery Precinct 12-003,2956,189,252,597,1309,260,3657,1,0.8083128247197157,0.051681706316652996,0.06890894175553733,0.07109652720809406,1751,0.16324856439704677,0.3579436696745967,0.47880776592835655
97,Montgomery,2213,Montgomery Precinct 12-001,1875,77,195,304,776,66,2213,1,0.8472661545413466,0.034794396746497966,0.08811568007230004,0.0298237686398554,1133,0.13737008585630367,0.350655219159512,0.5119746949841844
98,Montgomery,2541,Montgomery Precinct 01-001,2052,172,149,353,855,168,2541,1,0.807556080283353,0.06768988587170405,0.05863833136560409,0.06611570247933884,1333,0.13892168437622984,0.3364817001180638,0.5245966155057065
353,Montgomery,2107,Montgomery Precinct 03-002,1792,103,147,438,811,65,2107,1,0.8504983388704319,0.04888467014712862,0.06976744186046512,0.030849549121974372,858,0.20787850023730423,0.3849074513526341,0.4072140484100617
354,Montgomery,2553,Montgomery Precinct 03-001,2159,166,142,492,871,86,2553,1,0.8456717587152369,0.06502154328241284,0.055620838229533884,0.033685859772816296,1190,0.1927144535840188,0.34116725421073246,0.46611829220524875
355,Montgomery,1784,Montgomery Precinct 11-000,1537,130,72,405,574,45,1784,1,0.8615470852017937,0.07286995515695067,0.04035874439461883,0.02522421524663677,805,0.22701793721973093,0.3217488789237668,0.45123318385650224
357,Montgomery,2683,Montgomery Precinct 10-010,2126,73,89,697,773,395,2683,1,0.7923965710026091,0.02720834886321282,0.03317182258665673,0.14722325754752144,1213,0.25978382407752515,0.2881103242638837,0.45210585165859113
358,Montgomery,2533,Montgomery Precinct 10-002,1848,50,137,484,788,498,2533,1,0.7295696802210817,0.01973943939992104,0.05408606395578366,0.1966048164232136,1261,0.1910777733912357,0.31109356494275564,0.4978286616660087
359,Montgomery,1582,Montgomery Precinct 10-001,1196,49,44,281,406,293,1582,1,0.7560050568900126,0.030973451327433628,0.02781289506953224,0.18520859671302148,895,0.17762326169405815,0.25663716814159293,0.565739570164349
360,Montgomery,1642,Montgomery Precinct 10-013,1102,47,62,482,350,431,1642,1,0.6711327649208283,0.028623629719853837,0.037758830694275276,0.2624847746650426,810,0.2935444579780755,0.21315468940316687,0.4933008526187576
361,Montgomery,2293,Montgomery Precinct 10-006,1631,68,130,650,457,464,2293,1,0.7112952464020933,0.02965547317924117,0.056694286960314,0.2023549934583515,1186,0.28347143480157,0.19930222416048846,0.5172263410379415
362,Montgomery,2754,Montgomery Precinct 10-007,2119,112,120,730,688,403,2754,1,0.7694262890341321,0.04066811909949165,0.04357298474945534,0.14633260711692084,1336,0.26506899055918665,0.24981844589687727,0.4851125635439361
363,Montgomery,2878,Montgomery Precinct 07-003,2258,107,131,1072,493,382,2878,1,0.7845726198749131,0.03717859624739402,0.04551772063933287,0.13273106323835998,1313,0.3724808895066018,0.17129951355107714,0.45621959694232106
364,Montgomery,2119,Montgomery Precinct 07-022,1760,67,106,872,326,186,2119,1,0.830580462482303,0.03161868806040585,0.05002359603586597,0.0877772534214252,921,0.4115148655025956,0.15384615384615385,0.4346389806512506
365,Montgomery,2648,Montgomery Precinct 10-009,1916,105,133,517,793,494,2648,1,0.7235649546827795,0.03965256797583082,0.05022658610271903,0.1865558912386707,1338,0.1952416918429003,0.2994712990936556,0.5052870090634441
366,Montgomery,1510,Montgomery Precinct 10-004,1093,60,74,474,314,283,1510,1,0.723841059602649,0.039735099337748346,0.04900662251655629,0.18741721854304635,722,0.31390728476821195,0.20794701986754968,0.4781456953642384
367,Montgomery,2274,Montgomery Precinct 10-005,1625,65,107,638,538,477,2274,1,0.7145998240985049,0.028583992963940194,0.047053649956024624,0.20976253298153033,1098,0.2805628847845207,0.23658751099384345,0.48284960422163586
368,Montgomery,3358,Montgomery Precinct 04-012,2173,110,277,996,659,798,3358,1,0.6471113758189398,0.03275759380583681,0.0824895771292436,0.23764145324597974,1703,0.296605122096486,0.19624776652769504,0.5071471113758189
369,Montgomery,2320,Montgomery Precinct 10-003,1721,91,176,605,552,332,2320,1,0.7418103448275862,0.039224137931034485,0.07586206896551724,0.14310344827586208,1163,0.2607758620689655,0.23793103448275862,0.5012931034482758
370,Montgomery,3272,Montgomery Precinct 07-015,2621,86,174,1080,635,391,3272,1,0.801039119804401,0.02628361858190709,0.053178484107579464,0.11949877750611247,1557,0.33007334963325186,0.19407090464547677,0.4758557457212714
414,Montgomery,1927,Montgomery Precinct 07-005,1663,77,75,832,363,112,1927,1,0.8629994810586403,0.03995848469122989,0.038920601971977165,0.05812143227815257,732,0.43175921120913335,0.1883757135443695,0.37986507524649715
415,Montgomery,2403,Montgomery Precinct 13-039,1605,319,264,795,222,215,2403,1,0.6679151061173533,0.13275072825634623,0.10986267166042447,0.08947149396587599,1386,0.33083645443196,0.09238451935081149,0.5767790262172284
416,Montgomery,4752,Montgomery Precinct 13-047,2084,1670,390,1015,121,608,4752,1,0.4385521885521885,0.3514309764309764,0.08207070707070707,0.12794612794612795,3616,0.2135942760942761,0.02546296296296296,0.7609427609427609
417,Montgomery,2398,Montgomery Precinct 13-004,1617,354,254,1209,104,173,2398,1,0.6743119266055045,0.14762301918265222,0.10592160133444536,0.07214345287739783,1085,0.5041701417848207,0.043369474562135114,0.4524603836530442
418,Montgomery,3101,Montgomery Precinct 13-008,1299,1083,432,887,108,287,3101,1,0.41889712995807804,0.3492421799419542,0.13930990003224766,0.09255079006772009,2106,0.28603676233473074,0.034827475008061916,0.6791357626572073
419,Montgomery,2029,Montgomery Precinct 13-003,1652,164,100,772,384,113,2029,1,0.8141941843272548,0.08082799408575653,0.04928536224741252,0.055692459339576145,873,0.38048299655002465,0.18925579103006407,0.4302612124199113
420,Montgomery,3334,Montgomery Precinct 13-016,768,1203,1062,759,107,301,3334,1,0.23035392921415718,0.3608278344331134,0.31853629274145173,0.09028194361127774,2468,0.22765446910617876,0.032093581283743254,0.740251949610078
421,Montgomery,2788,Montgomery Precinct 13-065,1261,865,310,432,63,352,2788,1,0.45229555236728836,0.3102582496413199,0.11119081779053085,0.12625538020086083,2293,0.15494978479196556,0.02259684361549498,0.8224533715925395
422,Montgomery,2551,Montgomery Precinct 13-007,1648,474,234,1088,248,195,2551,1,0.6460211681693454,0.1858094864758918,0.09172873382987064,0.0764406115248922,1215,0.42649941199529595,0.09721677773422187,0.47628381027048217
423,Montgomery,2274,Montgomery Precinct 13-024,1361,339,258,860,274,316,2274,1,0.5985048372911169,0.14907651715039577,0.11345646437994723,0.13896218117854,1140,0.3781882145998241,0.12049252418645559,0.5013192612137203
1110,Montgomery,1766,Montgomery Precinct 07-028,1362,46,110,602,354,248,1766,1,0.7712344280860702,0.026047565118912798,0.0622876557191393,0.1404303510758777,810,0.3408833522083805,0.20045300113250283,0.45866364665911663
1111,Montgomery,3027,Montgomery Precinct 10-012,1945,289,204,832,528,589,3027,1,0.6425503799141064,0.09547406673273869,0.06739345887016848,0.19458209448298647,1667,0.2748595969606871,0.17443012884043607,0.5507102741988767
1112,Montgomery,1301,Montgomery Precinct 04-032,978,26,117,424,262,180,1301,1,0.7517294388931591,0.019984627209838585,0.08993082244427364,0.13835511145272866,615,0.3259031514219831,0.2013835511145273,0.4727132974634896
1113,Montgomery,2349,Montgomery Precinct 10-011,1333,228,298,472,189,490,2349,1,0.56747552149851,0.0970625798212005,0.12686249467858662,0.20859940400170285,1688,0.2009365687526607,0.08045977011494253,0.7186036611323967
1114,Montgomery,1957,Montgomery Precinct 04-013,1683,27,95,798,506,152,1957,1,0.8599897802759325,0.013796627491057742,0.04854368932038835,0.07766990291262135,653,0.4077669902912621,0.2585590189064895,0.33367399080224835
1115,Montgomery,2330,Montgomery Precinct 07-018,2050,40,106,974,357,134,2330,1,0.8798283261802575,0.017167381974248927,0.045493562231759654,0.05751072961373391,999,0.41802575107296136,0.15321888412017168,0.42875536480686693
1116,Montgomery,2454,Montgomery Precinct 07-024,2091,31,150,838,524,182,2454,1,0.8520782396088019,0.01263243683781581,0.061124694376528114,0.07416462917685411,1092,0.3414832925835371,0.21352893235533824,0.4449877750611247
1117,Montgomery,1711,Montgomery Precinct 07-027,1486,15,114,591,390,96,1711,1,0.8684979544126242,0.008766803039158387,0.06662770309760374,0.056107539450613676,730,0.34541203974284046,0.22793687901811807,0.4266510812390415
1118,Montgomery,3393,Montgomery Precinct 07-013,2701,125,235,1032,629,332,3393,1,0.7960506926024168,0.036840554081933395,0.06926024167403477,0.0978485116416151,1732,0.3041556145004421,0.18538166814028884,0.5104627173592691
1119,Montgomery,2602,Montgomery Precinct 07-012,2240,35,111,976,429,216,2602,1,0.8608762490392006,0.013451191391237509,0.04265949269792468,0.0830130668716372,1197,0.37509607993850885,0.16487317448116834,0.4600307455803228
1120,Montgomery,4520,Montgomery Precinct 07-004,3440,196,320,1252,507,564,4520,1,0.7610619469026548,0.04336283185840708,0.07079646017699115,0.12477876106194691,2761,0.27699115044247785,0.11216814159292035,0.6108407079646018
1121,Montgomery,1823,Montgomery Precinct 07-007,1553,38,100,752,298,132,1823,1,0.8518924849149753,0.020844761382336808,0.05485463521667581,0.07240811848601207,773,0.4125068568294021,0.1634668129456939,0.424026330224904
1122,Montgomery,3525,Montgomery Precinct 07-011,2810,121,266,1167,362,328,3525,1,0.7971631205673759,0.03432624113475177,0.07546099290780142,0.09304964539007092,1996,0.33106382978723403,0.10269503546099291,0.5662411347517731
1123,Montgomery,5321,Montgomery Precinct 07-026,3875,282,424,1280,413,740,5321,1,0.7282465701935726,0.05299755685021613,0.07968426987408382,0.13907160308212743,3628,0.2405562864123285,0.07761698928772787,0.6818267242999436
1124,Montgomery,2181,Montgomery Precinct 07-001,1599,99,203,519,220,280,2181,1,0.7331499312242091,0.0453920220082531,0.09307657038055937,0.12838147638697844,1442,0.23796423658872076,0.1008711600183402,0.661164603392939
1125,Montgomery,1793,Montgomery Precinct 07-002,1663,12,58,719,487,60,1793,1,0.9274958170663692,0.006692693809258227,0.03234802007808143,0.03346346904629113,587,0.40100390407138875,0.271611823759063,0.32738427216954824
1126,Montgomery,2058,Montgomery Precinct 07-006,1844,22,90,688,373,102,2058,1,0.8960155490767736,0.010689990281827016,0.043731778425655975,0.04956268221574344,997,0.33430515063168126,0.18124392614188534,0.4844509232264334
1127,Montgomery,1085,Montgomery Precinct 07-021,993,7,30,459,248,55,1085,1,0.9152073732718894,0.0064516129032258064,0.027649769585253458,0.05069124423963134,378,0.42304147465437786,0.22857142857142856,0.34838709677419355
1128,Montgomery,2548,Montgomery Precinct 07-020,1786,114,231,691,481,417,2548,1,0.7009419152276295,0.044740973312401885,0.09065934065934066,0.16365777080062793,1376,0.271193092621664,0.18877551020408162,0.5400313971742543
1129,Montgomery,2356,Montgomery Precinct 07-025,1718,159,184,729,414,295,2356,1,0.7292020373514432,0.06748726655348047,0.07809847198641766,0.12521222410865873,1213,0.3094227504244482,0.17572156196943972,0.514855687606112
1130,Montgomery,3378,Montgomery Precinct 07-010,2587,140,235,925,447,416,3378,1,0.7658377738306691,0.04144464179988159,0.06956779159265838,0.123149792776791,2006,0.2738306690349319,0.13232682060390763,0.5938425103611604
1131,Montgomery,1339,Montgomery Precinct 07-031,1068,53,81,390,153,137,1339,1,0.7976101568334578,0.039581777445855115,0.060492905153099324,0.10231516056758776,796,0.2912621359223301,0.11426437640029873,0.5944734876773712
1132,Montgomery,3359,Montgomery Precinct 04-018,2439,144,266,814,579,510,3359,1,0.7261089610002978,0.04286990175647514,0.07919023518904436,0.1518309020541828,1966,0.2423340279845192,0.17237272997916048,0.5852932420363204
1133,Montgomery,2203,Montgomery Precinct 04-028,1437,232,159,312,88,375,2203,1,0.6522923286427599,0.1053109396277803,0.07217430776214254,0.1702224239673173,1803,0.141625056740808,0.03994552882433046,0.8184294144348615
1134,Montgomery,3906,Montgomery Precinct 04-031,2703,270,298,827,326,635,3906,1,0.6920122887864824,0.06912442396313365,0.07629288274449565,0.1625704045058884,2753,0.21172555043522787,0.08346134152585766,0.7048131080389145
1135,Montgomery,3257,Montgomery Precinct 04-010,2452,157,215,711,478,433,3257,1,0.7528400368437212,0.048203868590727665,0.06601166717838501,0.1329444273871661,2068,0.21829904820386858,0.14676082284310715,0.6349401289530242
1136,Montgomery,2490,Montgomery Precinct 04-017,1774,131,199,779,316,386,2490,1,0.7124497991967872,0.05261044176706827,0.07991967871485944,0.15502008032128514,1395,0.31285140562249,0.12690763052208837,0.5602409638554217
1137,Montgomery,3550,Montgomery Precinct 04-008,2235,303,263,962,361,749,3550,1,0.6295774647887324,0.08535211267605634,0.07408450704225353,0.21098591549295775,2227,0.27098591549295775,0.10169014084507043,0.6273239436619719
1264,Montgomery,3965,Montgomery Precinct 07-008,2981,161,274,834,323,549,3965,1,0.7518284993694829,0.04060529634300126,0.0691046658259773,0.13846153846153847,2808,0.21034047919293822,0.08146279949558638,0.7081967213114754
1265,Montgomery,2847,Montgomery Precinct 07-009,2231,129,240,801,387,247,2847,1,0.7836318932209343,0.045310853530031614,0.08429926238145416,0.0867579908675799,1659,0.2813487881981033,0.13593256059009484,0.5827186512118019
1266,Montgomery,1400,Montgomery Precinct 07-032,1222,66,50,389,335,62,1400,1,0.8728571428571429,0.047142857142857146,0.03571428571428571,0.04428571428571428,676,0.27785714285714286,0.2392857142857143,0.4828571428571429
1267,Montgomery,1964,Montgomery Precinct 07-016,1563,157,98,700,403,146,1964,1,0.7958248472505092,0.079938900203666,0.04989816700610998,0.07433808553971487,861,0.3564154786150713,0.20519348268839105,0.43839103869653767
1268,Montgomery,3443,Montgomery Precinct 04-004,2536,193,311,933,395,403,3443,1,0.7365669474295672,0.05605576532094104,0.09032820214928841,0.11704908510020332,2115,0.2709846064478652,0.11472553006099331,0.6142898634911415
1269,Montgomery,5607,Montgomery Precinct 04-015,2542,422,1490,330,160,1153,5607,1,0.45336186909220616,0.07526306402710897,0.26573925450329944,0.2056358123773854,5117,0.05885500267522739,0.028535758872837526,0.9126092384519351
1270,Montgomery,4958,Montgomery Precinct 13-025,1182,1041,2007,734,284,728,4958,1,0.23840258168616377,0.2099636950383219,0.4048003227107705,0.14683340056474384,3940,0.14804356595401372,0.0572811617587737,0.7946752722872126
1271,Montgomery,2485,Montgomery Precinct 13-034,1903,166,217,762,384,199,2485,1,0.7657947686116701,0.06680080482897384,0.08732394366197183,0.0800804828973843,1339,0.3066398390342052,0.1545271629778672,0.5388329979879276
1272,Montgomery,2625,Montgomery Precinct 13-040,1669,275,374,719,365,307,2625,1,0.6358095238095238,0.10476190476190476,0.14247619047619048,0.11695238095238095,1541,0.27390476190476193,0.13904761904761906,0.587047619047619
1273,Montgomery,1874,Montgomery Precinct 06-009,1464,93,87,481,848,230,1874,1,0.7812166488794023,0.049626467449306294,0.046424759871931696,0.12273212379935966,545,0.25667022411953044,0.45250800426894344,0.29082177161152617
1274,Montgomery,2092,Montgomery Precinct 06-001,1647,105,85,438,654,255,2092,1,0.7872848948374761,0.05019120458891013,0.04063097514340344,0.12189292543021032,1000,0.20936902485659656,0.31261950286806883,0.4780114722753346
1275,Montgomery,4802,Montgomery Precinct 06-011,1585,511,366,506,411,2340,4802,1,0.33007080383173676,0.10641399416909621,0.07621824239900042,0.4872969596001666,3885,0.10537276134943774,0.0855893377759267,0.8090379008746356
1276,Montgomery,3610,Montgomery Precinct 06-007,1633,479,289,647,577,1209,3610,1,0.4523545706371191,0.13268698060941828,0.08005540166204986,0.3349030470914127,2386,0.17922437673130193,0.15983379501385042,0.6609418282548476
1277,Montgomery,4116,Montgomery Precinct 06-010,1639,865,860,694,355,752,4116,1,0.39820213799805637,0.21015549076773565,0.20894071914480078,0.1827016520894072,3067,0.1686103012633625,0.08624878522837706,0.7451409135082604
1278,Montgomery,4374,Montgomery Precinct 02-004,2221,974,600,826,524,579,4374,1,0.5077732053040696,0.22267946959304985,0.13717421124828533,0.13237311385459533,3024,0.18884316415180613,0.11979881115683585,0.691358024691358
1279,Montgomery,3017,Montgomery Precinct 06-006,1327,114,133,635,499,1443,3017,1,0.4398409015578389,0.0377858800132582,0.04408352668213457,0.47828969174676833,1883,0.21047398077560492,0.16539608882996354,0.6241299303944315
1280,Montgomery,2009,Montgomery Precinct 06-005,1479,119,107,883,838,304,2009,1,0.7361871577899453,0.059233449477351915,0.053260328521652564,0.15131906421105026,288,0.439522150323544,0.4171229467396715,0.14335490293678446
1281,Montgomery,1603,Montgomery Precinct 06-014,922,145,84,258,203,452,1603,1,0.5751715533374921,0.09045539613225202,0.05240174672489083,0.28197130380536495,1142,0.16094822208359327,0.12663755458515283,0.7124142233312539
1282,Montgomery,1874,Montgomery Precinct 06-013,1179,90,124,441,345,481,1874,1,0.6291355389541089,0.048025613660619,0.06616862326574173,0.25667022411953044,1088,0.23532550693703308,0.1840981856990395,0.5805763073639274
1283,Montgomery,2208,Montgomery Precinct 06-004,1418,58,91,731,397,641,2208,1,0.6422101449275363,0.026268115942028984,0.04121376811594203,0.29030797101449274,1080,0.33106884057971014,0.17980072463768115,0.4891304347826087
1284,Montgomery,3777,Montgomery Precinct 09-027,2856,228,217,920,667,476,3777,1,0.756155679110405,0.06036536934074663,0.057453005030447445,0.12602594651840085,2190,0.24357956049774954,0.1765951813608684,0.5798252581413821
1285,Montgomery,2727,Montgomery Precinct 04-020,1503,115,87,1094,1026,1022,2727,1,0.5511551155115512,0.042170883755042174,0.0319031903190319,0.37477081041437477,607,0.40117345067840116,0.37623762376237624,0.22258892555922258
1286,Montgomery,3226,Montgomery Precinct 04-024,1681,253,140,560,423,1152,3226,1,0.5210787352758834,0.07842529448233106,0.04339739615623062,0.35709857408555484,2243,0.1735895846249225,0.13112213267203968,0.6952882827030378
1287,Montgomery,3648,Montgomery Precinct 06-008,1578,116,142,486,317,1812,3648,1,0.43256578947368424,0.03179824561403509,0.03892543859649123,0.4967105263157895,2845,0.13322368421052633,0.0868969298245614,0.7798793859649122
1288,Montgomery,4395,Montgomery Precinct 09-035,3188,132,170,925,771,905,4395,1,0.7253697383390216,0.030034129692832763,0.038680318543799774,0.20591581342434584,2699,0.21046643913538113,0.17542662116040955,0.6141069397042094
1381,Montgomery,3114,Montgomery Precinct 09-033,1608,352,266,289,183,888,3114,1,0.5163776493256262,0.11303789338471419,0.08542068079640334,0.28516377649325625,2642,0.09280667951188182,0.05876685934489403,0.8484264611432242
1382,Montgomery,5213,Montgomery Precinct 09-006,2366,669,696,851,494,1482,5213,1,0.4538653366583541,0.12833301361979665,0.13351237291386917,0.28428927680798005,3868,0.16324573182428545,0.09476309226932668,0.7419911759063879
1383,Montgomery,2473,Montgomery Precinct 06-003,1678,137,200,620,550,458,2473,1,0.6785281035179943,0.05539830165790538,0.08087343307723413,0.18520016174686615,1303,0.2507076425394258,0.22240194096239385,0.5268904164981804
1384,Montgomery,6411,Montgomery Precinct 09-008,2167,1758,1382,770,359,1104,6411,1,0.3380127905163001,0.27421619092185306,0.21556699422866948,0.17220402433317736,5282,0.12010606769614725,0.05599750428950242,0.8238964280143504
1385,Montgomery,3028,Montgomery Precinct 09-029,1472,608,555,589,380,393,3028,1,0.4861294583883752,0.20079260237780713,0.1832892998678996,0.12978863936591808,2059,0.19451783355350066,0.12549537648612946,0.6799867899603699
1386,Montgomery,4029,Montgomery Precinct 09-018,1196,1057,1069,521,252,707,4029,1,0.2968478530652767,0.26234797716554975,0.2653263837180442,0.17547778605112932,3256,0.12931248448746588,0.06254653760238273,0.8081409779101514
1387,Montgomery,4242,Montgomery Precinct 09-034,1276,1125,1123,628,260,718,4242,1,0.3008015087223008,0.2652050919377652,0.26473361621876473,0.16925978312116927,3354,0.14804337576614804,0.061291843470061294,0.7906647807637907
1388,Montgomery,3583,Montgomery Precinct 09-013,2194,270,327,769,545,792,3583,1,0.6123360312587217,0.07535584705554005,0.09126430365615407,0.22104381802958414,2269,0.21462461624337148,0.15210717276025676,0.6332682109963718
1389,Montgomery,3560,Montgomery Precinct 09-003,1141,790,929,427,211,700,3560,1,0.3205056179775281,0.22191011235955055,0.26095505617977527,0.19662921348314608,2922,0.1199438202247191,0.05926966292134832,0.8207865168539326
1390,Montgomery,2530,Montgomery Precinct 09-024,734,568,647,404,216,581,2530,1,0.2901185770750988,0.22450592885375495,0.2557312252964427,0.22964426877470356,1910,0.15968379446640316,0.08537549407114625,0.7549407114624506
1391,Montgomery,5966,Montgomery Precinct 09-016,1159,1271,2006,500,166,1530,5966,1,0.1942675159235669,0.21304056319141804,0.33623868588669126,0.25645323499832384,5300,0.08380824673147838,0.02782433791485082,0.8883674153536708
1392,Montgomery,3092,Montgomery Precinct 09-030,1208,569,479,581,366,836,3092,1,0.3906856403622251,0.18402328589909445,0.15491591203104788,0.2703751617076326,2145,0.18790426908150065,0.11836998706338939,0.69372574385511
1393,Montgomery,2943,Montgomery Precinct 09-011,1407,576,566,621,445,394,2943,1,0.4780835881753313,0.19571865443425077,0.19232076112810056,0.13387699626231736,1877,0.21100917431192662,0.15120625212368333,0.6377845735643901
1394,Montgomery,3185,Montgomery Precinct 09-012,1599,621,588,742,469,377,3185,1,0.5020408163265306,0.19497645211930925,0.18461538461538463,0.11836734693877551,1974,0.23296703296703297,0.14725274725274726,0.6197802197802198
1395,Montgomery,3625,Montgomery Precinct 02-005,2174,562,495,721,518,394,3625,1,0.5997241379310345,0.1550344827586207,0.13655172413793104,0.10868965517241379,2386,0.19889655172413792,0.14289655172413793,0.6582068965517242
1396,Montgomery,3808,Montgomery Precinct 02-008,1638,786,401,540,534,983,3808,1,0.43014705882352944,0.20640756302521007,0.1053046218487395,0.25814075630252103,2734,0.14180672268907563,0.1402310924369748,0.7179621848739496
1398,Montgomery,407,Montgomery Precinct 02-007,369,8,19,11,27,11,407,1,0.9066339066339066,0.019656019656019656,0.04668304668304668,0.02702702702702703,369,0.02702702702702703,0.06633906633906633,0.9066339066339066
1399,Montgomery,4880,Montgomery Precinct 02-001,1835,763,595,828,588,1687,4880,1,0.3760245901639344,0.15635245901639344,0.12192622950819672,0.3456967213114754,3464,0.16967213114754098,0.12049180327868853,0.7098360655737705
1400,Montgomery,4636,Montgomery Precinct 02-011,1893,686,421,814,622,1636,4636,1,0.40832614322691974,0.14797238999137188,0.09081104400345125,0.3528904227782571,3200,0.17558239861949956,0.13416738567730802,0.6902502157031924
1401,Montgomery,2216,Montgomery Precinct 02-006,1328,161,180,596,481,547,2216,1,0.5992779783393501,0.07265342960288809,0.0812274368231047,0.24684115523465705,1139,0.26895306859205775,0.217057761732852,0.5139891696750902
1402,Montgomery,2500,Montgomery Precinct 09-025,933,381,335,468,337,851,2500,1,0.3732,0.1524,0.134,0.3404,1695,0.1872,0.1348,0.678
1403,Montgomery,2308,Montgomery Precinct 12-004,1876,90,177,406,790,165,2308,1,0.8128249566724437,0.0389948006932409,0.07668977469670711,0.07149046793760831,1112,0.17590987868284227,0.34228769497400346,0.48180242634315423
1404,Montgomery,3657,Montgomery Precinct 12-005,2314,431,527,436,742,385,3657,1,0.6327590921520372,0.1178561662564944,0.14410719168717528,0.10527754990429314,2479,0.11922340716434236,0.2028985507246377,0.67787804211102
1405,Montgomery,2594,Montgomery Precinct 12-002,2223,67,216,352,918,88,2594,1,0.8569776407093292,0.025828835774865073,0.08326908249807248,0.03392444101773323,1324,0.13569776407093292,0.353893600616808,0.5104086353122591
1406,Montgomery,2048,Montgomery Precinct 04-026,1442,57,102,452,278,447,2048,1,0.7041015625,0.02783203125,0.0498046875,0.21826171875,1318,0.220703125,0.1357421875,0.6435546875
1407,Montgomery,2523,Montgomery Precinct 04-023,1989,55,129,54,59,350,2523,1,0.7883472057074911,0.02179944510503369,0.05112960760998811,0.13872374157748713,2410,0.02140309155766944,0.023384859294490686,0.9552120491478399
1408,Montgomery,2581,Montgomery Precinct 04-021,1825,65,172,823,506,519,2581,1,0.7070902750871755,0.025184037194885704,0.06664083688492832,0.20108485083301045,1252,0.3188686555598605,0.1960480433940333,0.48508330104610614
1441,Montgomery,1933,Montgomery Precinct 13-031,950,294,447,590,192,242,1933,1,0.49146404552509054,0.1520951888256596,0.23124676668391103,0.12519399896533887,1151,0.30522503879979307,0.09932747025349198,0.5954474909467149
1442,Montgomery,1911,Montgomery Precinct 13-059,1023,319,380,525,219,189,1911,1,0.5353218210361067,0.16692830978545264,0.1988487702773417,0.0989010989010989,1167,0.27472527472527475,0.11459968602825746,0.6106750392464678
1443,Montgomery,3612,Montgomery Precinct 13-027,1645,441,987,828,309,539,3612,1,0.45542635658914726,0.12209302325581395,0.27325581395348836,0.14922480620155038,2475,0.2292358803986711,0.08554817275747509,0.6852159468438538
1444,Montgomery,4634,Montgomery Precinct 13-030,871,549,2741,578,217,473,4634,1,0.18795856711264566,0.1184721622788088,0.5914976262408287,0.10207164436771687,3839,0.1247302546396202,0.04682779456193353,0.8284419507984463
1445,Montgomery,4064,Montgomery Precinct 13-029,1148,509,1704,728,270,703,4064,1,0.2824803149606299,0.12524606299212598,0.41929133858267714,0.17298228346456693,3066,0.17913385826771652,0.06643700787401575,0.7544291338582677
1446,Montgomery,1911,Montgomery Precinct 13-053,1016,242,489,524,275,164,1911,1,0.531658817373103,0.12663526949241236,0.25588697017268447,0.08581894296180011,1112,0.2742019884877028,0.14390371533228677,0.5818942961800104
1447,Montgomery,4095,Montgomery Precinct 13-032,1317,1186,925,879,178,667,4095,1,0.32161172161172163,0.28962148962148965,0.2258852258852259,0.16288156288156289,3038,0.21465201465201464,0.043467643467643466,0.7418803418803419
1448,Montgomery,4453,Montgomery Precinct 13-044,1126,1014,1665,706,242,648,4453,1,0.2528632382663373,0.2277116550640018,0.3739052324275769,0.14551987424208399,3505,0.15854480125757917,0.054345385133617786,0.787109813608803
1449,Montgomery,2314,Montgomery Precinct 13-010,1108,780,171,551,74,255,2314,1,0.4788245462402766,0.33707865168539325,0.07389801210025929,0.11019878997407087,1689,0.23811581676750215,0.03197925669835782,0.72990492653414
1450,Montgomery,3425,Montgomery Precinct 13-005,1473,1131,376,969,172,445,3425,1,0.4300729927007299,0.3302189781021898,0.10978102189781022,0.12992700729927006,2284,0.2829197080291971,0.05021897810218978,0.6668613138686131
1451,Montgomery,2283,Montgomery Precinct 13-019,1401,254,417,829,299,211,2283,1,0.6136662286465178,0.11125711782742007,0.18265440210249673,0.09242225142356549,1155,0.3631187034603592,0.13096802452912834,0.5059132720105125
1452,Montgomery,2350,Montgomery Precinct 13-050,1442,547,192,827,173,169,2350,1,0.6136170212765958,0.2327659574468085,0.08170212765957446,0.07191489361702127,1350,0.3519148936170213,0.07361702127659575,0.574468085106383
1453,Montgomery,3765,Montgomery Precinct 13-013,1279,1434,778,889,132,274,3765,1,0.3397078353253652,0.3808764940239044,0.20664010624169987,0.07277556440903055,2744,0.23612217795484727,0.0350597609561753,0.7288180610889774
1454,Montgomery,2381,Montgomery Precinct 13-023,1843,197,210,893,500,131,2381,1,0.7740445191096178,0.08273834523309534,0.08819823603527929,0.05501889962200756,988,0.375052498950021,0.20999580008399832,0.41495170096598066
1455,Montgomery,1565,Montgomery Precinct 13-042,700,179,459,459,153,227,1565,1,0.4472843450479233,0.11437699680511182,0.29329073482428114,0.1450479233226837,953,0.29329073482428114,0.09776357827476038,0.6089456869009585
1456,Montgomery,1679,Montgomery Precinct 13-057,841,482,148,300,119,208,1679,1,0.5008933889219773,0.2870756402620607,0.08814770696843359,0.12388326384752829,1260,0.1786777843954735,0.07087552114353782,0.7504466944609887
1457,Montgomery,2284,Montgomery Precinct 13-063,625,502,911,296,147,246,2284,1,0.2736427320490368,0.21978984238178634,0.398861646234676,0.10770577933450087,1841,0.1295971978984238,0.06436077057793345,0.8060420315236427
1458,Montgomery,3381,Montgomery Precinct 13-011,1574,590,784,1046,319,433,3381,1,0.4655427388346643,0.17450458444247263,0.2318840579710145,0.12806861875184858,2016,0.30937592428275656,0.09435078379177758,0.5962732919254659
1459,Montgomery,2099,Montgomery Precinct 13-033,1120,450,301,585,306,228,2099,1,0.533587422582182,0.21438780371605526,0.1434016198189614,0.10862315388280133,1208,0.27870414483087186,0.14578370652691758,0.5755121486422106
1460,Montgomery,1827,Montgomery Precinct 13-020,1491,146,87,544,498,103,1827,1,0.8160919540229885,0.07991242474001095,0.047619047619047616,0.05637657361795293,785,0.2977558839627805,0.27257799671592775,0.42966611932129173
1463,Montgomery,2481,Montgomery Precinct 13-006,1675,478,185,1233,83,143,2481,1,0.675130995566304,0.19266424828698106,0.07456670697299476,0.05763804917372027,1165,0.4969770253929867,0.03345425231761386,0.46956872228939944
1476,Montgomery,2828,Montgomery Precinct 13-028,772,277,1395,377,180,384,2828,1,0.272984441301273,0.09794908062234794,0.4932814710042433,0.13578500707213578,2271,0.1333097595473833,0.06364922206506365,0.803041018387553
1477,Montgomery,2804,Montgomery Precinct 13-001,1219,563,482,598,319,540,2804,1,0.4347360912981455,0.2007845934379458,0.1718972895863053,0.19258202567760344,1887,0.21326676176890158,0.1137660485021398,0.6729671897289586
1478,Montgomery,3327,Montgomery Precinct 13-055,474,1496,1021,444,55,336,3327,1,0.1424706943192065,0.4496543432521791,0.306883077847911,0.10099188458070334,2828,0.13345356176735798,0.01653140967838894,0.850015028554253
1479,Montgomery,4237,Montgomery Precinct 13-054,3592,353,114,1301,829,178,4237,1,0.8477696483360868,0.08331366532924239,0.026905829596412557,0.042010856738258204,2107,0.30705687986783103,0.19565730469671938,0.4972858154354496
1480,Montgomery,2942,Montgomery Precinct 13-069,2441,273,66,824,531,162,2942,1,0.8297076818490823,0.09279401767505098,0.022433718558803536,0.055064581917063225,1587,0.28008157715839566,0.1804894629503739,0.5394289598912304
1481,Montgomery,2381,Montgomery Precinct 13-061,1119,531,217,1148,549,514,2381,1,0.46997060058798823,0.2230155396892062,0.09113817723645527,0.21587568248635028,684,0.48215035699286013,0.23057538849223017,0.2872742545149097
1482,Montgomery,1528,Montgomery Precinct 05-022,892,242,160,489,233,234,1528,1,0.5837696335078534,0.15837696335078533,0.10471204188481675,0.1531413612565445,806,0.32002617801047123,0.15248691099476439,0.5274869109947644
1483,Montgomery,3868,Montgomery Precinct 05-009,1730,913,303,1155,667,922,3868,1,0.44725956566701136,0.2360392967942089,0.07833505687693898,0.23836608066184076,2046,0.2986039296794209,0.17244053774560497,0.5289555325749742
1484,Montgomery,3207,Montgomery Precinct 05-016,1526,791,260,1008,551,630,3207,1,0.4758341128780792,0.24664795759276584,0.08107265357031494,0.19644527595884004,1648,0.31431244153414406,0.17181166198939818,0.5138758964764577
1485,Montgomery,2145,Montgomery Precinct 08-010,1308,258,268,512,413,311,2145,1,0.6097902097902098,0.12027972027972028,0.12494172494172494,0.14498834498834498,1220,0.2386946386946387,0.19254079254079254,0.5687645687645687
1486,Montgomery,2954,Montgomery Precinct 08-011,1813,412,224,705,533,505,2954,1,0.6137440758293838,0.13947190250507785,0.07582938388625593,0.17095463777928233,1716,0.23865944482058227,0.18043331076506433,0.5809072444143534
1487,Montgomery,3717,Montgomery Precinct 08-002,2746,312,246,971,1057,413,3717,1,0.7387678235135863,0.08393866020984665,0.06618240516545601,0.1111111111111111,1689,0.2612321764864138,0.2843691148775895,0.4543987086359968
1488,Montgomery,3819,Montgomery Precinct 08-006,2643,507,195,820,1031,474,3819,1,0.6920659858601729,0.13275726630007856,0.05106048703849175,0.12411626080125687,1968,0.2147158942131448,0.2699659596753077,0.5153181461115475
1489,Montgomery,3868,Montgomery Precinct 05-011,1493,1038,596,740,267,741,3868,1,0.3859875904860393,0.26835573940020685,0.15408479834539815,0.19157187176835574,2861,0.19131334022750776,0.06902792140641158,0.7396587383660806
1490,Montgomery,2076,Montgomery Precinct 05-008,519,938,230,976,367,389,2076,1,0.25,0.45183044315992293,0.11078998073217726,0.18737957610789982,733,0.4701348747591522,0.17678227360308285,0.3530828516377649
1491,Montgomery,3479,Montgomery Precinct 05-015,1827,607,311,739,683,734,3479,1,0.5251509054325956,0.17447542397240587,0.08939350388042541,0.21098016671457315,2057,0.21241736131072148,0.19632078183386031,0.5912618568554182
1492,Montgomery,3713,Montgomery Precinct 05-001,1392,998,522,899,492,801,3713,1,0.37489900350121197,0.2687853487745758,0.14058712631295447,0.21572852141125776,2322,0.24212227309453271,0.13250740640991113,0.6253703204955562
1493,Montgomery,3773,Montgomery Precinct 05-017,1397,1229,393,889,386,754,3773,1,0.37026239067055394,0.32573548900079513,0.1041611449774715,0.19984097535117942,2498,0.23562152133580705,0.10230585740789823,0.6620726212562947
1494,Montgomery,3392,Montgomery Precinct 05-019,1731,597,234,666,569,830,3392,1,0.5103183962264151,0.17600235849056603,0.06898584905660378,0.2446933962264151,2157,0.1963443396226415,0.16774764150943397,0.6359080188679245
1495,Montgomery,1722,Montgomery Precinct 05-018,1069,238,147,324,383,268,1722,1,0.6207897793263647,0.13821138211382114,0.08536585365853659,0.15563298490127758,1015,0.18815331010452963,0.2224157955865273,0.5894308943089431
1504,Montgomery,4171,Montgomery Precinct 05-002,955,2166,376,802,107,674,4171,1,0.22896187964516904,0.5192999280748022,0.09014624790218173,0.16159194437784705,3262,0.19228002877007913,0.025653320546631504,0.7820666506832894
1505,Montgomery,5053,Montgomery Precinct 05-021,610,3098,654,848,127,691,5053,1,0.12072036414011478,0.6131011280427469,0.12942806253710668,0.13675044528003166,4078,0.16782109637838907,0.025133584009499308,0.8070453196121116
1519,Montgomery,2978,Montgomery Precinct 04-016,1734,255,213,952,675,776,2978,1,0.5822699798522498,0.08562793821356615,0.0715245130960376,0.2605775688381464,1351,0.31967763599731364,0.22666218938885158,0.4536601746138348
1520,Montgomery,3619,Montgomery Precinct 09-031,2072,356,251,722,371,940,3619,1,0.5725338491295938,0.09836971539099199,0.06935617573915447,0.2597402597402597,2526,0.19950262503453992,0.10251450676982592,0.6979828681956342
1521,Montgomery,2298,Montgomery Precinct 04-025,1598,184,171,591,451,345,2298,1,0.6953872932985204,0.08006962576153177,0.07441253263707572,0.15013054830287206,1256,0.25718015665796345,0.19625761531766753,0.546562228024369
1522,Montgomery,3285,Montgomery Precinct 04-002,2202,221,217,791,476,645,3285,1,0.6703196347031963,0.06727549467275494,0.06605783866057839,0.1963470319634703,2018,0.24079147640791476,0.14490106544901066,0.6143074581430746
1523,Montgomery,4300,Montgomery Precinct 04-005,1924,343,540,612,411,1493,4300,1,0.4474418604651163,0.07976744186046511,0.12558139534883722,0.3472093023255814,3277,0.14232558139534884,0.09558139534883721,0.762093023255814
1524,Montgomery,4790,Montgomery Precinct 04-030,2487,261,318,675,278,1724,4790,1,0.5192066805845511,0.054488517745302716,0.06638830897703549,0.35991649269311066,3837,0.1409185803757829,0.05803757828810021,0.801043841336117
1525,Montgomery,4662,Montgomery Precinct 04-003,3043,406,363,1111,612,850,4662,1,0.6527241527241527,0.08708708708708708,0.07786357786357787,0.18232518232518233,2939,0.2383097383097383,0.13127413127413126,0.6304161304161304
1526,Montgomery,5108,Montgomery Precinct 04-001,2098,900,1245,854,430,865,5108,1,0.4107282693813626,0.17619420516836334,0.2437353171495693,0.1693422083007048,3824,0.16718872357086922,0.08418167580266249,0.7486296006264683
1527,Montgomery,2330,Montgomery Precinct 04-019,1228,257,253,386,306,592,2330,1,0.527038626609442,0.11030042918454935,0.10858369098712446,0.25407725321888414,1638,0.16566523605150216,0.1313304721030043,0.7030042918454935
1528,Montgomery,4373,Montgomery Precinct 09-002,1270,859,1635,777,480,609,4373,1,0.2904184770180654,0.19643265492796708,0.3738852046649897,0.13926366338897783,3116,0.1776812257031786,0.10976446375485936,0.712554310541962
1529,Montgomery,2013,Montgomery Precinct 09-010,999,272,338,158,94,404,2013,1,0.496274217585693,0.1351217088922007,0.16790859413810233,0.20069547938400398,1761,0.07848981619473423,0.04669647292598112,0.8748137108792846
1530,Montgomery,2692,Montgomery Precinct 09-020,900,466,455,456,276,871,2692,1,0.3343239227340267,0.17310549777117384,0.16901931649331353,0.3235512630014859,1960,0.16939078751857356,0.1025260029717682,0.7280832095096582
1531,Montgomery,6198,Montgomery Precinct 09-007,1690,1460,1972,773,212,1076,6198,1,0.27266860277508875,0.2355598580187157,0.31816715069377216,0.17360438851242335,5213,0.12471765085511455,0.03420458212326557,0.8410777670216198
1532,Montgomery,2732,Montgomery Precinct 09-021,1219,441,517,486,463,555,2732,1,0.44619326500732065,0.16142020497803808,0.18923865300146414,0.20314787701317716,1783,0.17789165446559296,0.16947291361639824,0.6526354319180088
1533,Montgomery,3032,Montgomery Precinct 01-003,1503,661,438,866,634,430,3032,1,0.495712401055409,0.21800791556728233,0.14445910290237468,0.14182058047493404,1532,0.28562005277044855,0.2091029023746702,0.5052770448548812
1534,Montgomery,2208,Montgomery Precinct 09-036,721,295,575,452,299,617,2208,1,0.32653985507246375,0.13360507246376813,0.2604166666666667,0.27943840579710144,1457,0.20471014492753623,0.13541666666666666,0.6598731884057971
1535,Montgomery,2513,Montgomery Precinct 09-014,1479,208,264,585,462,562,2513,1,0.5885395941106247,0.08276959808993235,0.10505372065260644,0.22363708714683644,1466,0.23278949462793475,0.18384401114206128,0.583366494230004
1536,Montgomery,2630,Montgomery Precinct 09-037,879,522,557,467,270,672,2630,1,0.33422053231939164,0.19847908745247148,0.211787072243346,0.2555133079847909,1893,0.17756653992395438,0.10266159695817491,0.7197718631178707
1537,Montgomery,3688,Montgomery Precinct 09-004,1261,566,1194,644,405,667,3688,1,0.34191973969631234,0.153470715835141,0.3237527114967462,0.18085683297180044,2639,0.17462039045553146,0.10981561822125814,0.7155639913232104
1538,Montgomery,2392,Montgomery Precinct 01-004,896,466,589,454,351,441,2392,1,0.3745819397993311,0.1948160535117057,0.24623745819397994,0.18436454849498327,1587,0.18979933110367894,0.14673913043478262,0.6634615384615384
1539,Montgomery,1813,Montgomery Precinct 01-006,1015,289,168,327,411,341,1813,1,0.5598455598455598,0.1594043022614451,0.09266409266409266,0.18808604522890238,1075,0.18036403750689464,0.226696083838941,0.5929398786541644
1540,Montgomery,2859,Montgomery Precinct 01-005,1725,304,203,538,751,627,2859,1,0.6033578174186779,0.10633088492479888,0.07100384749912557,0.2193074501573977,1570,0.1881776845050717,0.2626792584819867,0.5491430570129416
1556,Montgomery,3296,Montgomery Precinct 13-018,1232,519,1264,934,157,281,3296,1,0.3737864077669903,0.1574635922330097,0.38349514563106796,0.08525485436893204,2205,0.283373786407767,0.04763349514563107,0.6689927184466019
1557,Montgomery,6272,Montgomery Precinct 13-022,1086,1350,3320,954,113,516,6272,1,0.17315051020408162,0.2152423469387755,0.5293367346938775,0.08227040816326531,5205,0.1521045918367347,0.018016581632653062,0.8298788265306123
1558,Montgomery,2160,Montgomery Precinct 05-003,883,533,445,1220,399,299,2160,1,0.40879629629629627,0.24675925925925926,0.20601851851851852,0.13842592592592592,541,0.5648148148148148,0.18472222222222223,0.25046296296296294
1560,Montgomery,5829,Montgomery Precinct 05-014,601,1571,2660,426,97,997,5829,1,0.10310516383599246,0.2695144964831017,0.4563389946817636,0.17104134499914223,5306,0.07308286155429748,0.016640933264710927,0.9102762051809916
1561,Montgomery,3086,Montgomery Precinct 05-010,859,1521,366,506,162,340,3086,1,0.2783538561244329,0.4928710304601426,0.118600129617628,0.1101749837977965,2418,0.16396629941672067,0.0524951393389501,0.7835385612443292
1562,Montgomery,2340,Montgomery Precinct 05-005,1093,761,200,723,283,286,2340,1,0.4670940170940171,0.3252136752136752,0.08547008547008547,0.12222222222222222,1334,0.308974358974359,0.12094017094017094,0.5700854700854701
1563,Montgomery,4504,Montgomery Precinct 05-006,1382,1443,676,984,396,1003,4504,1,0.30683836589698044,0.3203818827708703,0.15008880994671403,0.22269094138543516,3124,0.21847246891651864,0.08792184724689166,0.6936056838365897
1569,Montgomery,1247,Montgomery Precinct 05-004,492,487,79,665,287,189,1247,1,0.3945469125902165,0.3905372894947875,0.06335204490777867,0.15156375300721733,295,0.5332798716920609,0.2301523656776263,0.23656776263031276
1771,Montgomery,5066,Montgomery Precinct 02-002,2200,970,685,867,600,1211,5066,1,0.43426766679826295,0.1914725621792341,0.13521515988945915,0.23904461113304382,3599,0.17114093959731544,0.11843663639952626,0.7104224240031584
1772,Montgomery,4594,Montgomery Precinct 02-003,1819,1083,834,733,397,858,4594,1,0.3959512407488028,0.23574227252938615,0.18154114061819765,0.18676534610361342,3464,0.15955594253373967,0.08641706573791902,0.7540269917283413
1773,Montgomery,4893,Montgomery Precinct 04-014,2595,661,465,945,500,1172,4893,1,0.530349478847333,0.13509094624974452,0.0950337216431637,0.23952585325975884,3448,0.19313304721030042,0.10218679746576742,0.7046801553239321
1774,Montgomery,8267,Montgomery Precinct 05-013,1288,4283,1746,970,108,950,8267,1,0.15580016934801016,0.518083948227894,0.21120116124349825,0.11491472118059756,7189,0.11733397846861014,0.013063989355267933,0.869602032176122
1775,Montgomery,5042,Montgomery Precinct 05-023,1026,2406,449,1207,304,1161,5042,1,0.203490678302261,0.4771915906386355,0.08905196350654503,0.2302657675525585,3531,0.23938913129710432,0.06029353431178104,0.7003173343911147
1776,Montgomery,7187,Montgomery Precinct 05-012,3273,1977,679,1182,480,1258,7187,1,0.45540559343258663,0.2750800055656046,0.09447613747043272,0.1750382635313761,5525,0.1644636148601642,0.0667872547655489,0.7687491303742869
1777,Montgomery,4205,Montgomery Precinct 06-002,2503,206,132,596,710,1364,4205,1,0.595243757431629,0.04898929845422117,0.03139120095124851,0.3243757431629013,2899,0.1417360285374554,0.16884661117717004,0.6894173602853746
1778,Montgomery,4050,Montgomery Precinct 07-019,3278,98,244,1418,737,430,4050,1,0.8093827160493827,0.02419753086419753,0.06024691358024691,0.10617283950617284,1895,0.35012345679012347,0.1819753086419753,0.4679012345679012
1779,Montgomery,3999,Montgomery Precinct 07-023,3100,78,227,1269,753,594,3999,1,0.7751937984496124,0.019504876219054765,0.05676419104776194,0.1485371342835709,1977,0.31732933233308325,0.18829707426856715,0.4943735933983496
1780,Montgomery,3316,Montgomery Precinct 09-005,1609,560,715,666,407,432,3316,1,0.4852231604342581,0.16887816646562123,0.21562123039806996,0.13027744270205066,2243,0.2008443908323281,0.12273823884197829,0.6764173703256936
1781,Montgomery,5404,Montgomery Precinct 09-009,1874,1394,1507,956,391,629,5404,1,0.34678016284233903,0.2579570688378979,0.27886750555144335,0.11639526276831977,4057,0.17690599555884529,0.07235381199111769,0.750740192450037
1782,Montgomery,4358,Montgomery Precinct 09-022,1537,811,1273,740,517,737,4358,1,0.3526847177604406,0.18609453877925655,0.29210647085819186,0.16911427260211107,3101,0.16980266177145478,0.11863240018357045,0.7115649380449748
1783,Montgomery,5285,Montgomery Precinct 13-021,1585,2617,712,1293,90,371,5285,1,0.29990539262062443,0.49517502365184485,0.134720908230842,0.07019867549668875,3902,0.2446546830652791,0.017029328287606435,0.7383159886471145
1784,Montgomery,5580,Montgomery Precinct 13-015,1569,1616,1633,1291,308,762,5580,1,0.28118279569892474,0.2896057347670251,0.29265232974910393,0.13655913978494624,3981,0.23136200716845878,0.055197132616487454,0.7134408602150538
1785,Montgomery,4493,Montgomery Precinct 13-058,2208,738,974,1207,403,573,4493,1,0.4914311150678834,0.16425550856888493,0.21678166036056087,0.12753171600267083,2883,0.2686401068328511,0.08969508123748053,0.6416648119296684
1786,Montgomery,3906,Montgomery Precinct 13-038,3422,56,207,1297,1113,221,3906,1,0.8760880696364567,0.014336917562724014,0.052995391705069124,0.05657962109575013,1496,0.3320532514080901,0.2849462365591398,0.3830005120327701
1787,Montgomery,5201,Montgomery Precinct 13-002,1770,1451,911,1281,465,1069,5201,1,0.34031916939050183,0.27898481061334357,0.17515862334166507,0.20553739665448953,3455,0.24629878869448182,0.08940588348394539,0.6642953278215727
1788,Montgomery,4646,Montgomery Precinct 13-056,1538,1442,986,819,328,680,4646,1,0.3310374515712441,0.3103745157124408,0.21222557038312526,0.14636246233318984,3499,0.1762806715454154,0.0705983641842445,0.75312096427034
1789,Montgomery,5489,Montgomery Precinct 13-049,1754,1856,1064,423,110,815,5489,1,0.31954818728365825,0.3381308070686828,0.1938422299143742,0.14847877573328475,4956,0.07706321734377847,0.02004008016032064,0.9028967024959009
1790,Montgomery,2651,Montgomery Precinct 13-014,1982,315,194,1064,314,160,2651,1,0.7476423990946812,0.11882308562806489,0.07317993210109393,0.06035458317615994,1273,0.4013579781214636,0.11844586948321388,0.48019615239532254
1791,Montgomery,6281,Montgomery Precinct 09-015,2477,1257,1459,1093,427,1088,6281,1,0.39436395478427,0.20012736825346283,0.23228785225282597,0.17322082470944117,4761,0.1740168762935838,0.06798280528578252,0.7580003184206336
1792,Montgomery,7135,Montgomery Precinct 09-028,2268,1187,3052,480,325,628,7135,1,0.3178696566222845,0.16636299929922915,0.427750525578136,0.08801681850035038,6330,0.0672740014015417,0.04555010511562719,0.8871758934828311
1793,Montgomery,5420,Montgomery Precinct 09-026,1771,1353,1225,1070,440,1071,5420,1,0.3267527675276753,0.2496309963099631,0.22601476014760147,0.19760147601476014,3910,0.1974169741697417,0.08118081180811808,0.7214022140221402
1797,Montgomery,3644,Montgomery Precinct 08-007,2562,447,204,784,1032,431,3644,1,0.7030735455543359,0.12266739846322722,0.05598243688254665,0.11827661909989023,1828,0.21514818880351264,0.283205268935236,0.5016465422612514
1798,Montgomery,4038,Montgomery Precinct 13-068,1615,1313,736,1467,137,374,4038,1,0.39995047052996535,0.3251609707776127,0.1822684497275879,0.09262010896483408,2434,0.36329866270430905,0.03392768697374938,0.6027736503219415
