,COUNTY,VAP,NAME,WVAP,BVAP,HVAP,SEN16D,SEN16R,OVAP,TOT_VOTES,factor,WVAP_pct,BVAP_pct,HVAP_pct,OVAP_pct,SEN16None,SEN16D_pct,SEN16R_pct,SEN16None_pct
424,Baltimore County,2889,Baltimore County Precinct 11-019,2270,282,61,826,844,276,2889,1.0,0.7857390100380754,0.0976116303219107,0.021114572516441676,0.09553478712357218,1219,0.2859120803046037,0.29214260989961927,0.4219453097957771
425,Baltimore County,4130,Baltimore County Precinct 14-003,2875,634,150,1142,872,471,4130,1.0,0.6961259079903148,0.15351089588377723,0.03631961259079903,0.11404358353510896,2116,0.2765133171912833,0.21113801452784503,0.5123486682808717
426,Baltimore County,1265,Baltimore County Precinct 11-013,891,162,54,338,311,158,1265,1.0,0.7043478260869566,0.12806324110671938,0.042687747035573126,0.12490118577075099,616,0.2671936758893281,0.2458498023715415,0.48695652173913045
427,Baltimore County,3157,Baltimore County Precinct 15-010,2444,510,102,921,774,101,3157,1.0,0.774152676591701,0.16154577130186887,0.03230915426037377,0.031992397846056383,1462,0.2917326575863161,0.24516946468165982,0.4630978777320241
428,Baltimore County,5523,Baltimore County Precinct 15-005,2822,1710,469,2064,1342,522,5523,1.0,0.5109541915625566,0.309614340032591,0.08491761723700887,0.09451385116784357,2117,0.3737099402498642,0.2429838855694369,0.3833061741806989
429,Baltimore County,1411,Baltimore County Precinct 15-009,1311,38,28,338,594,34,1411,1.0,0.9291282778171509,0.026931254429482635,0.019844082211197732,0.024096385542168676,479,0.23954642097802978,0.4209780297661233,0.33947554925584694
430,Baltimore County,6204,Baltimore County Precinct 15-004,4276,1238,392,1225,541,298,6204,1.0,0.6892327530625403,0.19954867827208253,0.06318504190844616,0.04803352675693101,4438,0.19745325596389426,0.08720180528691167,0.715344938749194
431,Baltimore County,3736,Baltimore County Precinct 11-012,3099,275,85,952,1349,277,3736,1.0,0.8294967880085653,0.07360813704496788,0.022751605995717343,0.07414346895074947,1435,0.25481798715203424,0.3610813704496788,0.38410064239828695
432,Baltimore County,2841,Baltimore County Precinct 11-007,2388,119,64,1224,1616,270,2841,1.226252158894646,0.8405491024287223,0.04188665962689194,0.022527279127067933,0.09503695881731784,1,0.43083421330517424,0.5688137979584653,0.00035198873636043646
433,Baltimore County,2818,Baltimore County Precinct 11-014,2465,96,55,738,1094,202,2818,1.0,0.8747338537970192,0.034066713981547196,0.019517388218594747,0.0716820440028389,986,0.2618878637331441,0.38821859474804826,0.34989354151880764
434,Baltimore County,2037,Baltimore County Precinct 11-006,1892,44,39,526,942,62,2037,1.0,0.9288168875797742,0.021600392734413353,0.01914580265095729,0.03043691703485518,569,0.25822287677957784,0.46244477172312226,0.27933235149729996
435,Baltimore County,3470,Baltimore County Precinct 11-022,2749,221,66,1034,1331,434,3470,1.0,0.7922190201729107,0.06368876080691642,0.019020172910662825,0.1250720461095101,1105,0.2979827089337176,0.3835734870317003,0.3184438040345821
436,Baltimore County,2386,Baltimore County Precinct 11-005,1880,133,50,590,1071,323,2386,1.0,0.787929589270746,0.055741827326068735,0.020955574182732608,0.13537300922045264,725,0.24727577535624476,0.44886839899413244,0.3038558256496228
437,Baltimore County,4029,Baltimore County Precinct 11-003,3873,46,41,767,2443,69,4029,1.0,0.9612807148175726,0.011417225117895259,0.010176222387689253,0.01712583767684289,819,0.19036981881360138,0.6063539339786548,0.20327624720774387
438,Baltimore County,2502,Baltimore County Precinct 11-001,2338,40,30,730,1365,94,2502,1.0,0.9344524380495604,0.01598721023181455,0.011990407673860911,0.037569944044764186,407,0.2917665867306155,0.5455635491606715,0.16266986410871304
439,Baltimore County,328,Baltimore County Precinct 10-005,300,2,7,113,213,19,328,1.0866666666666667,0.9146341463414634,0.006097560975609756,0.021341463414634148,0.057926829268292686,2,0.3445121951219512,0.649390243902439,0.006097560975609756
440,Baltimore County,1364,Baltimore County Precinct 10-003,1284,11,25,420,921,44,1364,1.0,0.9413489736070382,0.008064516129032258,0.018328445747800588,0.03225806451612903,23,0.30791788856304986,0.6752199413489736,0.01686217008797654
442,Baltimore County,3090,Baltimore County Precinct 11-002,2978,14,45,711,1830,53,3090,1.0,0.9637540453074434,0.004530744336569579,0.014563106796116505,0.01715210355987055,549,0.23009708737864076,0.5922330097087378,0.17766990291262136
445,Baltimore County,3678,Baltimore County Precinct 15-007,2778,748,78,1000,868,74,3678,1.0,0.7553017944535073,0.20337139749864055,0.021207177814029365,0.02011963023382273,1810,0.27188689505165853,0.2359978249048396,0.4921152800435019
446,Baltimore County,2100,Baltimore County Precinct 15-025,1993,45,31,746,1352,31,2100,1.0184466019417475,0.949047619047619,0.02142857142857143,0.014761904761904763,0.014761904761904763,2,0.35523809523809524,0.6438095238095238,0.0009523809523809524
447,Baltimore County,3091,Baltimore County Precinct 15-008,2496,440,85,817,1085,70,3091,1.0,0.8075056615981883,0.1423487544483986,0.027499191200258816,0.022646392753154318,1189,0.26431575541895824,0.35101908767389195,0.3846651569071498
448,Baltimore County,2662,Baltimore County Precinct 15-006,2499,93,24,606,1434,46,2662,1.0,0.9387678437265214,0.03493613824192337,0.009015777610818933,0.01728024042073629,622,0.22764838467317805,0.5386927122464312,0.2336589030803907
449,Baltimore County,2544,Baltimore County Precinct 11-004,1999,204,52,682,1055,289,2544,1.0,0.7857704402515723,0.08018867924528301,0.020440251572327043,0.11360062893081761,807,0.26808176100628933,0.4147012578616352,0.31721698113207547
450,Baltimore County,86,Baltimore County Precinct 11-020,73,7,6,10,27,0,86,1.0,0.8488372093023255,0.08139534883720931,0.06976744186046512,0.0,49,0.11627906976744186,0.313953488372093,0.5697674418604651
560,Baltimore County,3508,Baltimore County Precinct 15-022,3315,81,38,834,1585,74,3508,1.0,0.9449828962371721,0.023090079817559863,0.010832383124287344,0.021094640820980615,1089,0.2377423033067275,0.45182440136830104,0.3104332953249715
561,Baltimore County,4160,Baltimore County Precinct 15-021,3797,226,43,947,1648,94,4160,1.0,0.9127403846153846,0.05432692307692308,0.010336538461538461,0.022596153846153846,1565,0.22764423076923077,0.39615384615384613,0.3762019230769231
562,Baltimore County,4692,Baltimore County Precinct 15-020,4264,226,97,1018,1471,105,4692,1.0,0.9087809036658141,0.04816709292412617,0.020673486786018755,0.02237851662404092,2203,0.21696504688832055,0.31351236146632566,0.4695225916453538
563,Baltimore County,2809,Baltimore County Precinct 15-015,2416,180,87,614,787,126,2809,1.0,0.8600925596297615,0.06407974368102527,0.03097187611249555,0.04485582057671769,1408,0.21858312566749732,0.2801708793164827,0.50124599501602
564,Baltimore County,1897,Baltimore County Precinct 15-013,1758,41,30,436,787,68,1897,1.0,0.926726410121244,0.02161307327358988,0.0158144438587243,0.03584607274644175,674,0.22983658408012653,0.41486557722720085,0.3552978386926726
565,Baltimore County,2156,Baltimore County Precinct 15-012,1954,58,61,544,858,83,2156,1.0,0.9063079777365491,0.026901669758812616,0.02829313543599258,0.03849721706864564,754,0.2523191094619666,0.3979591836734694,0.349721706864564
566,Baltimore County,3144,Baltimore County Precinct 15-016,2489,372,123,669,725,160,3144,1.0,0.7916666666666666,0.1183206106870229,0.039122137404580155,0.05089058524173028,1750,0.21278625954198474,0.23059796437659033,0.556615776081425
567,Baltimore County,3506,Baltimore County Precinct 15-017,1421,1699,274,1511,483,112,3506,1.0,0.40530519110096974,0.48459783228750714,0.07815173987450086,0.03194523673702225,1512,0.4309754706217912,0.13776383342840845,0.4312606959498003
568,Baltimore County,5453,Baltimore County Precinct 15-023,1748,3206,284,1616,281,215,5453,1.0,0.3205574912891986,0.5879332477535302,0.0520814230698698,0.03942783788740143,3556,0.2963506326792591,0.05153126719237117,0.6521181001283697
569,Baltimore County,975,Baltimore County Precinct 15-024,813,86,30,253,261,46,975,1.0,0.8338461538461538,0.0882051282051282,0.03076923076923077,0.04717948717948718,461,0.2594871794871795,0.2676923076923077,0.4728205128205128
570,Baltimore County,2919,Baltimore County Precinct 15-018,2086,569,156,757,913,108,2919,1.0,0.7146282973621103,0.19492977046933882,0.05344295991778006,0.03699897225077081,1249,0.2593353888317917,0.3127783487495718,0.42788626241863653
571,Baltimore County,3443,Baltimore County Precinct 15-019,3220,122,46,839,1525,55,3443,1.0,0.9352309032820215,0.03543421434795237,0.01336044147545745,0.01597444089456869,1079,0.24368283473714783,0.4429276793494046,0.31338948591344756
572,Baltimore County,1739,Baltimore County Precinct 15-026,1696,7,12,415,1127,24,1739,1.0,0.9752731454859115,0.0040253018976423235,0.006900517538815411,0.013801035077630822,197,0.2386428982173663,0.648073605520414,0.11328349626221966
573,Baltimore County,2441,Baltimore County Precinct 12-012,2188,111,71,613,799,71,2441,1.0,0.8963539532978287,0.0454731667349447,0.029086439983613273,0.029086439983613273,1029,0.25112658746415406,0.3273248668578451,0.4215485456780008
577,Baltimore County,2668,Baltimore County Precinct 12-010,2310,161,108,774,682,89,2668,1.0,0.8658170914542729,0.0603448275862069,0.04047976011994003,0.03335832083958021,1212,0.2901049475262369,0.2556221889055472,0.4542728635682159
578,Baltimore County,2639,Baltimore County Precinct 12-008,2315,97,127,627,830,100,2639,1.0,0.8772262220538083,0.03675634710117469,0.04812428950359985,0.037893141341417205,1182,0.23758999621068586,0.3145130731337628,0.44789693065555136
579,Baltimore County,3982,Baltimore County Precinct 12-003,3387,171,238,858,1133,186,3982,1.0,0.8505775991963838,0.042943244600703166,0.05976896032144651,0.0467101958814666,1991,0.2154696132596685,0.2845303867403315,0.5
580,Baltimore County,3256,Baltimore County Precinct 12-002,2763,194,175,764,731,124,3256,1.0,0.8485872235872236,0.05958230958230958,0.05374692874692875,0.038083538083538086,1761,0.23464373464373464,0.2245085995085995,0.5408476658476659
587,Baltimore County,2846,Baltimore County Precinct 12-001,2343,167,229,589,696,107,2846,1.0,0.8232607167955025,0.058678847505270554,0.08046380885453268,0.03759662684469431,1561,0.20695713281799016,0.24455375966268447,0.5484891075193253
588,Baltimore County,4204,Baltimore County Precinct 12-007,3764,242,92,1035,1240,106,4204,1.0,0.8953377735490009,0.05756422454804948,0.021883920076117985,0.02521408182683159,1929,0.2461941008563273,0.2949571836346337,0.458848715509039
589,Baltimore County,3540,Baltimore County Precinct 12-006,2774,426,108,841,727,232,3540,1.0,0.7836158192090396,0.12033898305084746,0.030508474576271188,0.0655367231638418,1972,0.23757062146892655,0.20536723163841808,0.5570621468926553
590,Baltimore County,3308,Baltimore County Precinct 12-005,2994,128,73,793,982,113,3308,1.0,0.9050785973397824,0.03869407496977025,0.022067714631197097,0.034159613059250304,1533,0.23972188633615477,0.2968561064087062,0.46342200725513905
591,Baltimore County,4898,Baltimore County Precinct 12-004,4398,213,135,980,1367,152,4898,1.0,0.897917517354022,0.04348713760718661,0.027562270314414047,0.0310330747243773,2551,0.2000816659861168,0.2790935075541037,0.5208248264597795
592,Baltimore County,2424,Baltimore County Precinct 15-001,1845,175,303,495,369,101,2424,1.0,0.7611386138613861,0.0721947194719472,0.125,0.041666666666666664,1560,0.2042079207920792,0.15222772277227722,0.6435643564356436
593,Baltimore County,3263,Baltimore County Precinct 15-002,2829,174,120,778,1003,140,3263,1.0,0.8669935642047196,0.05332516089488201,0.03677597303095311,0.04290530186944529,1482,0.238430891817346,0.3073858412503831,0.4541832669322709
594,Baltimore County,1177,Baltimore County Precinct 15-014,1054,43,43,278,398,37,1177,1.0,0.8954970263381479,0.03653355989804588,0.03653355989804588,0.03143585386576041,501,0.23619371282922685,0.33814783347493627,0.4256584536958369
611,Baltimore County,1456,Baltimore County Precinct 12-009,1157,154,73,267,264,72,1456,1.0,0.7946428571428571,0.10576923076923077,0.05013736263736264,0.04945054945054945,925,0.18337912087912087,0.1813186813186813,0.6353021978021978
612,Baltimore County,4122,Baltimore County Precinct 12-011,3270,565,128,948,884,159,4122,1.0,0.7933042212518195,0.13706938379427464,0.031052886948083454,0.03857350800582242,2290,0.22998544395924309,0.21445900048520136,0.5555555555555556
613,Baltimore County,1905,Baltimore County Precinct 12-013,167,1619,45,718,41,74,1905,1.0,0.08766404199475065,0.8498687664041995,0.023622047244094488,0.03884514435695538,1146,0.37690288713910763,0.02152230971128609,0.6015748031496063
796,Baltimore County,1239,Baltimore County Precinct 13-006,980,160,46,324,309,53,1239,1.0,0.7909604519774012,0.129136400322841,0.03712671509281679,0.042776432606941084,606,0.26150121065375304,0.24939467312348668,0.4891041162227603
797,Baltimore County,2979,Baltimore County Precinct 13-007,1367,940,508,771,371,164,2979,1.0,0.4588788183954347,0.31554212823094996,0.1705270224907687,0.055052030882846596,1837,0.2588116817724068,0.12453843571668345,0.6166498825109097
798,Baltimore County,5380,Baltimore County Precinct 13-009,3849,930,400,1245,1006,201,5380,1.0,0.7154275092936803,0.17286245353159851,0.07434944237918216,0.037360594795539034,3129,0.23141263940520446,0.18698884758364312,0.5815985130111524
804,Baltimore County,2262,Baltimore County Precinct 13-008,1953,62,144,494,805,103,2262,1.0,0.863395225464191,0.027409372236958444,0.0636604774535809,0.04553492484526967,963,0.21839080459770116,0.35587975243147657,0.42572944297082227
823,Baltimore County,2920,Baltimore County Precinct 14-011,1954,629,201,914,557,136,2920,1.0,0.6691780821917809,0.21541095890410958,0.06883561643835616,0.04657534246575343,1449,0.313013698630137,0.19075342465753425,0.49623287671232874
824,Baltimore County,2766,Baltimore County Precinct 14-007,2061,560,69,879,761,76,2766,1.0,0.745119305856833,0.2024584237165582,0.024945770065075923,0.0274765003615329,1126,0.31778741865509763,0.27512653651482283,0.40708604483007954
825,Baltimore County,3521,Baltimore County Precinct 14-008,1352,1989,57,1817,425,123,3521,1.0,0.38398182334564046,0.5648963362681056,0.016188582788980402,0.034933257597273504,1279,0.5160465776767964,0.12070434535643283,0.3632490769667708
829,Baltimore County,4086,Baltimore County Precinct 09-022,3162,628,100,1375,1118,196,4086,1.0,0.7738619676945668,0.15369554576603034,0.024473813020068527,0.047968673519334315,1593,0.33651492902594227,0.2736172295643661,0.3898678414096916
830,Baltimore County,2181,Baltimore County Precinct 14-012,1973,91,41,721,863,76,2181,1.0,0.9046309032553874,0.041723979825768,0.01879871618523613,0.03484640073360844,597,0.3305823016964695,0.39569005043558003,0.2737276478679505
831,Baltimore County,723,Baltimore County Precinct 14-014,485,179,19,250,155,40,723,1.0,0.6708160442600276,0.2475795297372061,0.02627939142461964,0.05532503457814661,318,0.3457814661134163,0.2143845089903181,0.43983402489626555
832,Baltimore County,3444,Baltimore County Precinct 14-006,2936,366,70,1167,1140,72,3444,1.0,0.8524970963995354,0.10627177700348432,0.02032520325203252,0.020905923344947737,1137,0.33885017421602787,0.3310104529616725,0.33013937282229966
833,Baltimore County,2262,Baltimore County Precinct 14-001,2044,93,43,687,923,82,2262,1.0,0.9036251105216623,0.04111405835543767,0.01900972590627763,0.036251105216622455,652,0.3037135278514589,0.40804597701149425,0.28824049513704686
834,Baltimore County,2561,Baltimore County Precinct 14-010,1869,473,102,970,653,117,2561,1.0,0.7297930495900039,0.18469347910972275,0.03982819211245607,0.04568527918781726,938,0.37875829754002344,0.254978524014057,0.36626317844591955
835,Baltimore County,4471,Baltimore County Precinct 14-009,1738,2050,363,1741,603,320,4471,1.0,0.38872735405949455,0.4585104003578618,0.08118989040483113,0.07157235517781257,2127,0.38939834488928654,0.13486915678819056,0.4757324983225229
836,Baltimore County,1191,Baltimore County Precinct 14-005,540,395,63,292,119,193,1191,1.0,0.4534005037783375,0.3316540722082284,0.05289672544080604,0.16204869857262805,780,0.24517212426532325,0.09991603694374475,0.654911838790932
837,Baltimore County,2619,Baltimore County Precinct 11-016,1527,601,149,668,406,342,2619,1.0,0.5830469644902635,0.22947689957999237,0.056891943489881636,0.13058419243986255,1545,0.25505918289423446,0.15502100038182512,0.5899198167239404
838,Baltimore County,4063,Baltimore County Precinct 14-002,2593,758,107,1253,1079,605,4063,1.0,0.6381983755845434,0.18656165395028304,0.026335220280580853,0.14890475018459268,1731,0.3083928131922225,0.2655673147920256,0.4260398720157519
839,Baltimore County,3933,Baltimore County Precinct 11-011,2948,453,97,1069,1182,435,3933,1.0,0.7495550470378846,0.11517925247902365,0.024663107042969742,0.11060259344012205,1682,0.27180269514365624,0.3005339435545385,0.4276633613018052
840,Baltimore County,3413,Baltimore County Precinct 09-023,2320,686,146,1181,893,261,3413,1.0,0.6797538822150601,0.20099619103428068,0.042777615001464986,0.07647231174919426,1339,0.34602988573102844,0.26164664518019337,0.3923234690887782
841,Baltimore County,2956,Baltimore County Precinct 09-025,2214,406,82,944,878,254,2956,1.0,0.7489851150202977,0.13734776725304465,0.02774018944519621,0.08592692828146144,1134,0.3193504736129905,0.2970230040595399,0.3836265223274696
842,Baltimore County,2895,Baltimore County Precinct 11-009,2192,357,98,949,916,248,2895,1.0,0.7571675302245251,0.12331606217616581,0.03385146804835924,0.08566493955094992,1030,0.32780656303972366,0.3164075993091537,0.35578583765112265
843,Baltimore County,3895,Baltimore County Precinct 09-024,3019,460,73,1370,1212,343,3895,1.0,0.7750962772785622,0.11810012836970475,0.018741976893453145,0.08806161745827984,1313,0.35173299101412064,0.3111681643132221,0.33709884467265727
844,Baltimore County,3694,Baltimore County Precinct 11-015,3631,16,14,893,953,33,3694,1.0,0.9829453167298322,0.004331348132106118,0.003789929615592853,0.008933405522468869,1848,0.24174336762317272,0.25798592311857066,0.5002707092582567
845,Baltimore County,731,Baltimore County Precinct 11-021,560,77,22,256,194,72,731,1.0,0.7660738714090287,0.10533515731874145,0.030095759233926128,0.09849521203830369,281,0.35020519835841313,0.265389876880985,0.3844049247606019
846,Baltimore County,2824,Baltimore County Precinct 11-008,2388,150,47,569,935,239,2824,1.0,0.8456090651558074,0.05311614730878187,0.016643059490084985,0.08463172804532577,1320,0.20148725212464588,0.33109065155807366,0.46742209631728043
847,Baltimore County,3720,Baltimore County Precinct 11-010,2780,490,87,979,952,363,3720,1.0,0.7473118279569892,0.13172043010752688,0.02338709677419355,0.09758064516129032,1789,0.2631720430107527,0.25591397849462366,0.48091397849462364
848,Baltimore County,1942,Baltimore County Precinct 11-018,1553,125,56,205,280,208,1942,1.0,0.7996910401647785,0.06436663233779609,0.028836251287332648,0.10710607621009269,1457,0.10556127703398559,0.14418125643666324,0.7502574665293512
849,Baltimore County,3460,Baltimore County Precinct 11-017,2820,265,62,1029,1336,313,3460,1.0,0.815028901734104,0.07658959537572255,0.017919075144508672,0.09046242774566474,1095,0.2973988439306358,0.3861271676300578,0.31647398843930635
850,Baltimore County,2630,Baltimore County Precinct 15-003,2325,182,40,575,880,83,2630,1.0,0.8840304182509505,0.06920152091254753,0.015209125475285171,0.03155893536121673,1175,0.21863117870722434,0.33460076045627374,0.4467680608365019
851,Baltimore County,3634,Baltimore County Precinct 14-013,1814,1130,267,939,519,423,3634,1.0,0.4991744634012108,0.3109521188772702,0.07347275729223995,0.11640066042927903,2176,0.25839295542102364,0.14281783159053385,0.5987892129884425
852,Baltimore County,3333,Baltimore County Precinct 15-011,2680,416,108,930,848,129,3333,1.0,0.804080408040804,0.12481248124812482,0.032403240324032405,0.0387038703870387,1555,0.279027902790279,0.2544254425442544,0.4665466546654665
853,Baltimore County,343,Baltimore County Precinct 14-004,274,35,9,173,142,25,343,1.0,0.7988338192419825,0.10204081632653061,0.026239067055393587,0.0728862973760933,28,0.5043731778425656,0.4139941690962099,0.08163265306122448
965,Baltimore County,3555,Baltimore County Precinct 08-011,2068,458,346,573,495,683,3555,1.0,0.5817158931082982,0.1288326300984529,0.09732770745428973,0.19212376933895922,2487,0.16118143459915613,0.13924050632911392,0.69957805907173
966,Baltimore County,2505,Baltimore County Precinct 08-006,1379,350,218,1623,533,558,2505,1.0,0.550499001996008,0.13972055888223553,0.08702594810379241,0.22275449101796407,349,0.6479041916167665,0.21277445109780438,0.13932135728542913
967,Baltimore County,1757,Baltimore County Precinct 08-003,1549,38,39,588,664,131,1757,1.0,0.8816163915765509,0.021627774615822423,0.0221969265793967,0.07455890722822994,505,0.3346613545816733,0.37791690381331816,0.28742174160500855
968,Baltimore County,2017,Baltimore County Precinct 08-022,1757,19,18,787,798,223,2017,1.0,0.8710956866633615,0.009419930589985127,0.008924144769459593,0.11056023797719385,432,0.39018344075359446,0.3956370847793753,0.21417947446703026
969,Baltimore County,2489,Baltimore County Precinct 08-001,2208,107,48,827,1245,126,2489,1.0,0.8871032543190036,0.042989152269987944,0.019284853354760947,0.05062274005624749,417,0.3322619525914022,0.5002008838891121,0.16753716351948575
970,Baltimore County,1888,Baltimore County Precinct 08-025,1659,61,35,521,764,133,1888,1.0,0.878707627118644,0.0323093220338983,0.018538135593220338,0.0704449152542373,603,0.2759533898305085,0.4046610169491525,0.319385593220339
971,Baltimore County,2437,Baltimore County Precinct 08-004,2117,53,55,855,1195,212,2437,1.0,0.8686910135412392,0.021748050882232254,0.02256873204759951,0.08699220352892902,387,0.35084119819450144,0.49035699630693474,0.15880180549856382
972,Baltimore County,1477,Baltimore County Precinct 10-002,1372,10,25,513,896,70,1477,1.0,0.9289099526066351,0.006770480704129994,0.016926201760324982,0.04739336492890995,68,0.34732566012186866,0.6066350710900474,0.046039268788083954
973,Baltimore County,1876,Baltimore County Precinct 10-004,1797,14,22,556,1275,43,1876,1.0,0.9578891257995735,0.007462686567164179,0.011727078891257996,0.022921108742004266,45,0.29637526652452023,0.679637526652452,0.02398720682302772
974,Baltimore County,3018,Baltimore County Precinct 10-001,2857,49,46,840,1628,66,3018,1.0,0.9466534128561962,0.016235917826375082,0.015241882041086813,0.02186878727634195,550,0.2783300198807157,0.5394300861497681,0.18223989396951623
975,Baltimore County,3508,Baltimore County Precinct 05-001,3315,53,77,797,1842,63,3508,1.0,0.9449828962371721,0.015108323831242873,0.02194982896237172,0.01795895096921323,869,0.22719498289623719,0.5250855188141391,0.24771949828962372
976,Baltimore County,1975,Baltimore County Precinct 06-001,1875,41,18,487,1215,41,1975,1.0,0.9493670886075949,0.020759493670886076,0.009113924050632912,0.020759493670886076,273,0.24658227848101266,0.6151898734177215,0.13822784810126582
977,Baltimore County,2338,Baltimore County Precinct 06-002,2220,41,30,592,1430,47,2338,1.0,0.9495295124037639,0.017536355859709155,0.01283147989734816,0.020102651839178785,316,0.25320786997433703,0.611633875106929,0.13515825491873396
978,Baltimore County,2472,Baltimore County Precinct 07-003,2274,95,38,725,1374,65,2472,1.0,0.9199029126213593,0.03843042071197411,0.015372168284789644,0.026294498381877023,373,0.29328478964401294,0.5558252427184466,0.15088996763754045
979,Baltimore County,1081,Baltimore County Precinct 07-002,1039,13,7,333,745,22,1081,1.0065359477124183,0.9611470860314524,0.012025901942645698,0.0064754856614246065,0.020351526364477335,3,0.3080481036077706,0.6891766882516188,0.0027752081406105457
980,Baltimore County,3153,Baltimore County Precinct 07-001,2987,61,47,793,1910,58,3153,1.0,0.9473517285125278,0.01934665398033619,0.014906438312718047,0.018395179194418014,450,0.25150650174437045,0.6057722803679035,0.142721217887726
989,Baltimore County,3836,Baltimore County Precinct 09-020,464,3064,142,1694,111,166,3836,1.0,0.12095933263816476,0.7987486965589156,0.0370177267987487,0.043274244004171014,2031,0.4416058394160584,0.028936392075078206,0.5294577685088634
990,Baltimore County,2342,Baltimore County Precinct 09-028,897,1264,113,1015,209,68,2342,1.0,0.38300597779675494,0.5397096498719044,0.04824935952177626,0.029035012809564473,1118,0.4333902647309991,0.0892399658411614,0.47736976942783943
991,Baltimore County,2528,Baltimore County Precinct 09-019,1774,492,100,1023,598,162,2528,1.0,0.7017405063291139,0.19462025316455697,0.03955696202531646,0.06408227848101265,907,0.40466772151898733,0.23655063291139242,0.3587816455696203
996,Baltimore County,3661,Baltimore County Precinct 09-021,3095,342,92,1211,1268,132,3661,1.0,0.8453974323955203,0.09341709915323682,0.025129745971046162,0.036055722480196666,1182,0.33078393881453155,0.346353455340071,0.32286260584539744
997,Baltimore County,2909,Baltimore County Precinct 09-029,2172,442,98,428,57,197,2909,1.0,0.7466483327603988,0.1519422481952561,0.03368855276727398,0.06772086627707116,2424,0.14712959779993126,0.01959436232382262,0.8332760398762461
998,Baltimore County,2194,Baltimore County Precinct 09-012,1804,90,81,811,540,219,2194,1.0,0.8222424794895169,0.04102096627164995,0.03691886964448496,0.09981768459434823,843,0.36964448495897906,0.24612579762989972,0.3842297174111212
999,Baltimore County,2160,Baltimore County Precinct 09-007,1829,60,68,854,1035,203,2160,1.0,0.8467592592592592,0.027777777777777776,0.03148148148148148,0.09398148148148149,271,0.39537037037037037,0.4791666666666667,0.12546296296296297
1000,Baltimore County,2993,Baltimore County Precinct 09-011,2118,525,116,1026,534,234,2993,1.0,0.707651186100902,0.17540928833945874,0.03875709989976612,0.07818242565987303,1433,0.34279986635482795,0.17841630471099232,0.47878382893417976
1001,Baltimore County,5056,Baltimore County Precinct 09-010,3865,608,158,1976,1079,425,5056,1.0,0.7644382911392406,0.12025316455696203,0.03125,0.08405854430379747,2001,0.39082278481012656,0.21340981012658228,0.39576740506329117
1002,Baltimore County,1644,Baltimore County Precinct 08-015,1440,16,69,690,769,119,1644,1.0,0.8759124087591241,0.009732360097323601,0.041970802919708027,0.07238442822384428,185,0.4197080291970803,0.4677615571776156,0.11253041362530414
1003,Baltimore County,1925,Baltimore County Precinct 08-014,1650,79,43,545,652,153,1925,1.0,0.8571428571428571,0.04103896103896104,0.022337662337662337,0.07948051948051948,728,0.2831168831168831,0.3387012987012987,0.3781818181818182
1004,Baltimore County,2163,Baltimore County Precinct 08-012,1905,30,31,928,1068,197,2163,1.0,0.8807212205270458,0.013869625520110958,0.014331946370781322,0.09107720758206195,167,0.42903374942209893,0.49375866851595007,0.077207582061951
1005,Baltimore County,5466,Baltimore County Precinct 08-005,3011,1565,359,266,366,531,5466,1.0,0.5508598609586535,0.2863154043175997,0.06567874130991584,0.09714599341383096,4834,0.048664471276985,0.06695938529088913,0.8843761434321259
1006,Baltimore County,1075,Baltimore County Precinct 09-016,915,79,37,457,421,44,1075,1.0,0.8511627906976744,0.07348837209302325,0.03441860465116279,0.04093023255813953,197,0.42511627906976746,0.3916279069767442,0.18325581395348836
1007,Baltimore County,1627,Baltimore County Precinct 09-017,1118,309,66,659,344,134,1627,1.0,0.6871542716656422,0.189920098340504,0.040565457897971724,0.08236017209588199,624,0.40503995082974803,0.2114320835894284,0.3835279655808236
1008,Baltimore County,26,Baltimore County Precinct 09-027,20,6,0,6,3,0,26,1.0,0.7692307692307693,0.23076923076923078,0.0,0.0,17,0.23076923076923078,0.11538461538461539,0.6538461538461539
1009,Baltimore County,2576,Baltimore County Precinct 09-018,1975,375,100,1042,591,126,2576,1.0,0.7666925465838509,0.1455745341614907,0.03881987577639751,0.04891304347826087,943,0.4045031055900621,0.2294254658385093,0.36607142857142855
1010,Baltimore County,1631,Baltimore County Precinct 09-009,1412,30,35,680,913,154,1631,1.0,0.8657265481299816,0.018393623543838136,0.02145922746781116,0.0944206008583691,38,0.4169221336603311,0.559779276517474,0.023298589822194973
1011,Baltimore County,1132,Baltimore County Precinct 09-026,975,36,7,518,500,114,1132,1.0,0.8613074204946997,0.03180212014134275,0.006183745583038869,0.10070671378091872,114,0.4575971731448763,0.4416961130742049,0.10070671378091872
1012,Baltimore County,1592,Baltimore County Precinct 09-008,1465,25,20,678,851,82,1592,1.0,0.9202261306532663,0.015703517587939697,0.01256281407035176,0.05150753768844221,63,0.4258793969849246,0.5345477386934674,0.03957286432160804
1013,Baltimore County,2194,Baltimore County Precinct 08-007,1336,264,257,974,634,337,2194,1.0,0.6089334548769371,0.1203281677301732,0.11713764813126709,0.1536007292616226,586,0.4439380127620784,0.2889699179580675,0.2670920692798541
1021,Baltimore County,3216,Baltimore County Precinct 09-003,2807,101,104,1655,887,204,3216,1.0,0.8728233830845771,0.03140547263681592,0.03233830845771144,0.06343283582089553,674,0.5146144278606966,0.2758084577114428,0.2095771144278607
1022,Baltimore County,3358,Baltimore County Precinct 03-008,2894,192,42,1488,727,230,3358,1.0,0.8618225134008338,0.05717689100655152,0.012507444907683145,0.0684931506849315,1143,0.44312090530077425,0.21649791542584873,0.340381179273377
1023,Baltimore County,2600,Baltimore County Precinct 09-001,2400,52,31,1111,1035,117,2600,1.0,0.9230769230769231,0.02,0.011923076923076923,0.045,454,0.42730769230769233,0.39807692307692305,0.17461538461538462
1024,Baltimore County,2246,Baltimore County Precinct 08-017,2079,47,31,908,1053,89,2246,1.0,0.9256455921638468,0.020926090828138913,0.013802315227070348,0.0396260017809439,285,0.40427426536064115,0.468833481745325,0.12689225289403383
1025,Baltimore County,879,Baltimore County Precinct 08-018,784,4,19,360,462,72,879,1.0,0.8919226393629124,0.004550625711035267,0.02161547212741752,0.08191126279863481,57,0.40955631399317405,0.5255972696245734,0.06484641638225255
1026,Baltimore County,2530,Baltimore County Precinct 08-019,2247,22,33,769,1166,228,2530,1.0,0.8881422924901186,0.008695652173913044,0.013043478260869565,0.09011857707509881,595,0.3039525691699605,0.4608695652173913,0.23517786561264822
1027,Baltimore County,2751,Baltimore County Precinct 08-009,2153,43,56,1025,1307,499,2751,1.0,0.7826245001817521,0.015630679752817157,0.020356234096692113,0.18138858596873864,419,0.37259178480552524,0.47509996364958196,0.15230825154489278
1028,Baltimore County,2173,Baltimore County Precinct 08-010,1965,30,37,817,1042,141,2173,1.0,0.9042797975149562,0.013805798435342844,0.017027151403589506,0.06488725264611137,314,0.37597791072250347,0.4795213989875748,0.14450069028992177
1029,Baltimore County,1707,Baltimore County Precinct 08-020,1487,46,32,516,585,142,1707,1.0,0.8711189220855302,0.026947861745752782,0.018746338605741066,0.08318687756297598,606,0.3022847100175747,0.3427065026362039,0.35500878734622143
1030,Baltimore County,1541,Baltimore County Precinct 09-002,1463,16,19,673,788,43,1541,1.0,0.9493835171966256,0.010382868267358857,0.012329656067488644,0.027903958468526932,80,0.43672939649578196,0.5113562621674238,0.05191434133679429
1031,Baltimore County,4116,Baltimore County Precinct 09-004,3440,330,109,962,634,237,4116,1.0,0.8357628765792031,0.08017492711370262,0.026482021379980562,0.0575801749271137,2520,0.2337220602526725,0.15403304178814384,0.6122448979591837
1032,Baltimore County,3650,Baltimore County Precinct 09-005,3293,142,57,1455,1106,158,3650,1.0,0.9021917808219178,0.03890410958904109,0.015616438356164384,0.04328767123287671,1089,0.39863013698630134,0.303013698630137,0.29835616438356166
1033,Baltimore County,6430,Baltimore County Precinct 09-006,4497,1173,360,469,284,400,6430,1.0,0.6993779160186625,0.18242612752721618,0.05598755832037325,0.06220839813374806,5677,0.0729393468118196,0.04416796267496112,0.8828926905132193
1034,Baltimore County,794,Baltimore County Precinct 08-016,671,37,15,437,355,71,794,1.2753623188405796,0.845088161209068,0.04659949622166247,0.018891687657430732,0.08942065491183879,2,0.5503778337531486,0.44710327455919396,0.0025188916876574307
1035,Baltimore County,2667,Baltimore County Precinct 08-013,2348,46,75,1017,1077,198,2667,1.0,0.880389951256093,0.01724784401949756,0.0281214848143982,0.07424071991001124,573,0.3813273340832396,0.40382452193475815,0.21484814398200225
1058,Baltimore County,2581,Baltimore County Precinct 09-014,1807,376,143,1436,466,255,2581,1.0,0.7001162340178225,0.14567996900426192,0.055404881828748545,0.09879891514916699,679,0.5563734986439365,0.18055017435102674,0.2630763270050368
1059,Baltimore County,2145,Baltimore County Precinct 09-013,2025,33,32,1291,755,55,2145,1.0,0.9440559440559441,0.015384615384615385,0.014918414918414918,0.02564102564102564,99,0.6018648018648018,0.351981351981352,0.046153846153846156
1065,Baltimore County,3415,Baltimore County Precinct 09-015,1933,1018,98,1280,481,366,3415,1.0,0.5660322108345535,0.2980966325036603,0.02869692532942899,0.10717423133235725,1654,0.37481698389458273,0.14084919472913615,0.4843338213762811
1093,Baltimore County,4060,Baltimore County Precinct 03-009,2908,465,104,1819,780,583,4060,1.0,0.716256157635468,0.1145320197044335,0.02561576354679803,0.1435960591133005,1461,0.4480295566502463,0.1921182266009852,0.3598522167487685
1138,Baltimore County,2293,Baltimore County Precinct 02-005,122,2036,53,1454,62,82,2293,1.0,0.053205407762756216,0.8879197557784562,0.02311382468382032,0.035761011774967294,777,0.6341037941561274,0.02703881378107283,0.3388573920627998
1139,Baltimore County,2631,Baltimore County Precinct 02-009,196,2213,105,1240,72,117,2631,1.0,0.07449638920562524,0.8411250475104523,0.039908779931584946,0.04446978335233751,1319,0.47130368681109847,0.027366020524515394,0.5013302926643861
1140,Baltimore County,3860,Baltimore County Precinct 02-014,432,3149,86,2159,107,193,3860,1.0,0.11191709844559586,0.8158031088082901,0.02227979274611399,0.05,1594,0.5593264248704664,0.02772020725388601,0.4129533678756477
1141,Baltimore County,703,Baltimore County Precinct 02-025,556,128,9,562,139,10,703,1.21280276816609,0.7908961593172119,0.18207681365576103,0.012802275960170697,0.01422475106685633,2,0.7994310099573257,0.19772403982930298,0.002844950213371266
1142,Baltimore County,398,Baltimore County Precinct 02-028,16,358,9,168,3,15,398,1.0,0.04020100502512563,0.8994974874371859,0.022613065326633167,0.03768844221105527,227,0.4221105527638191,0.007537688442211055,0.5703517587939698
1143,Baltimore County,2934,Baltimore County Precinct 02-007,310,2447,70,1355,68,107,2934,1.0,0.1056578050443081,0.8340149965916837,0.023858214042263123,0.03646898432174506,1511,0.461826857532379,0.023176550783912748,0.5149965916837083
1144,Baltimore County,532,Baltimore County Precinct 02-023,170,347,7,316,44,8,532,1.0,0.31954887218045114,0.6522556390977443,0.013157894736842105,0.015037593984962405,172,0.5939849624060151,0.08270676691729323,0.3233082706766917
1145,Baltimore County,2750,Baltimore County Precinct 02-008,424,2183,59,1755,117,84,2750,1.0,0.15418181818181817,0.7938181818181819,0.021454545454545455,0.030545454545454546,878,0.6381818181818182,0.042545454545454546,0.31927272727272726
1146,Baltimore County,1761,Baltimore County Precinct 03-014,1271,356,55,717,256,79,1761,1.0,0.7217490062464509,0.2021578648495173,0.031232254400908575,0.044860874503123226,788,0.4071550255536627,0.14537194775695628,0.44747302668938105
1147,Baltimore County,3988,Baltimore County Precinct 02-029,1361,2003,125,1543,194,499,3988,1.0,0.34127382146439317,0.5022567703109327,0.03134403209628887,0.12512537612838515,2251,0.3869107321965898,0.04864593781344032,0.5644433299899699
1148,Baltimore County,2503,Baltimore County Precinct 02-026,1337,838,71,1198,264,257,2503,1.0,0.5341590091889732,0.3347982421094686,0.02836596084698362,0.10267678785457451,1041,0.47862564922093487,0.10547343188174191,0.4159009188973232
1149,Baltimore County,4357,Baltimore County Precinct 04-001,2178,1442,330,1535,441,407,4357,1.0,0.4998852421390865,0.3309616708744549,0.0757401882028919,0.09341289878356668,2381,0.3523066330043608,0.10121643332568281,0.5464769336699564
1150,Baltimore County,4438,Baltimore County Precinct 02-015,1185,2644,138,2304,240,471,4438,1.0,0.26701216764308244,0.5957638575935106,0.031095087877422264,0.10612888688598468,1894,0.5191527715187021,0.054078413699864804,0.4267688147814331
1151,Baltimore County,4253,Baltimore County Precinct 04-002,1859,1521,481,1575,515,392,4253,1.0,0.4371032212555843,0.3576299083000235,0.11309663766752881,0.09217023277686338,2163,0.3703268281213261,0.12109099459205266,0.5085821772866213
1152,Baltimore County,6218,Baltimore County Precinct 04-014,2105,2762,773,1409,223,578,6218,1.0,0.3385332904470891,0.44419427468639433,0.12431650048247024,0.09295593438404631,4586,0.22660019298809908,0.03586362174332583,0.7375361852685751
1153,Baltimore County,2859,Baltimore County Precinct 03-012,1558,961,148,1167,299,192,2859,1.0,0.5449457852395942,0.3361315145155649,0.051766351871283665,0.06715634837355719,1393,0.40818467995802726,0.10458202168590416,0.48723329835606854
1154,Baltimore County,3010,Baltimore County Precinct 04-003,2691,188,50,1440,808,81,3010,1.0,0.8940199335548172,0.06245847176079734,0.016611295681063124,0.026910299003322258,762,0.47840531561461797,0.26843853820598007,0.253156146179402
1155,Baltimore County,3867,Baltimore County Precinct 02-002,159,3495,116,1652,71,97,3867,1.0,0.041117145073700546,0.9038013964313422,0.029997414016033102,0.02508404447892423,2144,0.42720455133178176,0.018360486164985777,0.5544349625032324
1156,Baltimore County,3676,Baltimore County Precinct 02-004,165,3314,102,1611,71,95,3676,1.0,0.04488574537540805,0.9015233949945594,0.027747551686615888,0.025843307943416757,1994,0.4382480957562568,0.019314472252448315,0.5424374319912949
1157,Baltimore County,1730,Baltimore County Precinct 02-001,101,1562,34,1039,59,33,1730,1.0,0.05838150289017341,0.9028901734104047,0.019653179190751446,0.01907514450867052,632,0.6005780346820809,0.03410404624277456,0.3653179190751445
1158,Baltimore County,3654,Baltimore County Precinct 03-001,569,2958,48,2091,162,79,3654,1.0,0.15571975916803504,0.8095238095238095,0.013136288998357963,0.02162014230979748,1401,0.5722495894909688,0.04433497536945813,0.38341543513957305
1159,Baltimore County,1886,Baltimore County Precinct 03-004,949,706,101,1036,260,130,1886,1.0,0.5031813361611877,0.3743372216330859,0.0535524920466596,0.0689289501590668,590,0.5493107104984093,0.1378579003181336,0.31283138918345704
1160,Baltimore County,2455,Baltimore County Precinct 03-003,535,1747,91,1602,135,82,2455,1.0,0.21792260692464357,0.7116089613034623,0.03706720977596741,0.03340122199592668,718,0.6525458248472505,0.054989816700611,0.2924643584521385
1161,Baltimore County,3558,Baltimore County Precinct 03-005,2386,943,80,1481,403,149,3558,1.0,0.670601461495222,0.2650365373805509,0.022484541877459248,0.04187745924676785,1674,0.41624508150646433,0.11326587970770095,0.47048903878583476
1162,Baltimore County,2978,Baltimore County Precinct 03-002,1405,1280,183,1424,208,110,2978,1.0,0.4717931497649429,0.4298186702484889,0.06145063801208865,0.036937541974479515,1346,0.47817327065144394,0.06984553391537945,0.4519811954331766
1171,Baltimore County,1541,Baltimore County Precinct 02-019,893,522,56,453,502,70,1541,1.0,0.5794938351719663,0.33874107722258273,0.036340038935756006,0.045425048669695,586,0.29396495781959764,0.3257624918883842,0.3802725502920182
1172,Baltimore County,1285,Baltimore County Precinct 02-018,223,990,11,803,135,61,1285,1.0,0.1735408560311284,0.7704280155642024,0.008560311284046693,0.047470817120622566,347,0.6249027237354086,0.10505836575875487,0.27003891050583656
1173,Baltimore County,37,Baltimore County Precinct 02-022,11,24,2,26,4,0,37,1.0,0.2972972972972973,0.6486486486486487,0.05405405405405406,0.0,7,0.7027027027027027,0.10810810810810811,0.1891891891891892
1174,Baltimore County,823,Baltimore County Precinct 02-020,304,461,15,485,101,43,823,1.0,0.36938031591737547,0.560145808019441,0.018226002430133656,0.05224787363304982,237,0.5893074119076549,0.1227217496962333,0.28797083839611176
1175,Baltimore County,4946,Baltimore County Precinct 02-012,664,3997,109,2208,222,176,4946,1.0,0.13424989890820865,0.808127780024262,0.0220380105135463,0.03558431055398301,2516,0.44642135058633237,0.044884755357864944,0.5086938940558027
1176,Baltimore County,2695,Baltimore County Precinct 02-024,283,2260,55,1557,113,97,2695,1.0,0.10500927643784787,0.8385899814471243,0.02040816326530612,0.03599257884972171,1025,0.5777365491651206,0.04192949907235621,0.3803339517625232
1177,Baltimore County,1072,Baltimore County Precinct 02-021,779,242,15,403,481,36,1072,1.0,0.726679104477612,0.22574626865671643,0.013992537313432836,0.033582089552238806,188,0.37593283582089554,0.44869402985074625,0.17537313432835822
1178,Baltimore County,2206,Baltimore County Precinct 02-027,459,1450,68,1322,144,229,2206,1.0,0.20806890299184044,0.657298277425204,0.030825022665457842,0.10380779691749774,740,0.599274705349048,0.06527651858567543,0.3354487760652765
1179,Baltimore County,2838,Baltimore County Precinct 04-012,1667,838,101,2121,714,232,2838,1.0146743020758768,0.5873854827343199,0.2952783650458069,0.03558844256518675,0.0817477096546864,3,0.7473572938689218,0.25158562367864695,0.0010570824524312897
1180,Baltimore County,3497,Baltimore County Precinct 04-006,2072,878,321,1138,551,226,3497,1.0,0.5925078638833285,0.25107234772662285,0.09179296539891335,0.06462682299113526,1808,0.32542179010580496,0.15756362596511295,0.5170145839290821
1183,Baltimore County,4554,Baltimore County Precinct 04-007,2661,1238,353,1766,992,302,4554,1.0,0.5843214756258235,0.27184892402283706,0.07751427316644707,0.0663153271848924,1796,0.3877909530083443,0.2178304787000439,0.3943785682916118
1184,Baltimore County,2479,Baltimore County Precinct 04-010,1427,701,139,861,372,212,2479,1.0,0.5756353368293666,0.2827753126260589,0.056070996369503835,0.08551835417507059,1246,0.3473174667204518,0.1500605082694635,0.5026220250100847
1185,Baltimore County,4026,Baltimore County Precinct 04-008,3005,543,214,1278,1024,264,4026,1.0,0.7463984103328366,0.13487332339791355,0.053154495777446596,0.06557377049180328,1724,0.3174366616989568,0.25434674615002484,0.42821659215101837
1186,Baltimore County,1997,Baltimore County Precinct 04-009,1790,90,65,557,964,52,1997,1.0,0.8963445167751627,0.045067601402103155,0.03254882323485228,0.026039058587881823,476,0.2789183775663495,0.48272408612919376,0.2383575363044567
1194,Baltimore County,5767,Baltimore County Precinct 02-011,1008,4226,185,2133,248,348,5767,1.0,0.17478758453268597,0.7327900121380267,0.03207907057395526,0.06034333275533206,3386,0.3698630136986301,0.04300329460724814,0.5871336916941218
1195,Baltimore County,4341,Baltimore County Precinct 02-010,384,3649,133,2246,127,175,4341,1.0,0.0884588804422944,0.8405897258696153,0.030638101819857176,0.040313291868233125,1968,0.5173923059202948,0.029255931812946327,0.45335176226675883
1196,Baltimore County,3194,Baltimore County Precinct 02-017,337,2615,96,1648,95,146,3194,1.0,0.10551033187226048,0.8187226048841578,0.03005635566687539,0.045710707576706325,1451,0.5159674389480275,0.029743268628678772,0.4542892924232937
1197,Baltimore County,1512,Baltimore County Precinct 02-016,259,1154,26,890,74,73,1512,1.0,0.1712962962962963,0.7632275132275133,0.017195767195767195,0.04828042328042328,548,0.5886243386243386,0.04894179894179894,0.36243386243386244
1198,Baltimore County,3573,Baltimore County Precinct 02-013,562,2694,134,1896,155,183,3573,1.0,0.15729079205149735,0.7539882451721243,0.037503498460677305,0.051217464315701094,1522,0.5306465155331654,0.04338091239854464,0.42597257206829
1199,Baltimore County,3132,Baltimore County Precinct 02-003,421,2387,165,871,99,159,3132,1.0,0.13441890166028098,0.76213282247765,0.05268199233716475,0.05076628352490421,2162,0.2780970625798212,0.031609195402298854,0.69029374201788
1200,Baltimore County,3378,Baltimore County Precinct 02-006,350,2796,126,1789,109,106,3378,1.0,0.10361160449970397,0.827708703374778,0.037300177619893425,0.03137951450562463,1480,0.529603315571344,0.03226761397276495,0.43812907045589106
1350,Baltimore County,4946,Baltimore County Precinct 01-017,607,3096,355,2197,196,888,4946,1.0,0.12272543469470279,0.6259603720177922,0.07177517185604529,0.17953902143145978,2553,0.44419733117670845,0.03962798220784472,0.5161746866154469
1351,Baltimore County,3184,Baltimore County Precinct 01-012,2973,73,57,1281,1211,81,3184,1.0,0.9337311557788944,0.02292713567839196,0.017902010050251257,0.02543969849246231,692,0.4023241206030151,0.3803391959798995,0.21733668341708542
1352,Baltimore County,2703,Baltimore County Precinct 01-011,2226,170,66,1065,1034,241,2703,1.0,0.8235294117647058,0.06289308176100629,0.0244173140954495,0.08916019237883832,604,0.3940066592674806,0.38253792082870886,0.22345541990381057
1353,Baltimore County,2485,Baltimore County Precinct 01-013,2365,26,33,1204,937,61,2485,1.0,0.9517102615694165,0.010462776659959759,0.013279678068410463,0.02454728370221328,344,0.48450704225352115,0.37706237424547284,0.13843058350100604
1354,Baltimore County,3127,Baltimore County Precinct 01-010,2439,437,138,1298,824,113,3127,1.0,0.7799808122801407,0.13975055964182923,0.044131755676367124,0.03613687240166293,1005,0.41509433962264153,0.2635113527342501,0.3213943076431084
1355,Baltimore County,3549,Baltimore County Precinct 01-003,1415,1304,145,1626,463,685,3549,1.0,0.3987038602423218,0.36742744435052127,0.04085657931811778,0.19301211608903918,1460,0.45815722738799664,0.13045928430543816,0.41138348830656524
1356,Baltimore County,3716,Baltimore County Precinct 01-004,1339,1597,183,1876,483,597,3716,1.0,0.36033369214208827,0.4297631862217438,0.0492465016146394,0.16065662002152853,1357,0.5048439181916039,0.12997847147470398,0.3651776103336921
1357,Baltimore County,2265,Baltimore County Precinct 01-002,437,1438,119,978,135,271,2265,1.0,0.19293598233995585,0.634878587196468,0.052538631346578366,0.1196467991169978,1152,0.43178807947019865,0.059602649006622516,0.5086092715231788
1361,Baltimore County,5998,Baltimore County Precinct 01-014,3956,809,201,902,939,1032,5998,1.0,0.6595531843947983,0.13487829276425475,0.033511170390130046,0.17205735245081694,4157,0.1503834611537179,0.1565521840613538,0.6930643547849283
1362,Baltimore County,2893,Baltimore County Precinct 13-004,2610,109,45,745,1029,129,2893,1.0,0.9021776702385067,0.03767715174559281,0.015554787417905289,0.04459039059799516,1119,0.2575181472519876,0.3556861389561009,0.3867957137919115
1363,Baltimore County,3240,Baltimore County Precinct 13-003,2835,217,70,699,983,118,3240,1.0,0.875,0.0669753086419753,0.021604938271604937,0.03641975308641975,1558,0.21574074074074073,0.3033950617283951,0.4808641975308642
1364,Baltimore County,2641,Baltimore County Precinct 13-002,2319,76,42,552,644,204,2641,1.0,0.8780764861794774,0.02877697841726619,0.015903067020068155,0.07724346838318819,1445,0.20901173797803863,0.24384702764104507,0.5471412343809163
1365,Baltimore County,2840,Baltimore County Precinct 13-005,2397,272,52,756,1128,119,2840,1.0,0.8440140845070423,0.09577464788732394,0.018309859154929577,0.041901408450704225,956,0.2661971830985915,0.3971830985915493,0.33661971830985915
1366,Baltimore County,3604,Baltimore County Precinct 01-009,1703,1406,259,1104,494,236,3604,1.0,0.47253052164261933,0.39012208657047726,0.0718645948945616,0.06548279689234185,2006,0.30632630410654826,0.13706992230854606,0.5566037735849056
1367,Baltimore County,3870,Baltimore County Precinct 01-015,2674,622,91,1171,856,483,3870,1.0,0.6909560723514212,0.1607235142118863,0.023514211886304908,0.1248062015503876,1843,0.3025839793281654,0.22118863049095608,0.47622739018087856
1368,Baltimore County,2349,Baltimore County Precinct 01-007,1200,790,67,932,359,292,2349,1.0,0.5108556832694764,0.33631332481907195,0.02852277564921243,0.12430821626223926,1058,0.39676458067262665,0.1528309919114517,0.4504044274159217
1369,Baltimore County,4333,Baltimore County Precinct 01-008,3296,614,124,1525,919,299,4333,1.0,0.7606738979921532,0.14170320793907223,0.028617585968151397,0.06900530810062312,1889,0.35195015001153934,0.2120932379413801,0.4359566120470805
1370,Baltimore County,4435,Baltimore County Precinct 01-005,1415,2347,303,1934,382,370,4435,1.0,0.31905298759864714,0.5291995490417136,0.06832018038331454,0.0834272829763247,2119,0.43607666290868097,0.08613303269447577,0.4777903043968433
1371,Baltimore County,4619,Baltimore County Precinct 01-001,871,3333,201,2041,189,214,4619,1.0,0.1885689543191167,0.7215847586057588,0.04351591253518078,0.04633037453994371,2389,0.44187053474778093,0.0409179476077073,0.5172115176445118
1372,Baltimore County,4031,Baltimore County Precinct 01-006,733,3105,91,2300,180,102,4031,1.0,0.18184073430910444,0.7702803274621682,0.022575043413545028,0.025303894815182335,1551,0.5705780203423468,0.04465393202679236,0.3847680476308608
1373,Baltimore County,4012,Baltimore County Precinct 13-001,2036,724,170,759,541,1082,4012,1.0,0.5074775672981057,0.18045862412761715,0.0423728813559322,0.269690927218345,2712,0.18918245264207378,0.1348454636091725,0.6759720837487537
1374,Baltimore County,2661,Baltimore County Precinct 01-016,2481,106,33,1030,803,41,2661,1.0,0.9323562570462233,0.03983464862833521,0.012401352874859075,0.015407741450582487,828,0.38707252912438933,0.30176625328823753,0.3111612175873732
1708,Baltimore County,2385,Baltimore County Precinct 03-006,2216,82,38,1245,648,49,2385,1.0,0.929140461215933,0.034381551362683435,0.015932914046121592,0.020545073375262055,492,0.5220125786163522,0.27169811320754716,0.20628930817610064
1713,Baltimore County,3977,Baltimore County Precinct 03-007,3337,200,92,1656,1247,348,3977,1.0,0.8390746794065879,0.050289162685441285,0.023133014835302994,0.08750314307266784,1074,0.41639426703545385,0.3135529293437264,0.27005280362081974
1714,Baltimore County,3393,Baltimore County Precinct 03-011,2447,682,92,1574,548,172,3393,1.0,0.7211906867079281,0.20100206307102858,0.027114647804302977,0.05069260241674035,1271,0.46389625699970527,0.16150898909519598,0.3745947539050987
1715,Baltimore County,2089,Baltimore County Precinct 03-013,1842,61,37,874,627,149,2089,1.0,0.8817616084250838,0.02920057443752992,0.01771182383915749,0.07132599329822882,588,0.41838200095739586,0.30014360938247964,0.28147438966012445
1716,Baltimore County,2964,Baltimore County Precinct 03-010,2695,123,23,1673,685,123,2964,1.0,0.9092442645074224,0.04149797570850203,0.00775978407557355,0.04149797570850203,606,0.5644399460188934,0.23110661268556004,0.20445344129554655
1717,Baltimore County,1906,Baltimore County Precinct 08-008,1709,53,32,661,761,112,1906,1.0,0.8966421825813221,0.027806925498426022,0.016789087093389297,0.05876180482686254,484,0.34679958027282265,0.39926547743966423,0.2539349422875131
1718,Baltimore County,2959,Baltimore County Precinct 04-005,2071,526,151,1083,582,211,2959,1.0,0.6998986143967557,0.17776275768840824,0.051030753632984115,0.07130787428185198,1294,0.36600202771206486,0.19668807029401825,0.43730990199391684
1719,Baltimore County,3908,Baltimore County Precinct 04-004,2966,541,134,1733,860,267,3908,1.0,0.7589559877175026,0.13843398157625383,0.03428863868986694,0.06832139201637666,1315,0.44344933469805525,0.22006141248720573,0.336489252814739
1720,Baltimore County,533,Baltimore County Precinct 04-013,478,18,10,258,272,27,533,1.0,0.8968105065666041,0.03377110694183865,0.01876172607879925,0.05065666041275797,3,0.48405253283302063,0.5103189493433395,0.005628517823639775
1721,Baltimore County,433,Baltimore County Precinct 04-011,383,21,15,138,200,14,433,1.0,0.8845265588914549,0.04849884526558892,0.03464203233256351,0.03233256351039261,95,0.3187066974595843,0.4618937644341801,0.21939953810623555
1722,Baltimore County,685,Baltimore County Precinct 08-023,608,27,7,285,316,43,685,1.0,0.8875912408759125,0.03941605839416058,0.010218978102189781,0.06277372262773723,84,0.41605839416058393,0.46131386861313867,0.12262773722627737
1723,Baltimore County,510,Baltimore County Precinct 08-021,438,9,5,151,290,58,510,1.0,0.8588235294117647,0.01764705882352941,0.00980392156862745,0.11372549019607843,69,0.296078431372549,0.5686274509803921,0.13529411764705881
1724,Baltimore County,994,Baltimore County Precinct 08-024,886,18,15,308,595,75,994,1.0,0.8913480885311871,0.018108651911468814,0.015090543259557344,0.07545271629778671,91,0.30985915492957744,0.5985915492957746,0.09154929577464789
1725,Baltimore County,3725,Baltimore County Precinct 08-002,3308,67,62,809,1332,288,3725,1.0,0.8880536912751678,0.017986577181208052,0.01664429530201342,0.07731543624161073,1584,0.2171812080536913,0.35758389261744966,0.42523489932885905
