,COUNTY,VAP,NAME,WVAP,BVAP,HVAP,PRES12D,PRES12R,OVAP,TOT_VOTES,factor,WVAP_pct,BVAP_pct,HVAP_pct,OVAP_pct,PRES12None,PRES12D_pct,PRES12R_pct,PRES12None_pct
424,Baltimore County,2889,Baltimore County Precinct 11-019,2270,282,61,849,852,276,2889,1.0,0.7857390100380754,0.0976116303219107,0.021114572516441676,0.09553478712357218,1188,0.29387331256490135,0.2949117341640706,0.411214953271028
425,Baltimore County,4130,Baltimore County Precinct 14-003,2875,634,150,1016,524,471,4130,1.0,0.6961259079903148,0.15351089588377723,0.03631961259079903,0.11404358353510896,2590,0.2460048426150121,0.12687651331719127,0.6271186440677966
426,Baltimore County,1265,Baltimore County Precinct 11-013,891,162,54,347,318,158,1265,1.0,0.7043478260869566,0.12806324110671938,0.042687747035573126,0.12490118577075099,600,0.27430830039525694,0.25138339920948616,0.4743083003952569
427,Baltimore County,3157,Baltimore County Precinct 15-010,2444,510,102,975,697,101,3157,1.0,0.774152676591701,0.16154577130186887,0.03230915426037377,0.031992397846056383,1485,0.3088375039594552,0.22077922077922077,0.47038327526132406
428,Baltimore County,5523,Baltimore County Precinct 15-005,2822,1710,469,1731,879,522,5523,1.0,0.5109541915625566,0.309614340032591,0.08491761723700887,0.09451385116784357,2913,0.3134166214014123,0.15915263443780553,0.5274307441607822
429,Baltimore County,1411,Baltimore County Precinct 15-009,1311,38,28,360,569,34,1411,1.0,0.9291282778171509,0.026931254429482635,0.019844082211197732,0.024096385542168676,482,0.25513819985825653,0.40326009922041106,0.3416017009213324
430,Baltimore County,6204,Baltimore County Precinct 15-004,4276,1238,392,1476,952,298,6204,1.0,0.6892327530625403,0.19954867827208253,0.06318504190844616,0.04803352675693101,3776,0.2379110251450677,0.15344938749194068,0.6086395873629916
431,Baltimore County,3736,Baltimore County Precinct 11-012,3099,275,85,989,1367,277,3736,1.0,0.8294967880085653,0.07360813704496788,0.022751605995717343,0.07414346895074947,1380,0.2647216274089936,0.36589935760171305,0.3693790149892934
432,Baltimore County,2316,Baltimore County Precinct 11-007,1947,97,52,775,1027,220,2316,1.0,0.8406735751295337,0.041882556131260795,0.022452504317789293,0.09499136442141623,514,0.3346286701208981,0.4434369602763385,0.2219343696027634
433,Baltimore County,2818,Baltimore County Precinct 11-014,2465,96,55,742,1140,202,2818,1.0,0.8747338537970192,0.034066713981547196,0.019517388218594747,0.0716820440028389,936,0.26330731014904185,0.40454222853087296,0.3321504613200852
434,Baltimore County,2037,Baltimore County Precinct 11-006,1892,44,39,545,945,62,2037,1.0,0.9288168875797742,0.021600392734413353,0.01914580265095729,0.03043691703485518,547,0.26755031909671084,0.4639175257731959,0.26853215513009326
435,Baltimore County,3470,Baltimore County Precinct 11-022,2749,221,66,867,1233,434,3470,1.0,0.7922190201729107,0.06368876080691642,0.019020172910662825,0.1250720461095101,1370,0.24985590778097982,0.3553314121037464,0.39481268011527376
436,Baltimore County,2386,Baltimore County Precinct 11-005,1880,133,50,575,1098,323,2386,1.0,0.787929589270746,0.055741827326068735,0.020955574182732608,0.13537300922045264,713,0.240989103101425,0.46018440905280805,0.298826487845767
437,Baltimore County,4029,Baltimore County Precinct 11-003,3873,46,41,825,2457,69,4029,1.0,0.9612807148175726,0.011417225117895259,0.010176222387689253,0.01712583767684289,747,0.20476545048399106,0.6098287416232315,0.18540580789277736
438,Baltimore County,2502,Baltimore County Precinct 11-001,2338,40,30,719,1380,94,2502,1.0,0.9344524380495604,0.01598721023181455,0.011990407673860911,0.037569944044764186,403,0.2873701039168665,0.5515587529976019,0.16107114308553158
439,Baltimore County,300,Baltimore County Precinct 10-005,276,1,6,105,184,17,300,1.0,0.92,0.0033333333333333335,0.02,0.056666666666666664,11,0.35,0.6133333333333333,0.03666666666666667
440,Baltimore County,1364,Baltimore County Precinct 10-003,1284,11,25,412,875,44,1364,1.0,0.9413489736070382,0.008064516129032258,0.018328445747800588,0.03225806451612903,77,0.3020527859237537,0.6414956011730205,0.056451612903225805
442,Baltimore County,3090,Baltimore County Precinct 11-002,2978,14,45,685,1640,53,3090,1.0,0.9637540453074434,0.004530744336569579,0.014563106796116505,0.01715210355987055,765,0.22168284789644013,0.5307443365695793,0.24757281553398058
445,Baltimore County,3678,Baltimore County Precinct 15-007,2778,748,78,1050,846,74,3678,1.0,0.7553017944535073,0.20337139749864055,0.021207177814029365,0.02011963023382273,1782,0.28548123980424145,0.2300163132137031,0.48450244698205547
446,Baltimore County,2060,Baltimore County Precinct 15-025,1956,44,30,583,1106,30,2060,1.0,0.9495145631067962,0.021359223300970873,0.014563106796116505,0.014563106796116505,371,0.2830097087378641,0.5368932038834952,0.18009708737864077
447,Baltimore County,3091,Baltimore County Precinct 15-008,2496,440,85,867,1001,70,3091,1.0,0.8075056615981883,0.1423487544483986,0.027499191200258816,0.022646392753154318,1223,0.28049175024263995,0.3238434163701068,0.39566483338725333
448,Baltimore County,2662,Baltimore County Precinct 15-006,2499,93,24,626,1311,46,2662,1.0,0.9387678437265214,0.03493613824192337,0.009015777610818933,0.01728024042073629,725,0.23516153268219384,0.49248685199098424,0.27235161532682195
449,Baltimore County,2544,Baltimore County Precinct 11-004,1999,204,52,631,867,289,2544,1.0,0.7857704402515723,0.08018867924528301,0.020440251572327043,0.11360062893081761,1046,0.24803459119496854,0.3408018867924528,0.4111635220125786
450,Baltimore County,133,Baltimore County Precinct 11-020,112,11,10,37,94,0,133,1.5232558139534884,0.8421052631578947,0.08270676691729323,0.07518796992481203,0.0,2,0.2781954887218045,0.706766917293233,0.015037593984962405
560,Baltimore County,3508,Baltimore County Precinct 15-022,3315,81,38,815,1279,74,3508,1.0,0.9449828962371721,0.023090079817559863,0.010832383124287344,0.021094640820980615,1414,0.2323261117445838,0.36459521094640823,0.403078677309008
561,Baltimore County,4160,Baltimore County Precinct 15-021,3797,226,43,1036,1577,94,4160,1.0,0.9127403846153846,0.05432692307692308,0.010336538461538461,0.022596153846153846,1547,0.24903846153846154,0.37908653846153845,0.371875
562,Baltimore County,4692,Baltimore County Precinct 15-020,4264,226,97,1065,1221,105,4692,1.0,0.9087809036658141,0.04816709292412617,0.020673486786018755,0.02237851662404092,2406,0.22698209718670076,0.260230179028133,0.5127877237851662
563,Baltimore County,2809,Baltimore County Precinct 15-015,2416,180,87,590,724,126,2809,1.0,0.8600925596297615,0.06407974368102527,0.03097187611249555,0.04485582057671769,1495,0.21003915984336063,0.2577429690281239,0.5322178711285155
564,Baltimore County,1897,Baltimore County Precinct 15-013,1758,41,30,457,694,68,1897,1.0,0.926726410121244,0.02161307327358988,0.0158144438587243,0.03584607274644175,746,0.24090669478123353,0.3658408012651555,0.39325250395361094
565,Baltimore County,2156,Baltimore County Precinct 15-012,1954,58,61,520,734,83,2156,1.0,0.9063079777365491,0.026901669758812616,0.02829313543599258,0.03849721706864564,902,0.24118738404452691,0.3404452690166976,0.41836734693877553
566,Baltimore County,3144,Baltimore County Precinct 15-016,2489,372,123,668,674,160,3144,1.0,0.7916666666666666,0.1183206106870229,0.039122137404580155,0.05089058524173028,1802,0.21246819338422393,0.2143765903307888,0.5731552162849872
567,Baltimore County,3506,Baltimore County Precinct 15-017,1421,1699,274,1513,461,112,3506,1.0,0.40530519110096974,0.48459783228750714,0.07815173987450086,0.03194523673702225,1532,0.4315459212778095,0.13148887621220764,0.4369652025099829
568,Baltimore County,5453,Baltimore County Precinct 15-023,1748,3206,284,1857,223,215,5453,1.0,0.3205574912891986,0.5879332477535302,0.0520814230698698,0.03942783788740143,3373,0.3405464881716486,0.04089492022739776,0.6185585916009536
569,Baltimore County,975,Baltimore County Precinct 15-024,813,86,30,246,258,46,975,1.0,0.8338461538461538,0.0882051282051282,0.03076923076923077,0.04717948717948718,471,0.2523076923076923,0.26461538461538464,0.48307692307692307
570,Baltimore County,2919,Baltimore County Precinct 15-018,2086,569,156,798,866,108,2919,1.0,0.7146282973621103,0.19492977046933882,0.05344295991778006,0.03699897225077081,1255,0.2733812949640288,0.29667694415895857,0.4299417608770127
571,Baltimore County,3443,Baltimore County Precinct 15-019,3220,122,46,866,1538,55,3443,1.0,0.9352309032820215,0.03543421434795237,0.01336044147545745,0.01597444089456869,1039,0.2515248329944816,0.4467034562881208,0.3017717107173976
572,Baltimore County,1739,Baltimore County Precinct 15-026,1696,7,12,417,1045,24,1739,1.0,0.9752731454859115,0.0040253018976423235,0.006900517538815411,0.013801035077630822,277,0.23979298447383554,0.6009200690051754,0.15928694652098907
573,Baltimore County,2441,Baltimore County Precinct 12-012,2188,111,71,632,672,71,2441,1.0,0.8963539532978287,0.0454731667349447,0.029086439983613273,0.029086439983613273,1137,0.25891028267103644,0.2752970094223679,0.46579270790659566
577,Baltimore County,2668,Baltimore County Precinct 12-010,2310,161,108,724,531,89,2668,1.0,0.8658170914542729,0.0603448275862069,0.04047976011994003,0.03335832083958021,1413,0.27136431784107945,0.1990254872563718,0.5296101949025487
578,Baltimore County,2639,Baltimore County Precinct 12-008,2315,97,127,606,606,100,2639,1.0,0.8772262220538083,0.03675634710117469,0.04812428950359985,0.037893141341417205,1427,0.22963243652898827,0.22963243652898827,0.5407351269420235
579,Baltimore County,3982,Baltimore County Precinct 12-003,3387,171,238,805,935,186,3982,1.0,0.8505775991963838,0.042943244600703166,0.05976896032144651,0.0467101958814666,2242,0.20215971873430438,0.23480662983425415,0.5630336514314415
580,Baltimore County,3256,Baltimore County Precinct 12-002,2763,194,175,705,668,124,3256,1.0,0.8485872235872236,0.05958230958230958,0.05374692874692875,0.038083538083538086,1883,0.21652334152334152,0.20515970515970516,0.5783169533169533
587,Baltimore County,2846,Baltimore County Precinct 12-001,2343,167,229,613,684,107,2846,1.0,0.8232607167955025,0.058678847505270554,0.08046380885453268,0.03759662684469431,1549,0.21539002108222066,0.24033731553056922,0.5442726633872101
588,Baltimore County,4204,Baltimore County Precinct 12-007,3764,242,92,958,990,106,4204,1.0,0.8953377735490009,0.05756422454804948,0.021883920076117985,0.02521408182683159,2256,0.22787821122740248,0.23549000951474786,0.5366317792578497
589,Baltimore County,3540,Baltimore County Precinct 12-006,2774,426,108,833,586,232,3540,1.0,0.7836158192090396,0.12033898305084746,0.030508474576271188,0.0655367231638418,2121,0.23531073446327683,0.1655367231638418,0.5991525423728814
590,Baltimore County,3308,Baltimore County Precinct 12-005,2994,128,73,760,881,113,3308,1.0,0.9050785973397824,0.03869407496977025,0.022067714631197097,0.034159613059250304,1667,0.22974607013301088,0.2663240628778718,0.5039298669891172
591,Baltimore County,4898,Baltimore County Precinct 12-004,4398,213,135,920,1150,152,4898,1.0,0.897917517354022,0.04348713760718661,0.027562270314414047,0.0310330747243773,2828,0.18783176806859944,0.23478971008574928,0.5773785218456513
592,Baltimore County,2424,Baltimore County Precinct 15-001,1845,175,303,537,322,101,2424,1.0,0.7611386138613861,0.0721947194719472,0.125,0.041666666666666664,1565,0.22153465346534654,0.13283828382838284,0.6456270627062707
593,Baltimore County,3263,Baltimore County Precinct 15-002,2829,174,120,736,985,140,3263,1.0,0.8669935642047196,0.05332516089488201,0.03677597303095311,0.04290530186944529,1542,0.2255593012565124,0.3018694452957401,0.4725712534477475
594,Baltimore County,1177,Baltimore County Precinct 15-014,1054,43,43,226,351,37,1177,1.0,0.8954970263381479,0.03653355989804588,0.03653355989804588,0.03143585386576041,600,0.19201359388275277,0.2982158028887001,0.5097706032285472
611,Baltimore County,1456,Baltimore County Precinct 12-009,1157,154,73,295,230,72,1456,1.0,0.7946428571428571,0.10576923076923077,0.05013736263736264,0.04945054945054945,931,0.2026098901098901,0.15796703296703296,0.6394230769230769
612,Baltimore County,4122,Baltimore County Precinct 12-011,3270,565,128,932,727,159,4122,1.0,0.7933042212518195,0.13706938379427464,0.031052886948083454,0.03857350800582242,2463,0.22610383309073265,0.17637069383794274,0.5975254730713246
613,Baltimore County,1905,Baltimore County Precinct 12-013,167,1619,45,1013,21,74,1905,1.0,0.08766404199475065,0.8498687664041995,0.023622047244094488,0.03884514435695538,871,0.531758530183727,0.011023622047244094,0.45721784776902885
796,Baltimore County,1239,Baltimore County Precinct 13-006,980,160,46,318,340,53,1239,1.0,0.7909604519774012,0.129136400322841,0.03712671509281679,0.042776432606941084,581,0.2566585956416465,0.2744148506860371,0.4689265536723164
797,Baltimore County,2979,Baltimore County Precinct 13-007,1367,940,508,779,314,164,2979,1.0,0.4588788183954347,0.31554212823094996,0.1705270224907687,0.055052030882846596,1886,0.2614971466935213,0.10540449815374286,0.6330983551527358
798,Baltimore County,5380,Baltimore County Precinct 13-009,3849,930,400,1270,947,201,5380,1.0,0.7154275092936803,0.17286245353159851,0.07434944237918216,0.037360594795539034,3163,0.23605947955390336,0.17602230483271375,0.5879182156133829
804,Baltimore County,2262,Baltimore County Precinct 13-008,1953,62,144,494,703,103,2262,1.0,0.863395225464191,0.027409372236958444,0.0636604774535809,0.04553492484526967,1065,0.21839080459770116,0.3107869142351901,0.4708222811671088
823,Baltimore County,2920,Baltimore County Precinct 14-011,1954,629,201,883,643,136,2920,1.0,0.6691780821917809,0.21541095890410958,0.06883561643835616,0.04657534246575343,1394,0.3023972602739726,0.2202054794520548,0.4773972602739726
824,Baltimore County,2766,Baltimore County Precinct 14-007,2061,560,69,911,758,76,2766,1.0,0.745119305856833,0.2024584237165582,0.024945770065075923,0.0274765003615329,1097,0.32935647143890096,0.2740419378163413,0.39660159074475776
825,Baltimore County,3521,Baltimore County Precinct 14-008,1352,1989,57,1833,538,123,3521,1.0,0.38398182334564046,0.5648963362681056,0.016188582788980402,0.034933257597273504,1150,0.5205907412666856,0.15279750071002557,0.32661175802328885
829,Baltimore County,4086,Baltimore County Precinct 09-022,3162,628,100,1407,1171,196,4086,1.0,0.7738619676945668,0.15369554576603034,0.024473813020068527,0.047968673519334315,1508,0.3443465491923642,0.2865883504650025,0.3690651003426334
830,Baltimore County,2181,Baltimore County Precinct 14-012,1973,91,41,651,806,76,2181,1.0,0.9046309032553874,0.041723979825768,0.01879871618523613,0.03484640073360844,724,0.2984869325997249,0.3695552498853737,0.33195781751490144
831,Baltimore County,723,Baltimore County Precinct 14-014,485,179,19,224,154,40,723,1.0,0.6708160442600276,0.2475795297372061,0.02627939142461964,0.05532503457814661,345,0.30982019363762103,0.21300138312586445,0.47717842323651455
832,Baltimore County,3444,Baltimore County Precinct 14-006,2936,366,70,1149,1203,72,3444,1.0,0.8524970963995354,0.10627177700348432,0.02032520325203252,0.020905923344947737,1092,0.3336236933797909,0.34930313588850176,0.3170731707317073
833,Baltimore County,2262,Baltimore County Precinct 14-001,2044,93,43,668,862,82,2262,1.0,0.9036251105216623,0.04111405835543767,0.01900972590627763,0.036251105216622455,732,0.2953138815207781,0.381078691423519,0.32360742705570295
834,Baltimore County,2561,Baltimore County Precinct 14-010,1869,473,102,910,717,117,2561,1.0,0.7297930495900039,0.18469347910972275,0.03982819211245607,0.04568527918781726,934,0.3553299492385787,0.27996876220226474,0.36470128855915657
835,Baltimore County,4471,Baltimore County Precinct 14-009,1738,2050,363,1687,598,320,4471,1.0,0.38872735405949455,0.4585104003578618,0.08118989040483113,0.07157235517781257,2186,0.3773205099530306,0.13375083873853724,0.4889286513084321
836,Baltimore County,1191,Baltimore County Precinct 14-005,540,395,63,317,126,193,1191,1.0,0.4534005037783375,0.3316540722082284,0.05289672544080604,0.16204869857262805,748,0.2661628883291352,0.10579345088161209,0.6280436607892528
837,Baltimore County,2619,Baltimore County Precinct 11-016,1527,601,149,735,361,342,2619,1.0,0.5830469644902635,0.22947689957999237,0.056891943489881636,0.13058419243986255,1523,0.2806414662084765,0.13783886979763268,0.5815196639938908
838,Baltimore County,4063,Baltimore County Precinct 14-002,2593,758,107,1263,1108,605,4063,1.0,0.6381983755845434,0.18656165395028304,0.026335220280580853,0.14890475018459268,1692,0.3108540487324637,0.2727048978587251,0.4164410534088112
839,Baltimore County,3933,Baltimore County Precinct 11-011,2948,453,97,1095,1182,435,3933,1.0,0.7495550470378846,0.11517925247902365,0.024663107042969742,0.11060259344012205,1656,0.2784134248665141,0.3005339435545385,0.42105263157894735
840,Baltimore County,3413,Baltimore County Precinct 09-023,2320,686,146,1106,930,261,3413,1.0,0.6797538822150601,0.20099619103428068,0.042777615001464986,0.07647231174919426,1377,0.32405508350424844,0.2724875476120715,0.40345736888368006
841,Baltimore County,2956,Baltimore County Precinct 09-025,2214,406,82,899,776,254,2956,1.0,0.7489851150202977,0.13734776725304465,0.02774018944519621,0.08592692828146144,1281,0.30412719891745604,0.2625169147496617,0.4333558863328823
842,Baltimore County,2895,Baltimore County Precinct 11-009,2192,357,98,855,831,248,2895,1.0,0.7571675302245251,0.12331606217616581,0.03385146804835924,0.08566493955094992,1209,0.29533678756476683,0.28704663212435233,0.41761658031088084
843,Baltimore County,3895,Baltimore County Precinct 09-024,3019,460,73,1314,1240,343,3895,1.0,0.7750962772785622,0.11810012836970475,0.018741976893453145,0.08806161745827984,1341,0.3373555840821566,0.31835686777920413,0.34428754813863927
844,Baltimore County,3694,Baltimore County Precinct 11-015,3631,16,14,655,942,33,3694,1.0,0.9829453167298322,0.004331348132106118,0.003789929615592853,0.008933405522468869,2097,0.1773145641580942,0.2550081212777477,0.567677314564158
845,Baltimore County,731,Baltimore County Precinct 11-021,560,77,22,249,197,72,731,1.0,0.7660738714090287,0.10533515731874145,0.030095759233926128,0.09849521203830369,285,0.34062927496580025,0.2694938440492476,0.3898768809849521
846,Baltimore County,2824,Baltimore County Precinct 11-008,2388,150,47,616,885,239,2824,1.0,0.8456090651558074,0.05311614730878187,0.016643059490084985,0.08463172804532577,1323,0.21813031161473087,0.313385269121813,0.4684844192634561
847,Baltimore County,3720,Baltimore County Precinct 11-010,2780,490,87,1027,938,363,3720,1.0,0.7473118279569892,0.13172043010752688,0.02338709677419355,0.09758064516129032,1755,0.2760752688172043,0.2521505376344086,0.4717741935483871
848,Baltimore County,1942,Baltimore County Precinct 11-018,1553,125,56,623,979,208,1942,1.0,0.7996910401647785,0.06436663233779609,0.028836251287332648,0.10710607621009269,340,0.3208032955715757,0.504119464469619,0.17507723995880536
849,Baltimore County,3460,Baltimore County Precinct 11-017,2820,265,62,1016,1263,313,3460,1.0,0.815028901734104,0.07658959537572255,0.017919075144508672,0.09046242774566474,1181,0.29364161849710985,0.36502890173410407,0.34132947976878614
850,Baltimore County,2630,Baltimore County Precinct 15-003,2325,182,40,645,936,83,2630,1.0,0.8840304182509505,0.06920152091254753,0.015209125475285171,0.03155893536121673,1049,0.24524714828897337,0.355893536121673,0.3988593155893536
851,Baltimore County,3634,Baltimore County Precinct 14-013,1814,1130,267,1134,893,423,3634,1.0,0.4991744634012108,0.3109521188772702,0.07347275729223995,0.11640066042927903,1607,0.3120528343423225,0.2457347275729224,0.4422124380847551
852,Baltimore County,3333,Baltimore County Precinct 15-011,2680,416,108,942,785,129,3333,1.0,0.804080408040804,0.12481248124812482,0.032403240324032405,0.0387038703870387,1606,0.2826282628262826,0.23552355235523553,0.48184818481848185
853,Baltimore County,343,Baltimore County Precinct 14-004,274,35,9,147,135,25,343,1.0,0.7988338192419825,0.10204081632653061,0.026239067055393587,0.0728862973760933,61,0.42857142857142855,0.3935860058309038,0.17784256559766765
965,Baltimore County,3555,Baltimore County Precinct 08-011,2068,458,346,875,658,683,3555,1.0,0.5817158931082982,0.1288326300984529,0.09732770745428973,0.19212376933895922,2022,0.24613220815752462,0.1850914205344585,0.5687763713080168
966,Baltimore County,2505,Baltimore County Precinct 08-006,1379,350,218,895,304,558,2505,1.0,0.550499001996008,0.13972055888223553,0.08702594810379241,0.22275449101796407,1306,0.35728542914171657,0.12135728542914172,0.5213572854291417
967,Baltimore County,1757,Baltimore County Precinct 08-003,1549,38,39,608,695,131,1757,1.0,0.8816163915765509,0.021627774615822423,0.0221969265793967,0.07455890722822994,454,0.34604439385315877,0.3955606146841207,0.25839499146272055
968,Baltimore County,2017,Baltimore County Precinct 08-022,1757,19,18,784,885,223,2017,1.0,0.8710956866633615,0.009419930589985127,0.008924144769459593,0.11056023797719385,348,0.3886960832920178,0.43877045116509666,0.17253346554288548
969,Baltimore County,2489,Baltimore County Precinct 08-001,2208,107,48,835,1192,126,2489,1.0,0.8871032543190036,0.042989152269987944,0.019284853354760947,0.05062274005624749,462,0.33547609481719565,0.4789071916432302,0.18561671353957412
970,Baltimore County,1888,Baltimore County Precinct 08-025,1659,61,35,553,768,133,1888,1.0,0.878707627118644,0.0323093220338983,0.018538135593220338,0.0704449152542373,567,0.2929025423728814,0.4067796610169492,0.3003177966101695
971,Baltimore County,2437,Baltimore County Precinct 08-004,2117,53,55,874,1232,212,2437,1.0,0.8686910135412392,0.021748050882232254,0.02256873204759951,0.08699220352892902,331,0.35863766926549034,0.5055395978662289,0.13582273286828067
972,Baltimore County,1477,Baltimore County Precinct 10-002,1372,10,25,467,896,70,1477,1.0,0.9289099526066351,0.006770480704129994,0.016926201760324982,0.04739336492890995,114,0.3161814488828707,0.6066350710900474,0.07718348002708192
973,Baltimore County,1876,Baltimore County Precinct 10-004,1797,14,22,517,1153,43,1876,1.0,0.9578891257995735,0.007462686567164179,0.011727078891257996,0.022921108742004266,206,0.2755863539445629,0.6146055437100213,0.10980810234541578
974,Baltimore County,3018,Baltimore County Precinct 10-001,2857,49,46,916,1695,66,3018,1.0,0.9466534128561962,0.016235917826375082,0.015241882041086813,0.02186878727634195,407,0.3035122597746852,0.5616302186878728,0.13485752153744202
975,Baltimore County,3508,Baltimore County Precinct 05-001,3315,53,77,922,1844,63,3508,1.0,0.9449828962371721,0.015108323831242873,0.02194982896237172,0.01795895096921323,742,0.2628278221208666,0.5256556442417332,0.21151653363740022
976,Baltimore County,1975,Baltimore County Precinct 06-001,1875,41,18,503,1073,41,1975,1.0,0.9493670886075949,0.020759493670886076,0.009113924050632912,0.020759493670886076,399,0.25468354430379747,0.5432911392405063,0.2020253164556962
977,Baltimore County,2338,Baltimore County Precinct 06-002,2220,41,30,599,1268,47,2338,1.0,0.9495295124037639,0.017536355859709155,0.01283147989734816,0.020102651839178785,471,0.25620188195038496,0.542343883661249,0.20145423438836613
978,Baltimore County,2472,Baltimore County Precinct 07-003,2274,95,38,741,1309,65,2472,1.0,0.9199029126213593,0.03843042071197411,0.015372168284789644,0.026294498381877023,422,0.29975728155339804,0.5295307443365695,0.17071197411003236
979,Baltimore County,1071,Baltimore County Precinct 07-002,1032,12,6,281,626,21,1071,1.0,0.9635854341736695,0.011204481792717087,0.0056022408963585435,0.0196078431372549,164,0.2623716153127918,0.5845004668534081,0.1531279178338002
980,Baltimore County,3153,Baltimore County Precinct 07-001,2987,61,47,776,1731,58,3153,1.0,0.9473517285125278,0.01934665398033619,0.014906438312718047,0.018395179194418014,646,0.24611481129083412,0.5490009514747859,0.20488423723437996
989,Baltimore County,3836,Baltimore County Precinct 09-020,464,3064,142,1890,90,166,3836,1.0,0.12095933263816476,0.7987486965589156,0.0370177267987487,0.043274244004171014,1856,0.4927007299270073,0.02346193952033368,0.48383733055265904
990,Baltimore County,2342,Baltimore County Precinct 09-028,897,1264,113,1151,183,68,2342,1.0,0.38300597779675494,0.5397096498719044,0.04824935952177626,0.029035012809564473,1008,0.4914602903501281,0.07813834329632792,0.430401366353544
991,Baltimore County,2528,Baltimore County Precinct 09-019,1774,492,100,1011,610,162,2528,1.0,0.7017405063291139,0.19462025316455697,0.03955696202531646,0.06408227848101265,907,0.3999208860759494,0.2412974683544304,0.3587816455696203
996,Baltimore County,3661,Baltimore County Precinct 09-021,3095,342,92,1145,1153,132,3661,1.0,0.8453974323955203,0.09341709915323682,0.025129745971046162,0.036055722480196666,1363,0.3127560775744332,0.31494127287626333,0.3723026495493035
997,Baltimore County,2909,Baltimore County Precinct 09-029,2172,442,98,339,62,197,2909,1.0,0.7466483327603988,0.1519422481952561,0.03368855276727398,0.06772086627707116,2508,0.1165348917153661,0.02131316603643864,0.8621519422481952
998,Baltimore County,2194,Baltimore County Precinct 09-012,1804,90,81,764,515,219,2194,1.0,0.8222424794895169,0.04102096627164995,0.03691886964448496,0.09981768459434823,915,0.3482224247948952,0.23473108477666363,0.4170464904284412
999,Baltimore County,2160,Baltimore County Precinct 09-007,1829,60,68,784,1038,203,2160,1.0,0.8467592592592592,0.027777777777777776,0.03148148148148148,0.09398148148148149,338,0.362962962962963,0.48055555555555557,0.15648148148148147
1000,Baltimore County,2993,Baltimore County Precinct 09-011,2118,525,116,1007,515,234,2993,1.0,0.707651186100902,0.17540928833945874,0.03875709989976612,0.07818242565987303,1471,0.3364517206815904,0.17206815903775477,0.49148012028065485
1001,Baltimore County,5056,Baltimore County Precinct 09-010,3865,608,158,1484,887,425,5056,1.0,0.7644382911392406,0.12025316455696203,0.03125,0.08405854430379747,2685,0.2935126582278481,0.17543512658227847,0.5310522151898734
1002,Baltimore County,1644,Baltimore County Precinct 08-015,1440,16,69,654,745,119,1644,1.0,0.8759124087591241,0.009732360097323601,0.041970802919708027,0.07238442822384428,245,0.3978102189781022,0.45316301703163014,0.14902676399026765
1003,Baltimore County,1925,Baltimore County Precinct 08-014,1650,79,43,745,920,153,1925,1.0,0.8571428571428571,0.04103896103896104,0.022337662337662337,0.07948051948051948,260,0.38701298701298703,0.4779220779220779,0.13506493506493505
1004,Baltimore County,2163,Baltimore County Precinct 08-012,1905,30,31,890,1236,197,2163,1.0,0.8807212205270458,0.013869625520110958,0.014331946370781322,0.09107720758206195,37,0.4114655570966251,0.5714285714285714,0.017105871474803514
1005,Baltimore County,5466,Baltimore County Precinct 08-005,3011,1565,359,1248,539,531,5466,1.0,0.5508598609586535,0.2863154043175997,0.06567874130991584,0.09714599341383096,3679,0.2283205268935236,0.09860958653494328,0.6730698865715331
1006,Baltimore County,1075,Baltimore County Precinct 09-016,915,79,37,454,389,44,1075,1.0,0.8511627906976744,0.07348837209302325,0.03441860465116279,0.04093023255813953,232,0.4223255813953488,0.36186046511627906,0.2158139534883721
1007,Baltimore County,1627,Baltimore County Precinct 09-017,1118,309,66,648,352,134,1627,1.0,0.6871542716656422,0.189920098340504,0.040565457897971724,0.08236017209588199,627,0.39827904118008606,0.21634910878918254,0.38537185003073143
1008,Baltimore County,26,Baltimore County Precinct 09-027,20,6,0,10,5,0,26,1.0,0.7692307692307693,0.23076923076923078,0.0,0.0,11,0.38461538461538464,0.19230769230769232,0.4230769230769231
1009,Baltimore County,2576,Baltimore County Precinct 09-018,1975,375,100,959,667,126,2576,1.0,0.7666925465838509,0.1455745341614907,0.03881987577639751,0.04891304347826087,950,0.37228260869565216,0.25892857142857145,0.3687888198757764
1010,Baltimore County,1631,Baltimore County Precinct 09-009,1412,30,35,602,848,154,1631,1.0,0.8657265481299816,0.018393623543838136,0.02145922746781116,0.0944206008583691,181,0.36909871244635195,0.5199264255058247,0.11097486204782342
1011,Baltimore County,1132,Baltimore County Precinct 09-026,975,36,7,450,476,114,1132,1.0,0.8613074204946997,0.03180212014134275,0.006183745583038869,0.10070671378091872,206,0.39752650176678445,0.4204946996466431,0.18197879858657243
1012,Baltimore County,1592,Baltimore County Precinct 09-008,1465,25,20,614,831,82,1592,1.0,0.9202261306532663,0.015703517587939697,0.01256281407035176,0.05150753768844221,147,0.38567839195979897,0.5219849246231156,0.09233668341708542
1013,Baltimore County,2194,Baltimore County Precinct 08-007,1336,264,257,725,550,337,2194,1.0,0.6089334548769371,0.1203281677301732,0.11713764813126709,0.1536007292616226,919,0.33044667274384687,0.2506836827711942,0.418869644484959
1021,Baltimore County,3216,Baltimore County Precinct 09-003,2807,101,104,1606,919,204,3216,1.0,0.8728233830845771,0.03140547263681592,0.03233830845771144,0.06343283582089553,691,0.4993781094527363,0.2857587064676617,0.21486318407960198
1022,Baltimore County,3358,Baltimore County Precinct 03-008,2894,192,42,1371,863,230,3358,1.0,0.8618225134008338,0.05717689100655152,0.012507444907683145,0.0684931506849315,1124,0.40827873734365694,0.25699821322215605,0.334723049434187
1023,Baltimore County,2600,Baltimore County Precinct 09-001,2400,52,31,1019,1076,117,2600,1.0,0.9230769230769231,0.02,0.011923076923076923,0.045,505,0.39192307692307693,0.41384615384615386,0.19423076923076923
1024,Baltimore County,2246,Baltimore County Precinct 08-017,2079,47,31,719,930,89,2246,1.0,0.9256455921638468,0.020926090828138913,0.013802315227070348,0.0396260017809439,597,0.3201246660730187,0.41406945681211044,0.26580587711487086
1025,Baltimore County,879,Baltimore County Precinct 08-018,784,4,19,324,494,72,879,1.0,0.8919226393629124,0.004550625711035267,0.02161547212741752,0.08191126279863481,61,0.36860068259385664,0.5620022753128555,0.06939704209328783
1026,Baltimore County,2530,Baltimore County Precinct 08-019,2247,22,33,747,1179,228,2530,1.0,0.8881422924901186,0.008695652173913044,0.013043478260869565,0.09011857707509881,604,0.29525691699604745,0.4660079051383399,0.23873517786561266
1027,Baltimore County,2751,Baltimore County Precinct 08-009,2153,43,56,910,1274,499,2751,1.0,0.7826245001817521,0.015630679752817157,0.020356234096692113,0.18138858596873864,567,0.33078880407124683,0.4631043256997455,0.20610687022900764
1028,Baltimore County,2173,Baltimore County Precinct 08-010,1965,30,37,714,1069,141,2173,1.0,0.9042797975149562,0.013805798435342844,0.017027151403589506,0.06488725264611137,390,0.32857800276115967,0.49194661757938335,0.17947537965945698
1029,Baltimore County,1707,Baltimore County Precinct 08-020,1487,46,32,495,616,142,1707,1.0,0.8711189220855302,0.026947861745752782,0.018746338605741066,0.08318687756297598,596,0.28998242530755713,0.36086701816051553,0.34915055653192734
1030,Baltimore County,1541,Baltimore County Precinct 09-002,1463,16,19,582,773,43,1541,1.0,0.9493835171966256,0.010382868267358857,0.012329656067488644,0.027903958468526932,186,0.3776768332251785,0.5016223231667748,0.12070084360804673
1031,Baltimore County,4116,Baltimore County Precinct 09-004,3440,330,109,864,630,237,4116,1.0,0.8357628765792031,0.08017492711370262,0.026482021379980562,0.0575801749271137,2622,0.2099125364431487,0.15306122448979592,0.6370262390670554
1032,Baltimore County,3650,Baltimore County Precinct 09-005,3293,142,57,1343,1118,158,3650,1.0,0.9021917808219178,0.03890410958904109,0.015616438356164384,0.04328767123287671,1189,0.36794520547945203,0.3063013698630137,0.32575342465753426
1033,Baltimore County,6430,Baltimore County Precinct 09-006,4497,1173,360,995,652,400,6430,1.0,0.6993779160186625,0.18242612752721618,0.05598755832037325,0.06220839813374806,4783,0.1547433903576983,0.10139968895800933,0.7438569206842924
1034,Baltimore County,621,Baltimore County Precinct 08-016,526,29,11,295,231,55,621,1.0,0.8470209339774557,0.04669887278582931,0.017713365539452495,0.08856682769726248,95,0.4750402576489533,0.3719806763285024,0.1529790660225443
1035,Baltimore County,2667,Baltimore County Precinct 08-013,2348,46,75,899,1168,198,2667,1.0,0.880389951256093,0.01724784401949756,0.0281214848143982,0.07424071991001124,600,0.3370828646419198,0.43794525684289465,0.2249718785151856
1058,Baltimore County,2581,Baltimore County Precinct 09-014,1807,376,143,1297,427,255,2581,1.0,0.7001162340178225,0.14567996900426192,0.055404881828748545,0.09879891514916699,857,0.5025184037194885,0.1654397520340953,0.33204184424641614
1059,Baltimore County,2145,Baltimore County Precinct 09-013,2025,33,32,1139,746,55,2145,1.0,0.9440559440559441,0.015384615384615385,0.014918414918414918,0.02564102564102564,260,0.531002331002331,0.34778554778554777,0.12121212121212122
1065,Baltimore County,3415,Baltimore County Precinct 09-015,1933,1018,98,1291,501,366,3415,1.0,0.5660322108345535,0.2980966325036603,0.02869692532942899,0.10717423133235725,1623,0.3780380673499268,0.146705710102489,0.4752562225475842
1093,Baltimore County,4060,Baltimore County Precinct 03-009,2908,465,104,1624,785,583,4060,1.0,0.716256157635468,0.1145320197044335,0.02561576354679803,0.1435960591133005,1651,0.4,0.1933497536945813,0.40665024630541874
1138,Baltimore County,2293,Baltimore County Precinct 02-005,122,2036,53,1498,41,82,2293,1.0,0.053205407762756216,0.8879197557784562,0.02311382468382032,0.035761011774967294,754,0.6532926297426952,0.017880505887483647,0.32882686436982117
1139,Baltimore County,2631,Baltimore County Precinct 02-009,196,2213,105,1285,49,117,2631,1.0,0.07449638920562524,0.8411250475104523,0.039908779931584946,0.04446978335233751,1297,0.4884074496389206,0.01862409730140631,0.49296845305967313
1140,Baltimore County,3860,Baltimore County Precinct 02-014,432,3149,86,2236,105,193,3860,1.0,0.11191709844559586,0.8158031088082901,0.02227979274611399,0.05,1519,0.5792746113989637,0.027202072538860103,0.39352331606217616
1141,Baltimore County,623,Baltimore County Precinct 02-025,493,113,8,458,164,9,623,1.0761245674740485,0.7913322632423756,0.18138041733547353,0.012841091492776886,0.014446227929373997,1,0.7351524879614767,0.26324237560192615,0.0016051364365971107
1142,Baltimore County,398,Baltimore County Precinct 02-028,16,358,9,166,3,15,398,1.0,0.04020100502512563,0.8994974874371859,0.022613065326633167,0.03768844221105527,229,0.41708542713567837,0.007537688442211055,0.5753768844221105
1143,Baltimore County,2934,Baltimore County Precinct 02-007,310,2447,70,1484,46,107,2934,1.0,0.1056578050443081,0.8340149965916837,0.023858214042263123,0.03646898432174506,1404,0.5057941376959781,0.015678254942058625,0.4785276073619632
1144,Baltimore County,532,Baltimore County Precinct 02-023,170,347,7,319,71,8,532,1.0,0.31954887218045114,0.6522556390977443,0.013157894736842105,0.015037593984962405,142,0.599624060150376,0.13345864661654136,0.2669172932330827
1145,Baltimore County,2750,Baltimore County Precinct 02-008,424,2183,59,1843,116,84,2750,1.0,0.15418181818181817,0.7938181818181819,0.021454545454545455,0.030545454545454546,791,0.6701818181818182,0.04218181818181818,0.28763636363636363
1146,Baltimore County,1761,Baltimore County Precinct 03-014,1271,356,55,568,461,79,1761,1.0,0.7217490062464509,0.2021578648495173,0.031232254400908575,0.044860874503123226,732,0.3225440090857467,0.2617830777967064,0.41567291311754684
1147,Baltimore County,3988,Baltimore County Precinct 02-029,1361,2003,125,1529,241,499,3988,1.0,0.34127382146439317,0.5022567703109327,0.03134403209628887,0.12512537612838515,2218,0.3834002006018054,0.060431293881644935,0.5561685055165496
1148,Baltimore County,2503,Baltimore County Precinct 02-026,1337,838,71,1279,361,257,2503,1.0,0.5341590091889732,0.3347982421094686,0.02836596084698362,0.10267678785457451,863,0.5109868158210148,0.14422692768677586,0.34478625649220934
1149,Baltimore County,4357,Baltimore County Precinct 04-001,2178,1442,330,2087,666,407,4357,1.0,0.4998852421390865,0.3309616708744549,0.0757401882028919,0.09341289878356668,1604,0.47899931145283453,0.15285747073674547,0.36814321781042003
1150,Baltimore County,4438,Baltimore County Precinct 02-015,1185,2644,138,2287,218,471,4438,1.0,0.26701216764308244,0.5957638575935106,0.031095087877422264,0.10612888688598468,1933,0.5153222172149617,0.049121225777377195,0.4355565570076611
1151,Baltimore County,4253,Baltimore County Precinct 04-002,1859,1521,481,1781,605,392,4253,1.0,0.4371032212555843,0.3576299083000235,0.11309663766752881,0.09217023277686338,1867,0.4187632259581472,0.14225252762755702,0.4389842464142958
1152,Baltimore County,6218,Baltimore County Precinct 04-014,2105,2762,773,1647,252,578,6218,1.0,0.3385332904470891,0.44419427468639433,0.12431650048247024,0.09295593438404631,4319,0.2648761659697652,0.04052750080411708,0.6945963332261177
1153,Baltimore County,2859,Baltimore County Precinct 03-012,1558,961,148,1285,375,192,2859,1.0,0.5449457852395942,0.3361315145155649,0.051766351871283665,0.06715634837355719,1199,0.44945785239594266,0.1311647429171039,0.4193774046869535
1154,Baltimore County,3010,Baltimore County Precinct 04-003,2691,188,50,1429,1141,81,3010,1.0,0.8940199335548172,0.06245847176079734,0.016611295681063124,0.026910299003322258,440,0.47475083056478407,0.37906976744186044,0.1461794019933555
1155,Baltimore County,3867,Baltimore County Precinct 02-002,159,3495,116,2005,55,97,3867,1.0,0.041117145073700546,0.9038013964313422,0.029997414016033102,0.02508404447892423,1807,0.5184897853633308,0.014222911817946729,0.46728730281872255
1156,Baltimore County,3676,Baltimore County Precinct 02-004,165,3314,102,1974,60,95,3676,1.0,0.04488574537540805,0.9015233949945594,0.027747551686615888,0.025843307943416757,1642,0.5369967355821545,0.01632208922742111,0.4466811751904244
1157,Baltimore County,1730,Baltimore County Precinct 02-001,101,1562,34,1235,35,33,1730,1.0,0.05838150289017341,0.9028901734104047,0.019653179190751446,0.01907514450867052,460,0.7138728323699421,0.02023121387283237,0.2658959537572254
1158,Baltimore County,3654,Baltimore County Precinct 03-001,569,2958,48,2166,156,79,3654,1.0,0.15571975916803504,0.8095238095238095,0.013136288998357963,0.02162014230979748,1332,0.5927750410509032,0.042692939244663386,0.3645320197044335
1159,Baltimore County,1886,Baltimore County Precinct 03-004,949,706,101,1049,290,130,1886,1.0,0.5031813361611877,0.3743372216330859,0.0535524920466596,0.0689289501590668,547,0.556203605514316,0.1537645811240721,0.2900318133616119
1160,Baltimore County,2455,Baltimore County Precinct 03-003,535,1747,91,1588,130,82,2455,1.0,0.21792260692464357,0.7116089613034623,0.03706720977596741,0.03340122199592668,737,0.6468431771894094,0.05295315682281059,0.30020366598778003
1161,Baltimore County,3558,Baltimore County Precinct 03-005,2386,943,80,1605,487,149,3558,1.0,0.670601461495222,0.2650365373805509,0.022484541877459248,0.04187745924676785,1466,0.45109612141652616,0.13687464867903318,0.4120292299044407
1162,Baltimore County,2978,Baltimore County Precinct 03-002,1405,1280,183,1452,286,110,2978,1.0,0.4717931497649429,0.4298186702484889,0.06145063801208865,0.036937541974479515,1240,0.48757555406312963,0.09603760913364674,0.41638683680322364
1171,Baltimore County,1541,Baltimore County Precinct 02-019,893,522,56,437,425,70,1541,1.0,0.5794938351719663,0.33874107722258273,0.036340038935756006,0.045425048669695,679,0.2835820895522388,0.27579493835171964,0.4406229720960415
1172,Baltimore County,1285,Baltimore County Precinct 02-018,223,990,11,926,119,61,1285,1.0,0.1735408560311284,0.7704280155642024,0.008560311284046693,0.047470817120622566,240,0.7206225680933852,0.09260700389105059,0.1867704280155642
1173,Baltimore County,37,Baltimore County Precinct 02-022,11,24,2,25,4,0,37,1.0,0.2972972972972973,0.6486486486486487,0.05405405405405406,0.0,8,0.6756756756756757,0.10810810810810811,0.21621621621621623
1174,Baltimore County,823,Baltimore County Precinct 02-020,304,461,15,451,97,43,823,1.0,0.36938031591737547,0.560145808019441,0.018226002430133656,0.05224787363304982,275,0.5479951397326853,0.11786148238153099,0.33414337788578374
1175,Baltimore County,4946,Baltimore County Precinct 02-012,664,3997,109,2263,218,176,4946,1.0,0.13424989890820865,0.808127780024262,0.0220380105135463,0.03558431055398301,2465,0.4575414476344521,0.0440760210270926,0.49838253133845534
1176,Baltimore County,2695,Baltimore County Precinct 02-024,283,2260,55,1797,113,97,2695,1.0,0.10500927643784787,0.8385899814471243,0.02040816326530612,0.03599257884972171,785,0.6667903525046383,0.04192949907235621,0.2912801484230056
1177,Baltimore County,1072,Baltimore County Precinct 02-021,779,242,15,379,440,36,1072,1.0,0.726679104477612,0.22574626865671643,0.013992537313432836,0.033582089552238806,253,0.353544776119403,0.41044776119402987,0.23600746268656717
1178,Baltimore County,2206,Baltimore County Precinct 02-027,459,1450,68,1295,151,229,2206,1.0,0.20806890299184044,0.657298277425204,0.030825022665457842,0.10380779691749774,760,0.5870353581142339,0.06844968268359021,0.3445149592021759
1179,Baltimore County,2794,Baltimore County Precinct 04-012,1642,825,99,1622,623,228,2794,1.0,0.5876879026485325,0.2952755905511811,0.03543307086614173,0.0816034359341446,549,0.5805297065139585,0.22297780959198282,0.19649248389405868
1180,Baltimore County,3497,Baltimore County Precinct 04-006,2072,878,321,1289,677,226,3497,1.0,0.5925078638833285,0.25107234772662285,0.09179296539891335,0.06462682299113526,1531,0.36860165856448385,0.1935945095796397,0.43780383185587646
1183,Baltimore County,4554,Baltimore County Precinct 04-007,2661,1238,353,1841,1136,302,4554,1.0,0.5843214756258235,0.27184892402283706,0.07751427316644707,0.0663153271848924,1577,0.40425999121651296,0.2494510320597277,0.34628897672375936
1184,Baltimore County,2479,Baltimore County Precinct 04-010,1427,701,139,892,386,212,2479,1.0,0.5756353368293666,0.2827753126260589,0.056070996369503835,0.08551835417507059,1201,0.3598225090762404,0.15570794675272287,0.4844695441710367
1185,Baltimore County,4026,Baltimore County Precinct 04-008,3005,543,214,1544,1225,264,4026,1.0,0.7463984103328366,0.13487332339791355,0.053154495777446596,0.06557377049180328,1257,0.38350720317933434,0.3042722305017387,0.312220566318927
1186,Baltimore County,1997,Baltimore County Precinct 04-009,1790,90,65,595,923,52,1997,1.0,0.8963445167751627,0.045067601402103155,0.03254882323485228,0.026039058587881823,479,0.29794692038057086,0.46219328993490233,0.2398597896845268
1194,Baltimore County,5767,Baltimore County Precinct 02-011,1008,4226,185,2382,245,348,5767,1.0,0.17478758453268597,0.7327900121380267,0.03207907057395526,0.06034333275533206,3140,0.4130397086873591,0.04248309346280562,0.5444771978498353
1195,Baltimore County,4341,Baltimore County Precinct 02-010,384,3649,133,2440,115,175,4341,1.0,0.0884588804422944,0.8405897258696153,0.030638101819857176,0.040313291868233125,1786,0.562082469477079,0.026491591799124626,0.41142593872379635
1196,Baltimore County,3194,Baltimore County Precinct 02-017,337,2615,96,1674,88,146,3194,1.0,0.10551033187226048,0.8187226048841578,0.03005635566687539,0.045710707576706325,1432,0.5241077019411396,0.027551659361302442,0.4483406386975579
1197,Baltimore County,1512,Baltimore County Precinct 02-016,259,1154,26,945,76,73,1512,1.0,0.1712962962962963,0.7632275132275133,0.017195767195767195,0.04828042328042328,491,0.625,0.05026455026455026,0.3247354497354497
1198,Baltimore County,3573,Baltimore County Precinct 02-013,562,2694,134,2131,183,183,3573,1.0,0.15729079205149735,0.7539882451721243,0.037503498460677305,0.051217464315701094,1259,0.5964175762664428,0.051217464315701094,0.3523649594178561
1199,Baltimore County,3132,Baltimore County Precinct 02-003,421,2387,165,1288,103,159,3132,1.0,0.13441890166028098,0.76213282247765,0.05268199233716475,0.05076628352490421,1741,0.4112388250319285,0.032886334610472544,0.5558748403575989
1200,Baltimore County,3378,Baltimore County Precinct 02-006,350,2796,126,2045,97,106,3378,1.0,0.10361160449970397,0.827708703374778,0.037300177619893425,0.03137951450562463,1236,0.6053878034339846,0.028715216104203672,0.36589698046181174
1350,Baltimore County,4946,Baltimore County Precinct 01-017,607,3096,355,2326,170,888,4946,1.0,0.12272543469470279,0.6259603720177922,0.07177517185604529,0.17953902143145978,2450,0.4702790133441165,0.0343712090578245,0.49534977759805904
1351,Baltimore County,3184,Baltimore County Precinct 01-012,2973,73,57,1308,1247,81,3184,1.0,0.9337311557788944,0.02292713567839196,0.017902010050251257,0.02543969849246231,629,0.4108040201005025,0.39164572864321606,0.1975502512562814
1352,Baltimore County,2703,Baltimore County Precinct 01-011,2226,170,66,971,998,241,2703,1.0,0.8235294117647058,0.06289308176100629,0.0244173140954495,0.08916019237883832,734,0.3592304846466889,0.3692193858675546,0.2715501294857566
1353,Baltimore County,2485,Baltimore County Precinct 01-013,2365,26,33,1132,973,61,2485,1.0,0.9517102615694165,0.010462776659959759,0.013279678068410463,0.02454728370221328,380,0.45553319919517105,0.39154929577464787,0.1529175050301811
1354,Baltimore County,3127,Baltimore County Precinct 01-010,2439,437,138,1217,884,113,3127,1.0,0.7799808122801407,0.13975055964182923,0.044131755676367124,0.03613687240166293,1026,0.38919091781259996,0.28269907259354016,0.32811000959385994
1355,Baltimore County,3549,Baltimore County Precinct 01-003,1415,1304,145,1598,494,685,3549,1.0,0.3987038602423218,0.36742744435052127,0.04085657931811778,0.19301211608903918,1457,0.4502676810369118,0.1391941391941392,0.410538179768949
1356,Baltimore County,3716,Baltimore County Precinct 01-004,1339,1597,183,1539,458,597,3716,1.0,0.36033369214208827,0.4297631862217438,0.0492465016146394,0.16065662002152853,1719,0.41415500538213135,0.1232508073196986,0.4625941872981701
1357,Baltimore County,2265,Baltimore County Precinct 01-002,437,1438,119,1045,139,271,2265,1.0,0.19293598233995585,0.634878587196468,0.052538631346578366,0.1196467991169978,1081,0.4613686534216336,0.06136865342163356,0.47726269315673286
1361,Baltimore County,5998,Baltimore County Precinct 01-014,3956,809,201,861,1031,1032,5998,1.0,0.6595531843947983,0.13487829276425475,0.033511170390130046,0.17205735245081694,4106,0.14354784928309436,0.17189063021007003,0.6845615205068356
1362,Baltimore County,2893,Baltimore County Precinct 13-004,2610,109,45,815,1148,129,2893,1.0,0.9021776702385067,0.03767715174559281,0.015554787417905289,0.04459039059799516,930,0.2817144832353958,0.3968199101278949,0.3214656066367093
1363,Baltimore County,3240,Baltimore County Precinct 13-003,2835,217,70,859,1101,118,3240,1.0,0.875,0.0669753086419753,0.021604938271604937,0.03641975308641975,1280,0.26512345679012345,0.3398148148148148,0.3950617283950617
1364,Baltimore County,2641,Baltimore County Precinct 13-002,2319,76,42,575,722,204,2641,1.0,0.8780764861794774,0.02877697841726619,0.015903067020068155,0.07724346838318819,1344,0.21772056039379023,0.2733812949640288,0.508898144642181
1365,Baltimore County,2840,Baltimore County Precinct 13-005,2397,272,52,863,1161,119,2840,1.0,0.8440140845070423,0.09577464788732394,0.018309859154929577,0.041901408450704225,816,0.3038732394366197,0.40880281690140846,0.28732394366197184
1366,Baltimore County,3604,Baltimore County Precinct 01-009,1703,1406,259,1287,467,236,3604,1.0,0.47253052164261933,0.39012208657047726,0.0718645948945616,0.06548279689234185,1850,0.35710321864594896,0.12957824639289678,0.5133185349611543
1367,Baltimore County,3870,Baltimore County Precinct 01-015,2674,622,91,1193,865,483,3870,1.0,0.6909560723514212,0.1607235142118863,0.023514211886304908,0.1248062015503876,1812,0.3082687338501292,0.2235142118863049,0.4682170542635659
1368,Baltimore County,2349,Baltimore County Precinct 01-007,1200,790,67,891,337,292,2349,1.0,0.5108556832694764,0.33631332481907195,0.02852277564921243,0.12430821626223926,1121,0.3793103448275862,0.14346530438484462,0.4772243507875692
1369,Baltimore County,4333,Baltimore County Precinct 01-008,3296,614,124,1533,944,299,4333,1.0,0.7606738979921532,0.14170320793907223,0.028617585968151397,0.06900530810062312,1856,0.35379644588045234,0.2178629125317332,0.42834064158781443
1370,Baltimore County,4435,Baltimore County Precinct 01-005,1415,2347,303,2025,412,370,4435,1.0,0.31905298759864714,0.5291995490417136,0.06832018038331454,0.0834272829763247,1998,0.45659526493799324,0.09289740698985344,0.4505073280721533
1371,Baltimore County,4619,Baltimore County Precinct 01-001,871,3333,201,2421,182,214,4619,1.0,0.1885689543191167,0.7215847586057588,0.04351591253518078,0.04633037453994371,2016,0.5241394241177744,0.0394024680666811,0.4364581078155445
1372,Baltimore County,4031,Baltimore County Precinct 01-006,733,3105,91,2406,208,102,4031,1.0,0.18184073430910444,0.7702803274621682,0.022575043413545028,0.025303894815182335,1417,0.5968742247581246,0.05160009923096006,0.3515256760109154
1373,Baltimore County,4012,Baltimore County Precinct 13-001,2036,724,170,907,539,1082,4012,1.0,0.5074775672981057,0.18045862412761715,0.0423728813559322,0.269690927218345,2566,0.2260717846460618,0.13434695912263211,0.6395812562313061
1374,Baltimore County,2661,Baltimore County Precinct 01-016,2481,106,33,776,729,41,2661,1.0,0.9323562570462233,0.03983464862833521,0.012401352874859075,0.015407741450582487,1156,0.291619691845171,0.27395715896279593,0.43442314919203306
1708,Baltimore County,2385,Baltimore County Precinct 03-006,2216,82,38,1270,950,49,2385,1.0,0.929140461215933,0.034381551362683435,0.015932914046121592,0.020545073375262055,165,0.5324947589098532,0.39832285115303984,0.06918238993710692
1713,Baltimore County,3977,Baltimore County Precinct 03-007,3337,200,92,1309,1531,348,3977,1.0,0.8390746794065879,0.050289162685441285,0.023133014835302994,0.08750314307266784,1137,0.3291425697762132,0.38496354035705305,0.2858938898667337
1714,Baltimore County,3393,Baltimore County Precinct 03-011,2447,682,92,1644,710,172,3393,1.0,0.7211906867079281,0.20100206307102858,0.027114647804302977,0.05069260241674035,1039,0.484526967285588,0.20925434718538166,0.30621868552903037
1715,Baltimore County,2089,Baltimore County Precinct 03-013,1842,61,37,912,753,149,2089,1.0,0.8817616084250838,0.02920057443752992,0.01771182383915749,0.07132599329822882,424,0.4365725227381522,0.36045955002393487,0.20296792723791288
1716,Baltimore County,2964,Baltimore County Precinct 03-010,2695,123,23,1532,971,123,2964,1.0,0.9092442645074224,0.04149797570850203,0.00775978407557355,0.04149797570850203,461,0.5168690958164642,0.3275978407557355,0.15553306342780027
1717,Baltimore County,1906,Baltimore County Precinct 08-008,1709,53,32,666,903,112,1906,1.0,0.8966421825813221,0.027806925498426022,0.016789087093389297,0.05876180482686254,337,0.34942287513116477,0.4737670514165792,0.17681007345225602
1718,Baltimore County,2959,Baltimore County Precinct 04-005,2071,526,151,1160,717,211,2959,1.0,0.6998986143967557,0.17776275768840824,0.051030753632984115,0.07130787428185198,1082,0.39202433254477864,0.24231159175397093,0.3656640757012504
1719,Baltimore County,3908,Baltimore County Precinct 04-004,2966,541,134,1959,1169,267,3908,1.0,0.7589559877175026,0.13843398157625383,0.03428863868986694,0.06832139201637666,780,0.5012794268167861,0.2991299897645855,0.19959058341862845
1720,Baltimore County,533,Baltimore County Precinct 04-013,478,18,10,234,268,27,533,1.0,0.8968105065666041,0.03377110694183865,0.01876172607879925,0.05065666041275797,31,0.43902439024390244,0.5028142589118199,0.058161350844277676
1721,Baltimore County,433,Baltimore County Precinct 04-011,383,21,15,144,210,14,433,1.0,0.8845265588914549,0.04849884526558892,0.03464203233256351,0.03233256351039261,79,0.3325635103926097,0.48498845265588914,0.18244803695150116
1722,Baltimore County,685,Baltimore County Precinct 08-023,608,27,7,288,365,43,685,1.0,0.8875912408759125,0.03941605839416058,0.010218978102189781,0.06277372262773723,32,0.42043795620437957,0.5328467153284672,0.04671532846715328
1723,Baltimore County,510,Baltimore County Precinct 08-021,438,9,5,136,315,58,510,1.0,0.8588235294117647,0.01764705882352941,0.00980392156862745,0.11372549019607843,59,0.26666666666666666,0.6176470588235294,0.11568627450980393
1724,Baltimore County,994,Baltimore County Precinct 08-024,886,18,15,337,638,75,994,1.0,0.8913480885311871,0.018108651911468814,0.015090543259557344,0.07545271629778671,19,0.33903420523138833,0.641851106639839,0.019114688128772636
1725,Baltimore County,3725,Baltimore County Precinct 08-002,3308,67,62,847,1580,288,3725,1.0,0.8880536912751678,0.017986577181208052,0.01664429530201342,0.07731543624161073,1298,0.22738255033557048,0.42416107382550333,0.3484563758389262
