,COUNTY,VAP,NAME,WVAP,BVAP,HVAP,AG14PD_BFR,AG14PD_ABR,AG14PD_JCA,OVAP,TOT_VOTES,factor,WVAP_pct,BVAP_pct,HVAP_pct,OVAP_pct,AG14PDNone,AG14PD_BFR_pct,AG14PD_ABR_pct,AG14PD_JCA_pct,AG14PDNone_pct
0,Somerset,404,Somerset Precinct 02-001,324,74,2,8,9,21,4,404,1,0.801980198019802,0.18316831683168316,0.0049504950495049506,0.009900990099009901,366,0.019801980198019802,0.022277227722772276,0.05198019801980198,0.905940594059406
1,Somerset,726,Somerset Precinct 05-001,591,124,2,14,8,42,9,726,1,0.8140495867768595,0.17079889807162535,0.0027548209366391185,0.012396694214876033,662,0.01928374655647383,0.011019283746556474,0.05785123966942149,0.9118457300275482
2,Somerset,1165,Somerset Precinct 03-001,861,208,55,9,9,26,41,1165,1,0.7390557939914163,0.17854077253218884,0.04721030042918455,0.0351931330472103,1121,0.007725321888412017,0.007725321888412017,0.022317596566523604,0.9622317596566523
3,Somerset,217,Somerset Precinct 13-003,159,53,5,4,1,3,0,217,1,0.7327188940092166,0.24423963133640553,0.02304147465437788,0.0,209,0.018433179723502304,0.004608294930875576,0.013824884792626729,0.9631336405529954
4,Somerset,3664,Somerset Precinct 13-002,1072,2541,34,3,4,8,17,3664,1,0.2925764192139738,0.693504366812227,0.009279475982532752,0.004639737991266376,3649,0.0008187772925764192,0.001091703056768559,0.002183406113537118,0.9959061135371179
5,Somerset,151,Somerset Precinct 13-001,122,26,1,1,0,1,2,151,1,0.8079470198675497,0.17218543046357615,0.006622516556291391,0.013245033112582781,149,0.006622516556291391,0.0,0.006622516556291391,0.9867549668874173
6,Somerset,2355,Somerset Precinct 01-002,1257,928,129,22,28,50,41,2355,1,0.5337579617834395,0.3940552016985138,0.05477707006369427,0.01740976645435244,2255,0.009341825902335456,0.0118895966029724,0.021231422505307854,0.9575371549893843
7,Somerset,186,Somerset Precinct 01-003,56,99,16,2,2,11,15,186,1,0.3010752688172043,0.532258064516129,0.08602150537634409,0.08064516129032258,171,0.010752688172043012,0.010752688172043012,0.05913978494623656,0.9193548387096774
8,Somerset,1267,Somerset Precinct 15-002,234,950,37,4,21,18,46,1267,1,0.18468823993685873,0.749802683504341,0.02920284135753749,0.036306235201262825,1224,0.0031570639305445935,0.016574585635359115,0.014206787687450671,0.9660615627466457
9,Somerset,1039,Somerset Precinct 01-001,633,349,24,8,14,22,33,1039,1,0.6092396535129933,0.33589990375360923,0.023099133782483156,0.03176130895091434,995,0.007699711260827719,0.013474494706448507,0.021174205967276226,0.9576515880654476
10,Somerset,3771,Somerset Precinct 15-001,692,2874,91,5,11,14,114,3771,1,0.18350570140546274,0.762132060461416,0.02413153009811721,0.030230708035003977,3741,0.0013259082471492973,0.002916998143728454,0.0037125430920180325,0.9920445505171042
11,Worcester,2315,Worcester Precinct 01-001,1155,1077,30,55,45,101,53,2315,1,0.49892008639308855,0.4652267818574514,0.012958963282937365,0.022894168466522678,2114,0.023758099352051837,0.019438444924406047,0.04362850971922246,0.9131749460043197
12,Somerset,919,Somerset Precinct 04-001,711,170,8,8,6,12,30,919,1,0.7736670293797606,0.18498367791077258,0.008705114254624592,0.03264417845484222,893,0.008705114254624592,0.006528835690968444,0.013057671381936888,0.9717083786724701
13,Dorchester,70,Dorchester Precinct 18-001,65,0,0,1,0,5,5,70,1,0.9285714285714286,0.0,0.0,0.07142857142857142,64,0.014285714285714285,0.0,0.07142857142857142,0.9142857142857143
14,Dorchester,49,Dorchester Precinct 11-001,44,0,3,6,0,3,2,49,1,0.8979591836734694,0.0,0.061224489795918366,0.04081632653061224,40,0.12244897959183673,0.0,0.061224489795918366,0.8163265306122449
15,Dorchester,145,Dorchester Precinct 13-002,79,66,0,3,3,10,0,145,1,0.5448275862068965,0.45517241379310347,0.0,0.0,129,0.020689655172413793,0.020689655172413793,0.06896551724137931,0.8896551724137931
16,Dorchester,206,Dorchester Precinct 17-001,169,34,1,5,1,12,2,206,1,0.8203883495145631,0.1650485436893204,0.0048543689320388345,0.009708737864077669,188,0.024271844660194174,0.0048543689320388345,0.05825242718446602,0.912621359223301
17,Dorchester,63,Dorchester Precinct 14-002,39,22,1,2,4,1,1,63,1,0.6190476190476191,0.3492063492063492,0.015873015873015872,0.015873015873015872,56,0.031746031746031744,0.06349206349206349,0.015873015873015872,0.8888888888888888
18,Wicomico,1349,Wicomico Precinct 17-001,1025,279,22,24,19,47,23,1349,1,0.759822090437361,0.20681986656782803,0.01630837657524092,0.01704966641957005,1259,0.017790956263899184,0.014084507042253521,0.034840622683469234,0.933283914010378
19,Dorchester,308,Dorchester Precinct 03-001,274,30,2,13,6,14,2,308,1,0.8896103896103896,0.09740259740259741,0.006493506493506494,0.006493506493506494,275,0.04220779220779221,0.01948051948051948,0.045454545454545456,0.8928571428571429
20,Cecil,4593,Cecil Precinct 05-003,4361,81,64,98,17,84,87,4593,1,0.9494883518397561,0.017635532331809273,0.01393424776834313,0.018941868060091443,4394,0.021336816895275418,0.003701284563466144,0.018288700195950358,0.9566731983453081
21,Kent,1682,Kent Precinct 01-002,1494,76,88,41,6,53,24,1682,1,0.8882282996432818,0.04518430439952437,0.052318668252080855,0.014268727705112961,1582,0.02437574316290131,0.0035671819262782403,0.03151010701545779,0.9405469678953626
22,Cecil,2280,Cecil Precinct 02-001,2088,46,119,42,11,59,27,2280,1,0.9157894736842105,0.02017543859649123,0.052192982456140354,0.011842105263157895,2168,0.018421052631578946,0.004824561403508772,0.02587719298245614,0.9508771929824561
23,Cecil,2076,Cecil Precinct 02-002,1934,67,38,31,12,56,37,2076,1,0.9315992292870906,0.03227360308285164,0.018304431599229287,0.017822736030828516,1977,0.014932562620423893,0.005780346820809248,0.02697495183044316,0.9523121387283237
24,Cecil,4897,Cecil Precinct 05-002,4539,148,101,31,15,63,109,4897,1,0.9268940167449459,0.030222585256279355,0.02062487237083929,0.022258525627935472,4788,0.006330406371247703,0.00306309985705534,0.012865019399632428,0.9777414743720645
25,Cecil,3665,Cecil Precinct 09-001,3546,38,37,39,10,42,44,3665,1,0.9675306957708049,0.010368349249658937,0.010095497953615279,0.012005457025920874,3574,0.010641200545702592,0.002728512960436562,0.01145975443383356,0.9751705320600272
26,Cecil,2554,Cecil Precinct 05-004,2220,192,64,31,13,49,78,2554,1,0.8692247454972593,0.07517619420516837,0.025058731401722788,0.030540328895849646,2461,0.012137823022709476,0.005090054815974941,0.01918559122944401,0.9635865309318715
27,Cecil,4984,Cecil Precinct 05-001,4641,146,92,41,25,52,105,4984,1,0.9311797752808989,0.029293739967897272,0.018459069020866775,0.021067415730337078,4866,0.008226324237560192,0.005016051364365971,0.01043338683788122,0.9763242375601926
28,Cecil,7016,Cecil Precinct 03-002,6111,537,214,22,9,27,154,7016,1,0.8710091220068416,0.07653933865450399,0.03050171037628278,0.02194982896237172,6958,0.003135689851767389,0.001282782212086659,0.0038483466362599773,0.991733181299886
29,Cecil,6045,Cecil Precinct 03-003,4995,536,290,54,26,59,224,6045,1,0.826302729528536,0.08866832092638545,0.04797353184449959,0.03705541770057899,5906,0.008933002481389578,0.004301075268817204,0.009760132340777503,0.9770057899090158
30,Cecil,4668,Cecil Precinct 04-001,4445,68,88,73,26,89,67,4668,1,0.9522279348757497,0.01456726649528706,0.018851756640959727,0.014353041988003428,4480,0.015638389031705228,0.005569837189374464,0.019065981148243358,0.9597257926306769
31,Cecil,6876,Cecil Precinct 03-001,5322,838,356,58,25,82,360,6876,1,0.7739965095986039,0.12187318208260617,0.051774287376381616,0.05235602094240838,6711,0.008435136707388016,0.0036358347876672484,0.011925538103548575,0.9760034904013961
32,Cecil,1863,Cecil Precinct 04-002,1152,471,127,32,18,20,113,1863,1,0.6183574879227053,0.2528180354267311,0.06816961889425657,0.06065485775630703,1793,0.017176596886741814,0.00966183574879227,0.010735373054213635,0.9624261943102523
33,Worcester,596,Worcester Precinct 04-001,490,76,11,56,13,82,19,596,1,0.8221476510067114,0.12751677852348994,0.018456375838926176,0.031879194630872486,445,0.09395973154362416,0.02181208053691275,0.13758389261744966,0.7466442953020134
34,Worcester,2209,Worcester Precinct 02-001,1098,1014,56,8,8,15,41,2209,1,0.49705749207786326,0.4590312358533273,0.025350837483023993,0.018560434585785424,2178,0.0036215482118605704,0.0036215482118605704,0.006790402897238569,0.9859665006790402
35,Worcester,2685,Worcester Precinct 04-002,2330,275,30,8,3,22,50,2685,1,0.8677839851024208,0.10242085661080075,0.0111731843575419,0.0186219739292365,2652,0.0029795158286778397,0.0011173184357541898,0.00819366852886406,0.9877094972067039
36,Worcester,714,Worcester Precinct 02-002,560,137,8,26,17,38,9,714,1,0.7843137254901961,0.19187675070028012,0.011204481792717087,0.012605042016806723,633,0.036414565826330535,0.023809523809523808,0.05322128851540616,0.8865546218487395
37,Wicomico,2459,Wicomico Precinct 15-001,1971,406,34,12,12,35,48,2459,1,0.8015453436356242,0.1651077673851159,0.013826758845058967,0.019520130134200894,2400,0.004880032533550223,0.004880032533550223,0.014233428222854819,0.9760065067100447
38,Wicomico,2235,Wicomico Precinct 16-002,1532,543,43,5,3,7,117,2235,1,0.6854586129753915,0.24295302013422818,0.01923937360178971,0.052348993288590606,2220,0.0022371364653243847,0.0013422818791946308,0.003131991051454139,0.9932885906040269
39,Wicomico,2655,Wicomico Precinct 08-004,2377,139,43,24,12,47,96,2655,1,0.8952919020715631,0.052354048964218455,0.016195856873822974,0.03615819209039548,2572,0.00903954802259887,0.004519774011299435,0.01770244821092279,0.9687382297551789
40,Wicomico,1417,Wicomico Precinct 08-003,1099,175,36,6,2,9,107,1417,1,0.7755822159491884,0.12350035285815103,0.025405786873676783,0.07551164431898377,1400,0.004234297812279464,0.0014114326040931546,0.006351446718419196,0.9880028228652082
41,Wicomico,3627,Wicomico Precinct 13-003,2905,448,121,92,11,99,153,3627,1,0.8009374138406397,0.12351805900192997,0.03336090432864627,0.04218362282878412,3425,0.025365315687896333,0.0030328094844223876,0.02729528535980149,0.9443065894678798
42,Wicomico,5667,Wicomico Precinct 13-001,4424,774,267,8,8,7,202,5667,1,0.7806599611787541,0.13658020116463737,0.047114875595553204,0.03564496206105523,5644,0.0014116816657843657,0.0014116816657843657,0.0012352214575613199,0.99594141521087
43,Wicomico,250,Wicomico Precinct 09-004,167,58,10,3,2,2,15,250,1,0.668,0.232,0.04,0.06,243,0.012,0.008,0.008,0.972
44,Wicomico,3486,Wicomico Precinct 09-002,433,2849,153,26,55,71,51,3486,1,0.12421113023522662,0.8172690763052208,0.04388984509466437,0.014629948364888123,3334,0.007458405048766495,0.015777395295467584,0.020367183017785426,0.9563970166379805
45,Wicomico,4914,Wicomico Precinct 13-002,2595,1610,482,18,31,33,227,4914,1,0.5280830280830281,0.32763532763532766,0.09808709808709809,0.046194546194546195,4832,0.003663003663003663,0.006308506308506308,0.006715506715506716,0.9833129833129833
46,Wicomico,942,Wicomico Precinct 08-002,842,58,13,45,13,54,29,942,1,0.8938428874734607,0.06157112526539278,0.013800424628450107,0.03078556263269639,830,0.04777070063694268,0.013800424628450107,0.05732484076433121,0.881104033970276
47,Wicomico,4839,Wicomico Precinct 05-002,2095,2157,428,8,4,3,159,4839,1,0.43294069022525317,0.44575325480471173,0.08844802645174622,0.0328580285182889,4824,0.0016532341392849763,0.0008266170696424882,0.0006199628022318661,0.9969001859888407
48,Wicomico,1862,Wicomico Precinct 09-001,1151,609,62,17,74,68,40,1862,1,0.6181525241675617,0.32706766917293234,0.03329752953813104,0.021482277121374866,1703,0.009129967776584319,0.0397422126745435,0.036519871106337275,0.9146079484425349
49,Wicomico,1802,Wicomico Precinct 08-001,1508,184,41,18,9,21,69,1802,1,0.8368479467258602,0.10210876803551609,0.022752497225305215,0.03829078801331853,1754,0.009988901220865706,0.004994450610432853,0.011653718091009988,0.9733629300776915
50,Wicomico,4054,Wicomico Precinct 05-004,3069,653,140,31,20,44,192,4054,1,0.7570300937345831,0.16107548100641342,0.03453379378391712,0.04736063147508633,3959,0.007646768623581648,0.00493339911198816,0.010853478046373951,0.9765663542180563
51,Wicomico,2944,Wicomico Precinct 05-003,2205,438,162,18,18,15,139,2944,1,0.7489809782608695,0.1487771739130435,0.05502717391304348,0.04721467391304348,2893,0.006114130434782609,0.006114130434782609,0.005095108695652174,0.9826766304347826
52,Wicomico,1613,Wicomico Precinct 05-005,1432,106,36,30,19,51,39,1613,1,0.8877867327960323,0.0657160570365778,0.022318660880347178,0.02417854928704278,1513,0.018598884066955982,0.011779293242405457,0.03161810291382517,0.9380037197768134
53,Wicomico,513,Wicomico Precinct 11-002,265,207,9,3,9,11,32,513,1,0.5165692007797271,0.40350877192982454,0.017543859649122806,0.06237816764132553,490,0.005847953216374269,0.017543859649122806,0.021442495126705652,0.9551656920077972
54,Wicomico,3288,Wicomico Precinct 11-001,2372,617,117,5,3,4,182,3288,1,0.7214111922141119,0.1876520681265207,0.035583941605839414,0.05535279805352798,3276,0.0015206812652068127,0.0009124087591240876,0.0012165450121654502,0.9963503649635036
55,Wicomico,3390,Wicomico Precinct 05-006,2762,327,97,25,18,58,204,3390,1,0.8147492625368732,0.09646017699115045,0.028613569321533923,0.06017699115044248,3289,0.007374631268436578,0.005309734513274336,0.01710914454277286,0.9702064896755163
61,Wicomico,1426,Wicomico Precinct 05-007,1279,77,21,16,8,35,49,1426,1,0.896914446002805,0.05399719495091164,0.014726507713884993,0.034361851332398316,1367,0.011220196353436185,0.005610098176718092,0.024544179523141654,0.958625525946704
62,Wicomico,662,Wicomico Precinct 06-001,619,23,9,10,1,17,11,662,1,0.9350453172205438,0.03474320241691843,0.013595166163141994,0.01661631419939577,634,0.015105740181268883,0.0015105740181268882,0.0256797583081571,0.9577039274924471
63,Wicomico,2682,Wicomico Precinct 04-001,2441,116,48,5,0,8,77,2682,1,0.9101416853094706,0.04325130499627144,0.017897091722595078,0.02870991797166294,2669,0.0018642803877703207,0.0,0.002982848620432513,0.9951528709917972
64,Wicomico,1593,Wicomico Precinct 14-001,1453,74,32,5,0,9,34,1593,1,0.9121155053358443,0.04645323289391086,0.020087884494664157,0.021343377275580666,1579,0.003138731952291274,0.0,0.005649717514124294,0.9912115505335845
65,Worcester,1868,Worcester Precinct 04-003,1543,224,52,4,0,6,49,1868,1,0.826017130620985,0.11991434689507495,0.027837259100642397,0.026231263383297645,1858,0.0021413276231263384,0.0,0.0032119914346895075,0.9946466809421841
66,Worcester,2502,Worcester Precinct 02-003,1154,1097,163,15,5,13,88,2502,1,0.4612310151878497,0.438449240607514,0.06514788169464429,0.035171862509992005,2469,0.005995203836930456,0.0019984012789768186,0.005195843325339729,0.986810551558753
67,Worcester,2723,Worcester Precinct 03-003,2418,159,73,21,7,30,73,2723,1,0.8879911861917004,0.05839147998531032,0.026808666911494677,0.026808666911494677,2665,0.007712082262210797,0.002570694087403599,0.011017260374586852,0.9786999632757988
68,Worcester,1802,Worcester Precinct 06-002,1664,82,35,7,0,10,21,1802,1,0.9234184239733629,0.04550499445061043,0.019422863485016647,0.011653718091009988,1785,0.00388457269700333,0.0,0.005549389567147614,0.9905660377358491
69,Worcester,2430,Worcester Precinct 05-002,2271,66,55,67,10,88,38,2430,1,0.9345679012345679,0.027160493827160494,0.02263374485596708,0.015637860082304528,2265,0.02757201646090535,0.00411522633744856,0.03621399176954732,0.9320987654320988
70,Worcester,4184,Worcester Precinct 05-001,3965,88,61,90,10,58,70,4184,1,0.9476577437858509,0.021032504780114723,0.014579349904397706,0.016730401529636712,4026,0.021510516252390057,0.002390057361376673,0.013862332695984704,0.9622370936902486
71,Worcester,1964,Worcester Precinct 03-001,1858,17,51,50,10,60,38,1964,1,0.9460285132382892,0.008655804480651732,0.025967413441955193,0.019348268839103868,1844,0.025458248472505093,0.0050916496945010185,0.03054989816700611,0.9389002036659878
72,Worcester,2243,Worcester Precinct 06-001,2142,34,29,80,18,101,38,2243,1,0.9549710209540794,0.015158270173874276,0.012929112795363353,0.016941596076683014,2044,0.03566651805617477,0.008024966562639322,0.04502897904592064,0.9112795363352653
73,Worcester,1917,Worcester Precinct 06-003,1754,100,29,20,5,35,34,1917,1,0.9149713093375065,0.05216484089723526,0.015127803860198226,0.01773604590505999,1857,0.010432968179447054,0.0026082420448617634,0.018257694314032343,0.9687010954616588
311,Kent,703,Kent Precinct 03-002,547,128,14,27,6,32,14,703,1,0.7780938833570412,0.18207681365576103,0.01991465149359886,0.01991465149359886,638,0.03840682788051209,0.008534850640113799,0.04551920341394026,0.9075391180654339
322,Cecil,3106,Cecil Precinct 08-001,2998,41,21,36,12,40,46,3106,1,0.9652285898261429,0.013200257566001287,0.006761107533805538,0.014810045074050225,3018,0.01159047005795235,0.0038634900193174502,0.0128783000643915,0.9716677398583387
323,Cecil,2976,Cecil Precinct 07-001,2676,169,64,55,15,73,67,2976,1,0.8991935483870968,0.05678763440860215,0.021505376344086023,0.022513440860215055,2833,0.018481182795698926,0.005040322580645161,0.024529569892473117,0.9519489247311828
324,Cecil,2543,Cecil Precinct 06-002,2437,25,31,63,8,84,50,2543,1,0.9583169484860401,0.009830908375933936,0.01219032638615808,0.019661816751867872,2388,0.02477388910735352,0.0031458906802988595,0.03303185214313802,0.9390483680692095
325,Cecil,1360,Cecil Precinct 07-003,1200,108,10,23,9,21,42,1360,1,0.8823529411764706,0.07941176470588235,0.007352941176470588,0.030882352941176472,1307,0.016911764705882352,0.006617647058823529,0.015441176470588236,0.9610294117647059
326,Cecil,4824,Cecil Precinct 07-002,4018,536,135,100,32,120,135,4824,1,0.8329187396351575,0.1111111111111111,0.027985074626865673,0.027985074626865673,4572,0.020729684908789386,0.006633499170812604,0.024875621890547265,0.9477611940298507
327,Cecil,5437,Cecil Precinct 06-001,5216,28,111,71,23,93,82,5437,1,0.9593525841456686,0.005149898841272761,0.02041567040647416,0.015081846606584513,5250,0.013058672061798787,0.004230274048188339,0.01710502115137024,0.9656060327386427
328,Talbot,3502,Talbot Precinct 04-001,3079,316,59,68,15,82,48,3502,1,0.8792118789263278,0.09023415191319246,0.01684751570531125,0.013706453455168474,3337,0.019417475728155338,0.004283266704740148,0.023415191319246145,0.9528840662478584
329,Caroline,1679,Caroline Precinct 06-001,1505,106,34,37,16,36,34,1679,1,0.8963668850506253,0.0631328171530673,0.02025014889815366,0.02025014889815366,1590,0.022036926742108397,0.009529481834425254,0.02144133412745682,0.9469922572960096
330,Queen Anne's,1487,Queen Anne's Precinct 06-001,1354,66,43,33,11,33,24,1487,1,0.9105581708137189,0.04438466711499664,0.028917283120376596,0.01613987895090787,1410,0.02219233355749832,0.007397444519166106,0.02219233355749832,0.9482178883658372
331,Caroline,5431,Caroline Precinct 03-001,4422,804,101,66,31,94,104,5431,1,0.8142146934266249,0.14803903516847727,0.01859694347265697,0.01914932793224084,5240,0.012152458110845149,0.005707972749033327,0.017308046400294604,0.964831522739827
332,Caroline,2698,Caroline Precinct 07-001,2113,438,102,33,17,59,45,2698,1,0.7831727205337287,0.16234247590808007,0.03780578206078577,0.016679021497405487,2589,0.01223128243143069,0.006300963676797628,0.021868050407709415,0.9595997034840623
333,Caroline,4170,Caroline Precinct 02-001,3650,305,154,51,24,76,61,4170,1,0.8752997601918465,0.07314148681055156,0.036930455635491605,0.014628297362110312,4019,0.01223021582733813,0.0057553956834532375,0.018225419664268584,0.96378896882494
334,Kent,1602,Kent Precinct 02-001,1238,180,171,53,15,44,13,1602,1,0.7727840199750312,0.11235955056179775,0.10674157303370786,0.008114856429463172,1490,0.033083645443196,0.009363295880149813,0.02746566791510612,0.9300873907615481
335,Queen Anne's,2401,Queen Anne's Precinct 07-001,2007,274,74,60,21,63,46,2401,1,0.8359017076218243,0.11411911703456892,0.030820491461890878,0.019158683881715953,2257,0.024989587671803416,0.008746355685131196,0.026239067055393587,0.9400249895876718
336,Queen Anne's,2015,Queen Anne's Precinct 01-001,1735,104,150,35,12,41,26,2015,1,0.8610421836228288,0.05161290322580645,0.07444168734491315,0.012903225806451613,1927,0.017369727047146403,0.005955334987593052,0.020347394540942927,0.9563275434243176
337,Caroline,2467,Caroline Precinct 01-001,1711,111,596,26,5,35,49,2467,1,0.6935549250101337,0.0449939197405756,0.24158897446291042,0.019862180786380218,2401,0.01053911633563032,0.002026753141467369,0.014187271990271585,0.9732468585326307
338,Kent,1324,Kent Precinct 01-001,1011,171,110,20,10,27,32,1324,1,0.763595166163142,0.12915407854984895,0.08308157099697885,0.02416918429003021,1267,0.015105740181268883,0.0075528700906344415,0.02039274924471299,0.9569486404833837
339,Cecil,3990,Cecil Precinct 01-001,3666,175,98,87,30,116,51,3990,1,0.9187969924812031,0.043859649122807015,0.02456140350877193,0.012781954887218045,3757,0.02180451127819549,0.007518796992481203,0.029072681704260653,0.9416040100250627
548,Talbot,3288,Talbot Precinct 01-005,2835,251,137,52,23,66,65,3288,1,0.8622262773722628,0.076338199513382,0.041666666666666664,0.019768856447688565,3147,0.015815085158150853,0.006995133819951338,0.020072992700729927,0.9571167883211679
549,Queen Anne's,1965,Queen Anne's Precinct 05-001,1696,190,48,54,15,56,31,1965,1,0.8631043256997456,0.09669211195928754,0.024427480916030534,0.015776081424936386,1840,0.02748091603053435,0.007633587786259542,0.028498727735368958,0.9363867684478372
550,Kent,2183,Kent Precinct 05-001,1951,195,20,92,17,83,17,2183,1,0.8937242327072835,0.08932661475034356,0.009161704076958314,0.007787448465414567,1991,0.04214383875400825,0.007787448465414567,0.038021071919377,0.9120476408612002
551,Kent,1510,Kent Precinct 06-001,1162,290,35,43,9,51,23,1510,1,0.7695364238410596,0.19205298013245034,0.023178807947019868,0.015231788079470199,1407,0.02847682119205298,0.005960264900662252,0.03377483443708609,0.9317880794701987
552,Kent,1044,Kent Precinct 07-001,813,207,10,35,7,42,14,1044,1,0.7787356321839081,0.19827586206896552,0.009578544061302681,0.013409961685823755,960,0.033524904214559385,0.006704980842911878,0.040229885057471264,0.9195402298850575
553,Kent,1669,Kent Precinct 04-002,1050,488,79,47,12,58,52,1669,1,0.6291192330736968,0.2923906530856801,0.04733373277411624,0.03115638106650689,1552,0.02816057519472738,0.007189934092270821,0.0347513481126423,0.9298981426003595
554,Kent,1589,Kent Precinct 03-001,1256,291,25,40,15,54,17,1589,1,0.790434235368156,0.1831340465701699,0.015733165512901194,0.010698552548772814,1480,0.025173064820641914,0.009439899307740718,0.033983637507866586,0.9314033983637507
555,Kent,3343,Kent Precinct 04-001,2785,369,92,113,13,80,97,3343,1,0.833084056236913,0.11037989829494466,0.02752019144481005,0.029015854023332337,3137,0.03380197427460365,0.003888722704157942,0.023930601256356567,0.9383787017648818
614,Queen Anne's,2329,Queen Anne's Precinct 04-006,2231,24,10,87,24,72,64,2329,1,0.9579218548733361,0.010304851867754402,0.004293688278231,0.027479604980678404,2146,0.0373550880206097,0.010304851867754402,0.030914555603263203,0.9214255045083727
615,Queen Anne's,2722,Queen Anne's Precinct 04-001,2538,69,57,64,11,54,58,2722,1,0.9324026451138868,0.025349008082292433,0.02094048493754592,0.0213078618662748,2593,0.02351212343864805,0.004041146216017634,0.019838354151359296,0.952608376193975
745,Dorchester,352,Dorchester Precinct 03-002,175,163,6,6,7,13,8,352,1,0.4971590909090909,0.4630681818181818,0.017045454545454544,0.022727272727272728,326,0.017045454545454544,0.019886363636363636,0.036931818181818184,0.9261363636363636
746,Wicomico,723,Wicomico Precinct 01-002,643,50,16,14,13,31,14,723,1,0.8893499308437067,0.06915629322268327,0.022130013831258646,0.019363762102351315,665,0.019363762102351315,0.017980636237897647,0.042876901798063624,0.9197786998616874
747,Dorchester,2143,Dorchester Precinct 14-001,1953,113,39,16,8,38,38,2143,1,0.9113392440503967,0.05272981801213252,0.018198786747550162,0.01773215118992067,2081,0.007466168922071862,0.003733084461035931,0.01773215118992067,0.9710685954269715
748,Dorchester,1584,Dorchester Precinct 02-001,1461,76,34,23,9,38,13,1584,1,0.9223484848484849,0.047979797979797977,0.021464646464646464,0.008207070707070708,1514,0.01452020202020202,0.005681818181818182,0.023989898989898988,0.9558080808080808
749,Dorchester,445,Dorchester Precinct 02-002,249,188,2,6,13,11,6,445,1,0.5595505617977528,0.42247191011235957,0.0044943820224719105,0.01348314606741573,415,0.01348314606741573,0.029213483146067417,0.024719101123595506,0.9325842696629213
750,Dorchester,2140,Dorchester Precinct 15-001,1678,361,65,41,6,55,36,2140,1,0.7841121495327102,0.16869158878504673,0.030373831775700934,0.016822429906542057,2038,0.019158878504672898,0.002803738317757009,0.02570093457943925,0.9523364485981308
751,Caroline,3115,Caroline Precinct 04-001,2572,460,42,55,8,86,41,3115,1,0.8256821829855537,0.1476725521669342,0.01348314606741573,0.013162118780096307,2966,0.01765650080256822,0.002568218298555377,0.027608346709470304,0.9521669341894061
752,Dorchester,1210,Dorchester Precinct 15-003,472,659,42,17,29,41,37,1210,1,0.39008264462809916,0.5446280991735537,0.03471074380165289,0.030578512396694214,1123,0.014049586776859505,0.023966942148760332,0.033884297520661154,0.928099173553719
753,Dorchester,1557,Dorchester Precinct 01-001,1369,129,32,29,8,19,27,1557,1,0.8792549775208734,0.08285163776493257,0.020552344251766216,0.017341040462427744,1501,0.018625561978163133,0.005138086062941554,0.012202954399486191,0.9640333975594091
754,Dorchester,128,Dorchester Precinct 15-002,105,19,4,1,0,5,0,128,1,0.8203125,0.1484375,0.03125,0.0,122,0.0078125,0.0,0.0390625,0.953125
755,Dorchester,506,Dorchester Precinct 12-002,213,275,8,7,3,5,10,506,1,0.4209486166007905,0.5434782608695652,0.015810276679841896,0.019762845849802372,491,0.01383399209486166,0.005928853754940711,0.009881422924901186,0.9703557312252964
756,Dorchester,387,Dorchester Precinct 12-001,270,91,12,7,3,6,14,387,1,0.6976744186046512,0.2351421188630491,0.031007751937984496,0.03617571059431524,371,0.01808785529715762,0.007751937984496124,0.015503875968992248,0.958656330749354
757,Caroline,3507,Caroline Precinct 05-001,2406,938,83,29,17,52,80,3507,1,0.6860564585115483,0.26746506986027946,0.023666951810664385,0.02281151981750784,3409,0.008269175933846592,0.004847447961220416,0.014827487881380098,0.9720558882235529
758,Caroline,1652,Caroline Precinct 08-001,1474,140,13,20,9,36,25,1652,1,0.8922518159806295,0.0847457627118644,0.007869249394673124,0.01513317191283293,1587,0.012106537530266344,0.005447941888619854,0.021791767554479417,0.9606537530266344
759,Wicomico,1986,Wicomico Precinct 02-001,1571,301,45,16,15,37,69,1986,1,0.7910372608257804,0.1515609264853978,0.022658610271903322,0.03474320241691843,1918,0.008056394763343404,0.0075528700906344415,0.01863041289023162,0.9657603222557906
760,Wicomico,3096,Wicomico Precinct 16-001,2295,581,100,13,6,22,120,3096,1,0.7412790697674418,0.18766149870801033,0.03229974160206718,0.03875968992248062,3055,0.004198966408268734,0.001937984496124031,0.0071059431524547806,0.9867571059431525
761,Wicomico,2299,Wicomico Precinct 09-005,1878,201,49,4,2,13,171,2299,1,0.8168769030013049,0.08742931709438886,0.021313614615050023,0.0743801652892562,2280,0.0017398869073510222,0.0008699434536755111,0.005654632448890822,0.9917355371900827
762,Wicomico,2337,Wicomico Precinct 09-003,1743,264,59,6,22,31,271,2337,1,0.7458279845956355,0.11296534017971759,0.025246041934103552,0.11596063329054343,2278,0.0025673940949935813,0.009413778348309799,0.013264869490800172,0.9747539580658965
763,Wicomico,2879,Wicomico Precinct 09-006,698,1887,229,59,20,117,65,2879,1,0.24244529350468913,0.6554359152483501,0.0795415074678708,0.022577283779089963,2683,0.02049322681486627,0.0069468565474122956,0.04063911080236193,0.9319208058353595
764,Wicomico,110,Wicomico Precinct 15-002,100,6,2,7,2,2,2,110,1,0.9090909090909091,0.05454545454545454,0.01818181818181818,0.01818181818181818,99,0.06363636363636363,0.01818181818181818,0.01818181818181818,0.9
765,Wicomico,527,Wicomico Precinct 01-003,431,74,13,6,4,16,9,527,1,0.8178368121442126,0.14041745730550284,0.024667931688804556,0.017077798861480076,501,0.011385199240986717,0.007590132827324478,0.030360531309297913,0.9506641366223909
766,Wicomico,584,Wicomico Precinct 10-002,542,28,5,2,0,2,9,584,1,0.928082191780822,0.04794520547945205,0.008561643835616438,0.015410958904109588,580,0.003424657534246575,0.0,0.003424657534246575,0.9931506849315068
767,Wicomico,435,Wicomico Precinct 10-001,171,241,12,3,7,12,11,435,1,0.3931034482758621,0.5540229885057472,0.027586206896551724,0.02528735632183908,413,0.006896551724137931,0.016091954022988506,0.027586206896551724,0.9494252873563218
854,Dorchester,232,Dorchester Precinct 04-001,207,11,6,10,2,11,8,232,1,0.8922413793103449,0.04741379310344827,0.02586206896551724,0.034482758620689655,209,0.04310344827586207,0.008620689655172414,0.04741379310344827,0.9008620689655172
855,Dorchester,427,Dorchester Precinct 16-001,400,12,10,8,6,17,5,427,1,0.936768149882904,0.02810304449648712,0.0234192037470726,0.0117096018735363,396,0.01873536299765808,0.01405152224824356,0.03981264637002342,0.927400468384075
856,Dorchester,271,Dorchester Precinct 05-001,247,17,4,6,2,11,3,271,1,0.9114391143911439,0.06273062730627306,0.014760147601476014,0.01107011070110701,252,0.02214022140221402,0.007380073800738007,0.04059040590405904,0.9298892988929889
857,Dorchester,544,Dorchester Precinct 09-001,469,56,7,18,6,27,12,544,1,0.8621323529411765,0.10294117647058823,0.012867647058823529,0.022058823529411766,493,0.03308823529411765,0.011029411764705883,0.04963235294117647,0.90625
858,Dorchester,182,Dorchester Precinct 13-001,166,6,2,4,2,4,8,182,1,0.9120879120879121,0.03296703296703297,0.01098901098901099,0.04395604395604396,172,0.02197802197802198,0.01098901098901099,0.02197802197802198,0.945054945054945
859,Dorchester,801,Dorchester Precinct 08-001,769,11,9,37,3,33,12,801,1,0.9600499375780275,0.01373283395755306,0.011235955056179775,0.0149812734082397,728,0.046192259675405745,0.003745318352059925,0.04119850187265917,0.9088639200998752
860,Talbot,724,Talbot Precinct 02-002,701,5,9,23,4,29,9,724,1,0.9682320441988951,0.006906077348066298,0.012430939226519336,0.012430939226519336,668,0.031767955801104975,0.0055248618784530384,0.04005524861878453,0.9226519337016574
861,Talbot,2603,Talbot Precinct 02-001,2274,262,37,114,11,82,30,2603,1,0.8736073761044948,0.10065309258547829,0.014214368036880523,0.01152516327314637,2396,0.043795620437956206,0.0042258932001536685,0.031502112946600075,0.9204763734152901
862,Talbot,1245,Talbot Precinct 02-003,1065,140,24,41,10,44,16,1245,1,0.8554216867469879,0.11244979919678715,0.01927710843373494,0.01285140562248996,1150,0.03293172690763052,0.008032128514056224,0.035341365461847386,0.9236947791164659
863,Dorchester,834,Dorchester Precinct 07-003,668,137,9,11,1,19,20,834,1,0.8009592326139089,0.1642685851318945,0.01079136690647482,0.023980815347721823,803,0.013189448441247002,0.001199040767386091,0.022781774580335732,0.9628297362110312
864,Dorchester,3660,Dorchester Precinct 07-002,756,2689,135,61,73,124,80,3660,1,0.20655737704918034,0.7346994535519126,0.036885245901639344,0.02185792349726776,3402,0.016666666666666666,0.01994535519125683,0.033879781420765025,0.9295081967213115
865,Dorchester,2964,Dorchester Precinct 07-006,2484,344,87,74,23,127,49,2964,1,0.8380566801619433,0.11605937921727395,0.029352226720647773,0.016531713900134953,2740,0.02496626180836707,0.00775978407557355,0.042847503373819165,0.9244264507422402
866,Dorchester,2345,Dorchester Precinct 07-001,1564,541,144,24,10,26,96,2345,1,0.6669509594882729,0.23070362473347547,0.06140724946695096,0.04093816631130064,2285,0.01023454157782516,0.0042643923240938165,0.011087420042643924,0.9744136460554371
867,Dorchester,768,Dorchester Precinct 07-004,446,268,26,10,7,12,28,768,1,0.5807291666666666,0.3489583333333333,0.033854166666666664,0.036458333333333336,739,0.013020833333333334,0.009114583333333334,0.015625,0.9622395833333334
868,Dorchester,197,Dorchester Precinct 07-007,79,98,15,8,9,13,5,197,1,0.4010152284263959,0.49746192893401014,0.07614213197969544,0.025380710659898477,167,0.04060913705583756,0.04568527918781726,0.06598984771573604,0.8477157360406091
869,Dorchester,351,Dorchester Precinct 07-005,167,145,17,2,3,10,22,351,1,0.4757834757834758,0.4131054131054131,0.04843304843304843,0.06267806267806268,336,0.005698005698005698,0.008547008547008548,0.02849002849002849,0.9572649572649573
870,Talbot,2495,Talbot Precinct 03-001,1972,427,58,67,20,55,38,2495,1,0.790380761523046,0.17114228456913827,0.023246492985971944,0.015230460921843688,2353,0.026853707414829658,0.008016032064128256,0.022044088176352707,0.9430861723446894
871,Talbot,1083,Talbot Precinct 03-003,997,58,8,48,9,45,20,1083,1,0.9205909510618652,0.05355493998153278,0.007386888273314866,0.018467220683287166,981,0.0443213296398892,0.008310249307479225,0.04155124653739612,0.9058171745152355
872,Talbot,4545,Talbot Precinct 01-001,3472,800,169,88,24,118,104,4545,1,0.7639163916391639,0.17601760176017603,0.037183718371837184,0.02288228822882288,4315,0.019361936193619363,0.005280528052805281,0.025962596259625964,0.9493949394939494
873,Talbot,3290,Talbot Precinct 01-003,2061,648,414,63,25,72,167,3290,1,0.6264437689969605,0.19696048632218846,0.12583586626139817,0.05075987841945289,3130,0.019148936170212766,0.007598784194528876,0.02188449848024316,0.9513677811550152
874,Talbot,5989,Talbot Precinct 01-002,4606,777,495,94,45,112,111,5989,1,0.7690766405075973,0.12973785273000502,0.08265152780096845,0.018533978961429286,5738,0.01569544164301219,0.007513775254633495,0.018700951744865586,0.9580898313574887
875,Somerset,1960,Somerset Precinct 07-001,1282,586,53,23,16,50,39,1960,1,0.6540816326530612,0.29897959183673467,0.027040816326530614,0.01989795918367347,1871,0.01173469387755102,0.00816326530612245,0.025510204081632654,0.9545918367346938
910,Talbot,757,Talbot Precinct 05-002,734,7,5,43,6,31,11,757,1,0.9696169088507266,0.009247027741083224,0.0066050198150594455,0.01453104359313078,677,0.05680317040951123,0.007926023778071334,0.04095112285336856,0.8943196829590488
911,Talbot,886,Talbot Precinct 05-001,809,60,8,39,8,47,9,886,1,0.9130925507900677,0.06772009029345373,0.009029345372460496,0.010158013544018058,792,0.04401805869074492,0.009029345372460496,0.05304740406320542,0.8939051918735892
912,Dorchester,373,Dorchester Precinct 06-001,350,3,16,27,2,26,4,373,1,0.938337801608579,0.00804289544235925,0.04289544235924933,0.010723860589812333,318,0.07238605898123325,0.005361930294906166,0.06970509383378017,0.8525469168900804
946,Somerset,179,Somerset Precinct 10-001,171,4,0,1,0,17,4,179,1,0.9553072625698324,0.0223463687150838,0.0,0.0223463687150838,161,0.00558659217877095,0.0,0.09497206703910614,0.8994413407821229
947,Dorchester,308,Dorchester Precinct 10-001,300,8,0,7,1,12,0,308,1,0.974025974025974,0.025974025974025976,0.0,0.0,288,0.022727272727272728,0.003246753246753247,0.03896103896103896,0.935064935064935
1730,Somerset,739,Somerset Precinct 12-001,638,64,18,11,5,26,19,739,1,0.8633288227334236,0.08660351826792964,0.02435723951285521,0.02571041948579161,697,0.014884979702300407,0.006765899864682003,0.035182679296346414,0.9431664411366711
1731,Somerset,404,Somerset Precinct 08-002,370,23,5,4,3,11,6,404,1,0.9158415841584159,0.05693069306930693,0.012376237623762377,0.01485148514851485,386,0.009900990099009901,0.007425742574257425,0.027227722772277228,0.9554455445544554
1732,Somerset,1465,Somerset Precinct 08-001,1201,174,67,9,8,33,23,1465,1,0.8197952218430035,0.11877133105802047,0.04573378839590444,0.015699658703071672,1415,0.0061433447098976105,0.005460750853242321,0.022525597269624574,0.9658703071672355
1733,Somerset,71,Somerset Precinct 10-002,70,0,1,2,1,7,0,71,1,0.9859154929577465,0.0,0.014084507042253521,0.0,61,0.028169014084507043,0.014084507042253521,0.09859154929577464,0.8591549295774648
1734,Somerset,396,Somerset Precinct 14-001,370,20,0,5,8,15,6,396,1,0.9343434343434344,0.050505050505050504,0.0,0.015151515151515152,368,0.012626262626262626,0.020202020202020204,0.03787878787878788,0.9292929292929293
1735,Somerset,301,Somerset Precinct 09-001,242,53,2,8,4,6,4,301,1,0.8039867109634552,0.1760797342192691,0.006644518272425249,0.013289036544850499,283,0.026578073089700997,0.013289036544850499,0.019933554817275746,0.9401993355481728
1736,Somerset,487,Somerset Precinct 06-001,372,96,3,5,4,22,16,487,1,0.7638603696098563,0.1971252566735113,0.006160164271047228,0.03285420944558522,456,0.01026694045174538,0.008213552361396304,0.045174537987679675,0.9363449691991786
1737,Somerset,139,Somerset Precinct 11-001,113,16,1,4,0,3,9,139,1,0.8129496402877698,0.11510791366906475,0.007194244604316547,0.06474820143884892,132,0.02877697841726619,0.0,0.02158273381294964,0.9496402877697842
1768,Worcester,2575,Worcester Precinct 03-002,2428,48,35,38,6,43,64,2575,1,0.9429126213592233,0.018640776699029128,0.013592233009708738,0.024854368932038837,2488,0.014757281553398059,0.002330097087378641,0.016699029126213592,0.9662135922330097
1769,Worcester,6559,Worcester Precinct 07-001,5942,159,323,139,25,154,135,6559,1,0.9059307821314224,0.024241500228693397,0.04924531178533313,0.020582405854550997,6241,0.021192254916908064,0.0038115566397316663,0.023479188900747065,0.9515169995426132
1799,Queen Anne's,3460,Queen Anne's Precinct 02-001,2950,333,111,46,23,64,66,3460,1,0.8526011560693642,0.09624277456647398,0.03208092485549133,0.01907514450867052,3327,0.013294797687861272,0.006647398843930636,0.018497109826589597,0.9615606936416184
1800,Queen Anne's,6268,Queen Anne's Precinct 03-002,5455,594,94,83,18,91,125,6268,1,0.870293554562859,0.09476707083599234,0.014996809189534142,0.01994256541161455,6076,0.013241863433312061,0.002871729419272495,0.014518187619655393,0.9693682195277601
1801,Queen Anne's,5103,Queen Anne's Precinct 04-002,4556,297,133,88,24,87,117,5103,1,0.8928081520674114,0.0582010582010582,0.02606310013717421,0.02292768959435626,4904,0.017244757985498727,0.004703115814226925,0.017048794826572605,0.9610033313737018
1802,Queen Anne's,3757,Queen Anne's Precinct 04-003,3516,89,76,76,31,82,76,3757,1,0.9358530742613788,0.023689113654511578,0.02022890604205483,0.02022890604205483,3568,0.02022890604205483,0.008251264306627629,0.02182592494011179,0.9496939047112057
1803,Queen Anne's,4917,Queen Anne's Precinct 05-002,4108,554,158,67,12,42,97,4917,1,0.8354687817775066,0.11267032743542811,0.03213341468375026,0.01972747610331503,4796,0.013626194834248526,0.0024405125076266015,0.008541793776693106,0.9753914988814317
1806,Wicomico,619,Wicomico Precinct 01-001,507,97,4,4,0,5,11,619,1,0.8190630048465266,0.1567043618739903,0.006462035541195477,0.017770597738287562,610,0.006462035541195477,0.0,0.008077544426494346,0.9854604200323102
1807,Wicomico,1374,Wicomico Precinct 07-001,1108,215,21,22,10,42,30,1374,1,0.8064046579330422,0.1564774381368268,0.015283842794759825,0.021834061135371178,1300,0.01601164483260553,0.00727802037845706,0.03056768558951965,0.9461426491994177
1808,Worcester,2745,Worcester Precinct 01-002,2016,602,57,12,3,22,70,2745,1,0.7344262295081967,0.21930783242258653,0.020765027322404372,0.025500910746812388,2708,0.004371584699453552,0.001092896174863388,0.008014571948998178,0.9865209471766849
