,COUNTY,VAP,NAME,WVAP,BVAP,HVAP,PRES16D,PRES16R,OVAP,TOT_VOTES,factor,WVAP_pct,BVAP_pct,HVAP_pct,OVAP_pct,PRES16None,PRES16D_pct,PRES16R_pct,PRES16None_pct
556,Baltimore City,1090,Baltimore City Precinct 26-028,142,914,11,250,16,23,1090,1.0,0.13027522935779817,0.8385321100917431,0.010091743119266056,0.02110091743119266,824,0.22935779816513763,0.014678899082568808,0.7559633027522936
557,Baltimore City,1429,Baltimore City Precinct 26-027,322,1033,31,357,49,43,1429,1.0,0.22533240027991602,0.7228831350594822,0.021693491952414275,0.030090972708187544,1023,0.2498250524842547,0.034289713086074175,0.7158852344296711
558,Baltimore City,1467,Baltimore City Precinct 27-007,472,907,31,364,42,57,1467,1.0,0.321745057941377,0.6182685753237901,0.021131561008861623,0.03885480572597137,1061,0.24812542603953647,0.028629856850715747,0.7232447171097478
559,Baltimore City,985,Baltimore City Precinct 26-030,419,511,29,286,60,26,985,1.0,0.42538071065989846,0.5187817258883248,0.029441624365482234,0.026395939086294416,639,0.29035532994923857,0.06091370558375635,0.6487309644670051
574,Baltimore City,502,Baltimore City Precinct 26-001,417,33,35,63,77,17,502,1.0,0.8306772908366534,0.06573705179282868,0.0697211155378486,0.03386454183266932,362,0.1254980079681275,0.15338645418326693,0.7211155378486056
575,Baltimore City,2426,Baltimore City Precinct 26-002,1008,789,539,413,99,90,2426,1.0,0.4154987633965375,0.32522671063478975,0.22217642209398186,0.03709810387469085,1914,0.17023907666941468,0.04080791426215993,0.7889530090684254
576,Baltimore City,2095,Baltimore City Precinct 26-003,1404,210,361,233,251,120,2095,1.0,0.6701670644391408,0.10023866348448687,0.17231503579952268,0.057279236276849645,1611,0.11121718377088305,0.1198090692124105,0.7689737470167064
581,Baltimore City,782,Baltimore City Precinct 26-005,514,71,133,115,74,64,782,1.0,0.6572890025575447,0.0907928388746803,0.170076726342711,0.08184143222506395,593,0.14705882352941177,0.09462915601023018,0.7583120204603581
582,Baltimore City,1623,Baltimore City Precinct 26-004,1098,134,293,173,168,98,1623,1.0,0.6765249537892791,0.08256315465187923,0.18052988293284042,0.06038200862600123,1282,0.10659272951324707,0.10351201478743069,0.7898952556993223
583,Baltimore City,1434,Baltimore City Precinct 26-007,799,101,490,248,155,44,1434,1.0,0.5571827057182706,0.07043235704323571,0.3417015341701534,0.030683403068340307,1031,0.17294281729428174,0.10808926080892609,0.7189679218967922
584,Baltimore City,1562,Baltimore City Precinct 26-014,1050,136,339,141,152,37,1562,1.0,0.6722151088348272,0.08706786171574904,0.21702944942381563,0.023687580025608196,1269,0.09026888604353393,0.0973111395646607,0.8124199743918054
585,Baltimore City,1463,Baltimore City Precinct 26-015,116,1277,26,463,19,44,1463,1.0,0.07928913192071087,0.872863978127136,0.0177717019822283,0.03007518796992481,981,0.316473000683527,0.012987012987012988,0.67053998632946
586,Baltimore City,4697,Baltimore City Precinct 26-029,597,3916,95,1051,44,89,4697,1.0,0.12710240579093038,0.8337236533957846,0.02022567596338088,0.018948264849904195,3602,0.22375984671066637,0.00936768149882904,0.7668724717905046
805,Baltimore City,3265,Baltimore City Precinct 25-005,822,1696,585,653,117,162,3265,1.0,0.2517611026033691,0.519448698315467,0.17917304747320062,0.04961715160796325,2495,0.2,0.035834609494640124,0.7641653905053599
807,Baltimore City,2660,Baltimore City Precinct 25-008,74,2484,65,833,20,37,2660,1.0,0.027819548872180452,0.9338345864661655,0.02443609022556391,0.013909774436090226,1807,0.3131578947368421,0.007518796992481203,0.6793233082706767
808,Baltimore City,1089,Baltimore City Precinct 25-009,9,1064,7,472,3,9,1089,1.0,0.008264462809917356,0.9770431588613406,0.006427915518824609,0.008264462809917356,614,0.43342516069788795,0.0027548209366391185,0.5638200183654729
809,Baltimore City,1595,Baltimore City Precinct 25-010,46,1486,25,481,13,38,1595,1.0,0.02884012539184953,0.9316614420062695,0.01567398119122257,0.023824451410658306,1101,0.30156739811912225,0.008150470219435737,0.690282131661442
810,Baltimore City,3555,Baltimore City Precinct 25-003,2570,746,104,496,414,135,3555,1.0,0.7229254571026723,0.20984528832630098,0.029254571026722926,0.0379746835443038,2645,0.13952180028129396,0.11645569620253164,0.7440225035161744
811,Baltimore City,929,Baltimore City Precinct 20-009,527,341,34,147,65,27,929,1.0,0.5672766415500539,0.36706135629709363,0.03659849300322928,0.02906350914962325,717,0.15823466092572658,0.06996770721205597,0.7717976318622174
812,Baltimore City,1049,Baltimore City Precinct 20-005,28,1001,8,328,6,12,1049,1.0,0.02669208770257388,0.9542421353670162,0.0076263107721639654,0.011439466158245948,715,0.3126787416587226,0.005719733079122974,0.6816015252621545
813,Baltimore City,3568,Baltimore City Precinct 25-004,2774,472,145,378,469,177,3568,1.0,0.7774663677130045,0.13228699551569506,0.0406390134529148,0.04960762331838565,2721,0.10594170403587444,0.13144618834080718,0.7626121076233184
814,Baltimore City,756,Baltimore City Precinct 20-010,333,353,45,103,20,25,756,1.0,0.44047619047619047,0.4669312169312169,0.05952380952380952,0.03306878306878307,633,0.13624338624338625,0.026455026455026454,0.8373015873015873
815,Baltimore City,2322,Baltimore City Precinct 20-003,54,2229,6,439,7,33,2322,1.0,0.023255813953488372,0.9599483204134367,0.002583979328165375,0.014211886304909561,1876,0.18906115417743324,0.0030146425495262705,0.8079242032730405
816,Baltimore City,2303,Baltimore City Precinct 20-011,848,1287,65,399,58,103,2303,1.0,0.36821537125488496,0.5588363004776379,0.02822405557967868,0.04472427268779852,1846,0.17325227963525835,0.02518454190186713,0.8015631784628745
817,Baltimore City,950,Baltimore City Precinct 20-002,70,853,7,185,7,20,950,1.0,0.07368421052631578,0.8978947368421053,0.007368421052631579,0.021052631578947368,758,0.19473684210526315,0.007368421052631579,0.7978947368421052
818,Baltimore City,1760,Baltimore City Precinct 16-013,14,1711,4,480,9,31,1760,1.0,0.007954545454545454,0.9721590909090909,0.0022727272727272726,0.017613636363636363,1271,0.2727272727272727,0.005113636363636364,0.7221590909090909
819,Baltimore City,1950,Baltimore City Precinct 16-012,10,1891,15,608,10,34,1950,1.0,0.005128205128205128,0.9697435897435898,0.007692307692307693,0.017435897435897435,1332,0.3117948717948718,0.005128205128205128,0.683076923076923
820,Baltimore City,240,Baltimore City Precinct 20-004,4,226,3,103,3,7,240,1.0,0.016666666666666666,0.9416666666666667,0.0125,0.029166666666666667,134,0.42916666666666664,0.0125,0.5583333333333333
821,Baltimore City,1495,Baltimore City Precinct 16-008,24,1426,21,270,7,24,1495,1.0,0.016053511705685617,0.9538461538461539,0.014046822742474917,0.016053511705685617,1218,0.1806020066889632,0.0046822742474916385,0.8147157190635451
822,Baltimore City,901,Baltimore City Precinct 26-031,516,339,13,173,119,33,901,1.0,0.5726970033296337,0.3762486126526082,0.014428412874583796,0.03662597114317425,609,0.19200887902330743,0.1320754716981132,0.6759156492785794
826,Baltimore City,2719,Baltimore City Precinct 27-008,1192,1388,38,728,186,101,2719,1.0,0.4383964692901802,0.5104817947774917,0.013975726369988967,0.03714600956233909,1805,0.267745494667157,0.06840750275836704,0.6638470025744759
827,Baltimore City,2670,Baltimore City Precinct 27-011,1688,820,103,680,393,59,2670,1.0,0.6322097378277154,0.30711610486891383,0.03857677902621723,0.022097378277153558,1597,0.2546816479400749,0.14719101123595504,0.59812734082397
828,Baltimore City,842,Baltimore City Precinct 27-010,645,155,22,205,151,20,842,1.0,0.7660332541567696,0.1840855106888361,0.026128266033254157,0.023752969121140142,486,0.24346793349168647,0.17933491686460806,0.5771971496437055
876,Baltimore City,1038,Baltimore City Precinct 12-011,130,754,59,355,19,95,1038,1.0,0.1252408477842004,0.7263969171483622,0.05684007707129094,0.09152215799614644,664,0.3420038535645472,0.018304431599229287,0.6396917148362236
877,Baltimore City,1718,Baltimore City Precinct 12-008,988,497,82,549,30,151,1718,1.0,0.5750873108265425,0.2892898719441211,0.047729918509895226,0.08789289871944121,1139,0.31955762514551805,0.017462165308498253,0.6629802095459837
878,Baltimore City,1916,Baltimore City Precinct 12-010,382,1370,76,489,24,88,1916,1.0,0.19937369519832984,0.7150313152400835,0.03966597077244259,0.04592901878914405,1403,0.25521920668058456,0.012526096033402923,0.7322546972860126
882,Baltimore City,1139,Baltimore City Precinct 25-011,672,181,220,140,123,66,1139,1.0,0.5899912203687445,0.15891132572431957,0.19315188762071994,0.05794556628621598,876,0.12291483757682177,0.10798946444249341,0.7690956979806848
883,Baltimore City,2273,Baltimore City Precinct 25-012,1279,588,307,263,215,99,2273,1.0,0.5626924769027717,0.258688957325121,0.1350637923449186,0.04355477342718874,1795,0.11570611526616806,0.09458864936207655,0.7897052353717554
884,Baltimore City,1483,Baltimore City Precinct 25-014,468,905,52,310,43,58,1483,1.0,0.3155765340525961,0.6102494942683749,0.03506405933917734,0.03910991233985165,1130,0.20903573836817263,0.02899527983816588,0.7619689817936615
885,Baltimore City,1262,Baltimore City Precinct 25-013,750,334,135,162,100,43,1262,1.0,0.5942947702060222,0.26465927099841524,0.10697305863708399,0.03407290015847861,1000,0.12836767036450078,0.07923930269413629,0.7923930269413629
886,Baltimore City,1628,Baltimore City Precinct 25-015,701,744,110,291,76,73,1628,1.0,0.4305896805896806,0.457002457002457,0.06756756756756757,0.04484029484029484,1261,0.17874692874692874,0.04668304668304668,0.7745700245700246
887,Baltimore City,2415,Baltimore City Precinct 25-016,1616,525,115,255,206,159,2415,1.0,0.6691511387163561,0.21739130434782608,0.047619047619047616,0.06583850931677018,1954,0.10559006211180125,0.08530020703933748,0.8091097308488613
888,Baltimore City,2673,Baltimore City Precinct 24-004,2448,43,68,793,390,114,2673,1.0,0.9158249158249159,0.016086793864571642,0.02543958099513655,0.04264870931537598,1490,0.2966704077815189,0.14590347923681257,0.5574261129816686
889,Baltimore City,878,Baltimore City Precinct 24-002,775,30,29,312,111,44,878,1.0,0.8826879271070615,0.03416856492027335,0.03302961275626424,0.05011389521640091,455,0.3553530751708428,0.1264236902050114,0.5182232346241458
890,Baltimore City,722,Baltimore City Precinct 24-001,632,41,18,266,97,31,722,1.0,0.8753462603878116,0.05678670360110803,0.024930747922437674,0.04293628808864266,359,0.3684210526315789,0.13434903047091412,0.49722991689750695
891,Baltimore City,1728,Baltimore City Precinct 24-003,1531,46,43,606,208,108,1728,1.0,0.8859953703703703,0.02662037037037037,0.02488425925925926,0.0625,914,0.3506944444444444,0.12037037037037036,0.5289351851851852
892,Baltimore City,1994,Baltimore City Precinct 03-003,1421,223,166,434,168,184,1994,1.0,0.7126379137412236,0.11183550651955868,0.08324974924774323,0.09227683049147442,1392,0.2176529588766299,0.08425275827482448,0.6980942828485457
893,Baltimore City,3017,Baltimore City Precinct 24-005,2786,60,58,1015,598,113,3017,1.0,0.9234338747099768,0.019887305270135897,0.0192243950944647,0.03745442492542261,1404,0.33642691415313225,0.19821014252568778,0.46536294332118
894,Baltimore City,2635,Baltimore City Precinct 02-003,2167,106,164,772,206,198,2635,1.0,0.8223908918406072,0.040227703984819736,0.06223908918406072,0.07514231499051234,1657,0.29297912713472485,0.07817836812144212,0.628842504743833
895,Baltimore City,2074,Baltimore City Precinct 02-002,1402,157,396,476,143,119,2074,1.0,0.6759884281581485,0.07569913211186113,0.1909353905496625,0.05737704918032787,1455,0.22950819672131148,0.06894889103182257,0.7015429122468659
896,Baltimore City,2117,Baltimore City Precinct 01-002,1706,102,203,523,140,106,2117,1.0,0.8058573452999528,0.048181388757675955,0.0958904109589041,0.050070854983467174,1454,0.24704770902220122,0.06613131790269249,0.6868209730751063
897,Baltimore City,1947,Baltimore City Precinct 01-003,1710,56,93,385,193,88,1947,1.0,0.8782742681047766,0.028762198253723677,0.04776579352850539,0.04519774011299435,1369,0.1977401129943503,0.09912686183872625,0.7031330251669234
898,Baltimore City,2617,Baltimore City Precinct 05-001,202,2276,86,440,14,53,2617,1.0,0.07718761941153993,0.8696981276270539,0.032862055789071455,0.020252197172334733,2163,0.1681314482231563,0.005349636988918609,0.826518914787925
899,Baltimore City,658,Baltimore City Precinct 10-004,17,620,13,202,1,8,658,1.0,0.025835866261398176,0.9422492401215805,0.019756838905775075,0.0121580547112462,455,0.3069908814589666,0.001519756838905775,0.6914893617021277
900,Baltimore City,5665,Baltimore City Precinct 10-003,789,4761,71,150,3,44,5665,1.0,0.13927625772285968,0.840423654015887,0.012533097969991174,0.007766990291262136,5512,0.0264783759929391,0.000529567519858782,0.9729920564872021
901,Baltimore City,836,Baltimore City Precinct 03-002,231,487,43,199,26,75,836,1.0,0.27631578947368424,0.5825358851674641,0.05143540669856459,0.08971291866028708,611,0.23803827751196172,0.03110047846889952,0.7308612440191388
913,Baltimore City,2765,Baltimore City Precinct 07-004,124,2450,119,567,12,72,2765,1.0,0.04484629294755877,0.8860759493670886,0.043037974683544304,0.026039783001808318,2186,0.20506329113924052,0.00433996383363472,0.7905967450271247
914,Baltimore City,3497,Baltimore City Precinct 26-010,1389,683,1290,459,176,135,3497,1.0,0.3971975979410924,0.1953102659422362,0.3688876179582499,0.0386045181584215,2862,0.13125536173863311,0.050328853302830996,0.8184157849585358
915,Baltimore City,923,Baltimore City Precinct 26-012,85,564,203,195,11,71,923,1.0,0.09209100758396534,0.6110509209100758,0.2199349945828819,0.07692307692307693,717,0.2112676056338028,0.011917659804983749,0.7768147345612134
916,Baltimore City,3245,Baltimore City Precinct 08-010,18,3159,33,934,16,35,3245,1.0,0.005546995377503852,0.973497688751926,0.010169491525423728,0.01078582434514638,2295,0.2878274268104777,0.004930662557781202,0.7072419106317411
917,Baltimore City,577,Baltimore City Precinct 08-011,13,548,4,189,5,12,577,1.0,0.022530329289428077,0.949740034662045,0.006932409012131715,0.02079722703639515,383,0.3275563258232236,0.008665511265164644,0.6637781629116117
918,Baltimore City,1998,Baltimore City Precinct 08-003,70,1883,18,534,16,27,1998,1.0,0.035035035035035036,0.9424424424424425,0.009009009009009009,0.013513513513513514,1448,0.2672672672672673,0.008008008008008008,0.7247247247247247
919,Baltimore City,1675,Baltimore City Precinct 26-019,143,1472,16,492,18,44,1675,1.0,0.0853731343283582,0.8788059701492538,0.00955223880597015,0.02626865671641791,1165,0.2937313432835821,0.010746268656716417,0.6955223880597015
920,Baltimore City,783,Baltimore City Precinct 26-020,50,719,7,249,5,7,783,1.0,0.06385696040868455,0.9182630906768838,0.008939974457215836,0.008939974457215836,529,0.31800766283524906,0.006385696040868455,0.6756066411238825
921,Baltimore City,1709,Baltimore City Precinct 26-011,785,268,560,151,87,96,1709,1.0,0.4593329432416618,0.15681685196021064,0.32767700409596257,0.056173200702165006,1471,0.08835576360444705,0.05090696313633704,0.8607372732592159
922,Baltimore City,1355,Baltimore City Precinct 26-013,1074,54,195,121,216,32,1355,1.0,0.792619926199262,0.03985239852398524,0.14391143911439114,0.023616236162361623,1018,0.08929889298892989,0.15940959409594097,0.7512915129151292
923,Baltimore City,339,Baltimore City Precinct 26-017,33,280,10,182,4,16,339,1.0,0.09734513274336283,0.8259587020648967,0.029498525073746312,0.0471976401179941,153,0.5368731563421829,0.011799410029498525,0.45132743362831856
924,Baltimore City,2928,Baltimore City Precinct 26-018,256,2613,25,859,35,34,2928,1.0,0.08743169398907104,0.8924180327868853,0.00853825136612022,0.011612021857923498,2034,0.2933743169398907,0.011953551912568305,0.694672131147541
925,Baltimore City,1249,Baltimore City Precinct 26-016,74,1115,6,351,6,54,1249,1.0,0.059247397918334666,0.8927141713370697,0.004803843074459567,0.04323458767013611,892,0.28102481985588473,0.004803843074459567,0.7141713370696557
982,Baltimore City,2683,Baltimore City Precinct 26-024,242,2170,23,563,18,248,2683,1.0,0.09019754006708908,0.8087961237420798,0.008572493477450614,0.09243384271338054,2102,0.20983973164368244,0.006708907938874394,0.7834513604174431
983,Baltimore City,2299,Baltimore City Precinct 26-025,146,1992,28,434,25,133,2299,1.0,0.06350587211831231,0.8664636798608091,0.012179208351457155,0.05785123966942149,1840,0.18877772944758592,0.01087429317094389,0.8003479773814702
984,Baltimore City,1812,Baltimore City Precinct 26-026,482,1240,48,437,52,42,1812,1.0,0.26600441501103755,0.6843267108167771,0.026490066225165563,0.023178807947019868,1323,0.24116997792494482,0.02869757174392936,0.7301324503311258
985,Baltimore City,2585,Baltimore City Precinct 27-005,1273,1168,45,708,181,99,2585,1.0,0.49245647969052225,0.4518375241779497,0.017408123791102514,0.03829787234042553,1696,0.27388781431334625,0.0700193423597679,0.6560928433268859
986,Baltimore City,3355,Baltimore City Precinct 27-006,959,2259,52,877,129,85,3355,1.0,0.28584202682563337,0.6733233979135619,0.015499254843517139,0.02533532041728763,2349,0.26140089418777945,0.03845007451564829,0.7001490312965722
987,Baltimore City,780,Baltimore City Precinct 27-019,33,725,17,228,8,5,780,1.0,0.04230769230769231,0.9294871794871795,0.021794871794871794,0.00641025641025641,544,0.2923076923076923,0.010256410256410256,0.6974358974358974
988,Baltimore City,2289,Baltimore City Precinct 27-015,400,1768,63,664,64,58,2289,1.0,0.17474879860200962,0.7723896898208825,0.027522935779816515,0.025338575797291395,1561,0.290083005679336,0.027959807776321538,0.6819571865443425
992,Baltimore City,2647,Baltimore City Precinct 27-014,1453,1028,61,657,283,105,2647,1.0,0.5489233094068757,0.38836418587079713,0.0230449565545901,0.039667548167737064,1707,0.24820551567812618,0.10691348696637704,0.6448809973554968
993,Baltimore City,3409,Baltimore City Precinct 27-013,915,2303,118,819,144,73,3409,1.0,0.26840715752420063,0.675564681724846,0.034614256380170134,0.02141390437078322,2446,0.2402464065708419,0.042241126430038134,0.71751246699912
994,Baltimore City,1492,Baltimore City Precinct 27-009,843,537,50,453,152,62,1492,1.0,0.5650134048257373,0.3599195710455764,0.03351206434316354,0.04155495978552279,887,0.30361930294906164,0.10187667560321716,0.5945040214477212
995,Baltimore City,762,Baltimore City Precinct 27-012,550,153,42,149,107,17,762,1.0,0.7217847769028871,0.20078740157480315,0.05511811023622047,0.02230971128608924,506,0.19553805774278216,0.14041994750656167,0.6640419947506562
1014,Baltimore City,751,Baltimore City Precinct 27-037,547,155,22,225,62,27,751,1.0,0.7283621837549934,0.20639147802929428,0.02929427430093209,0.03595206391478029,464,0.2996005326231691,0.08255659121171771,0.6178428761651131
1015,Baltimore City,1727,Baltimore City Precinct 27-038,993,567,49,419,55,118,1727,1.0,0.57498552403011,0.328314997104806,0.028372900984365953,0.06832657788071801,1253,0.24261725535610887,0.03184713375796178,0.7255356108859293
1016,Baltimore City,1669,Baltimore City Precinct 27-042,1261,164,22,573,150,222,1669,1.0,0.7555422408627921,0.09826243259436789,0.013181545835829839,0.1330137807070102,946,0.3433193529059317,0.08987417615338526,0.566806470940683
1017,Baltimore City,1155,Baltimore City Precinct 27-044,1034,31,36,471,93,54,1155,1.0,0.8952380952380953,0.02683982683982684,0.03116883116883117,0.046753246753246755,591,0.4077922077922078,0.08051948051948052,0.5116883116883116
1018,Baltimore City,1487,Baltimore City Precinct 27-040,1289,83,36,514,182,79,1487,1.0,0.8668459986550101,0.05581708137188971,0.0242098184263618,0.0531271015467384,791,0.3456624075319435,0.12239408204438466,0.5319435104236718
1019,Baltimore City,742,Baltimore City Precinct 27-039,645,57,14,345,93,26,742,1.0,0.8692722371967655,0.07681940700808626,0.018867924528301886,0.03504043126684636,304,0.46495956873315364,0.12533692722371967,0.40970350404312667
1020,Baltimore City,1929,Baltimore City Precinct 27-041,1446,340,44,549,183,99,1929,1.0,0.749611197511664,0.1762571280456195,0.02280974598237429,0.05132192846034215,1197,0.2846034214618974,0.09486780715396578,0.6205287713841369
1036,Baltimore City,1338,Baltimore City Precinct 09-010,254,994,50,480,9,40,1338,1.0,0.1898355754857997,0.7428998505231689,0.03736920777279522,0.029895366218236172,849,0.35874439461883406,0.006726457399103139,0.6345291479820628
1037,Baltimore City,1402,Baltimore City Precinct 09-003,246,1073,32,483,17,51,1402,1.0,0.1754636233951498,0.7653352353780314,0.02282453637660485,0.03637660485021398,902,0.34450784593437944,0.012125534950071327,0.6433666191155493
1038,Baltimore City,1166,Baltimore City Precinct 09-002,133,974,16,309,12,43,1166,1.0,0.11406518010291596,0.8353344768439108,0.0137221269296741,0.03687821612349914,845,0.26500857632933106,0.010291595197255575,0.7246998284734134
1039,Baltimore City,1002,Baltimore City Precinct 09-009,76,873,15,293,15,38,1002,1.0,0.07584830339321358,0.8712574850299402,0.014970059880239521,0.03792415169660679,694,0.29241516966067865,0.014970059880239521,0.6926147704590818
1040,Baltimore City,1958,Baltimore City Precinct 09-004,484,1353,25,610,27,96,1958,1.0,0.24719101123595505,0.6910112359550562,0.012768130745658836,0.049029622063329927,1321,0.3115423901940756,0.013789581205311542,0.6746680286006129
1041,Baltimore City,1717,Baltimore City Precinct 09-005,367,1273,27,445,21,50,1717,1.0,0.21374490390215492,0.7414094350611532,0.0157251019219569,0.029120559114735003,1251,0.25917297612114154,0.0122306348281887,0.7285963890506698
1042,Baltimore City,782,Baltimore City Precinct 09-001,41,721,9,210,2,11,782,1.0,0.052429667519181586,0.921994884910486,0.011508951406649617,0.014066496163682864,570,0.26854219948849106,0.0025575447570332483,0.7289002557544757
1043,Baltimore City,970,Baltimore City Precinct 27-036,32,895,18,291,6,25,970,1.0,0.032989690721649485,0.9226804123711341,0.018556701030927835,0.02577319587628866,673,0.3,0.006185567010309278,0.6938144329896907
1044,Baltimore City,3261,Baltimore City Precinct 27-035,98,3076,27,600,21,60,3261,1.0,0.03005213124808341,0.9432689359092303,0.00827966881324747,0.01839926402943882,2640,0.18399264029438822,0.006439742410303588,0.8095676172953082
1045,Baltimore City,1481,Baltimore City Precinct 27-026,265,1094,75,185,13,47,1481,1.0,0.17893315327481432,0.7386900742741391,0.05064145847400405,0.03173531397704254,1283,0.12491559756920999,0.008777852802160702,0.8663065496286293
1046,Baltimore City,1722,Baltimore City Precinct 27-027,33,1637,28,374,7,24,1722,1.0,0.01916376306620209,0.9506387921022067,0.016260162601626018,0.013937282229965157,1341,0.21718931475029035,0.0040650406504065045,0.7787456445993032
1047,Baltimore City,1372,Baltimore City Precinct 27-028,32,1295,15,323,7,30,1372,1.0,0.023323615160349854,0.9438775510204082,0.010932944606413994,0.021865889212827987,1042,0.23542274052478135,0.00510204081632653,0.7594752186588921
1048,Baltimore City,858,Baltimore City Precinct 27-029,10,823,7,281,6,18,858,1.0,0.011655011655011656,0.9592074592074592,0.008158508158508158,0.02097902097902098,571,0.3275058275058275,0.006993006993006993,0.6655011655011654
1049,Baltimore City,1643,Baltimore City Precinct 09-008,18,1580,15,462,15,30,1643,1.0,0.010955569080949483,0.9616555082166768,0.009129640900791236,0.018259281801582473,1166,0.28119293974437004,0.009129640900791236,0.7096774193548387
1050,Baltimore City,1933,Baltimore City Precinct 09-006,142,1715,21,581,17,55,1933,1.0,0.0734609415416451,0.8872219348163477,0.010863942058975685,0.028453181583031558,1335,0.30056906363166064,0.008794619762027936,0.6906363166063114
1051,Baltimore City,1819,Baltimore City Precinct 09-007,152,1583,41,612,17,43,1819,1.0,0.08356239692138538,0.8702583837273227,0.022539857064321055,0.023639362286970864,1190,0.3364485981308411,0.009345794392523364,0.6542056074766355
1052,Baltimore City,1296,Baltimore City Precinct 27-025,35,1223,14,332,17,24,1296,1.0,0.02700617283950617,0.9436728395061729,0.010802469135802469,0.018518518518518517,947,0.25617283950617287,0.013117283950617283,0.7307098765432098
1053,Baltimore City,1047,Baltimore City Precinct 27-024,138,854,29,158,5,26,1047,1.0,0.1318051575931232,0.8156638013371538,0.027698185291308502,0.024832855778414518,884,0.15090735434574976,0.004775549188156638,0.8443170964660937
1054,Baltimore City,588,Baltimore City Precinct 27-023,30,534,7,202,8,17,588,1.0,0.05102040816326531,0.9081632653061225,0.011904761904761904,0.02891156462585034,378,0.3435374149659864,0.013605442176870748,0.6428571428571429
1055,Baltimore City,1632,Baltimore City Precinct 27-034,121,1435,32,488,10,44,1632,1.0,0.0741421568627451,0.8792892156862745,0.0196078431372549,0.02696078431372549,1134,0.29901960784313725,0.006127450980392157,0.6948529411764706
1056,Baltimore City,2316,Baltimore City Precinct 27-033,564,1641,35,675,49,76,2316,1.0,0.24352331606217617,0.7085492227979274,0.015112262521588947,0.03281519861830743,1592,0.2914507772020725,0.021157167530224525,0.687392055267703
1057,Baltimore City,2778,Baltimore City Precinct 27-032,1010,1467,153,729,86,148,2778,1.0,0.36357091432685384,0.5280777537796977,0.0550755939524838,0.05327573794096472,1963,0.26241900647948163,0.03095752339812815,0.7066234701223902
1060,Baltimore City,1703,Baltimore City Precinct 27-030,58,1571,33,406,7,41,1703,1.0,0.03405754550792719,0.9224897240164416,0.019377568995889608,0.024075161479741633,1290,0.2384028185554903,0.004110393423370522,0.7574867880211391
1061,Baltimore City,2334,Baltimore City Precinct 27-031,141,2109,26,681,29,58,2334,1.0,0.060411311053984576,0.903598971722365,0.011139674378748929,0.024850042844901457,1624,0.2917737789203085,0.012425021422450729,0.6958011996572407
1062,Baltimore City,2547,Baltimore City Precinct 27-022,207,2279,23,739,24,38,2547,1.0,0.0812720848056537,0.894778170396545,0.009030231645072634,0.0149195131527287,1784,0.2901452689438555,0.009422850412249705,0.7004318806438948
1063,Baltimore City,2765,Baltimore City Precinct 27-021,234,2402,44,771,25,85,2765,1.0,0.08462929475587704,0.8687160940325497,0.015913200723327307,0.03074141048824593,1969,0.27884267631103077,0.009041591320072333,0.7121157323688969
1064,Baltimore City,2623,Baltimore City Precinct 27-020,377,2071,61,622,32,114,2623,1.0,0.14372855508959206,0.789553945863515,0.023255813953488372,0.0434616850934045,1969,0.2371330537552421,0.012199771254288982,0.750667174990469
1066,Baltimore City,1108,Baltimore City Precinct 08-001,657,395,19,26,5,37,1108,1.0,0.5929602888086642,0.3564981949458484,0.017148014440433214,0.033393501805054154,1077,0.023465703971119134,0.004512635379061372,0.9720216606498195
1067,Baltimore City,1540,Baltimore City Precinct 08-002,183,1293,25,467,27,39,1540,1.0,0.11883116883116883,0.8396103896103896,0.016233766233766232,0.025324675324675326,1046,0.30324675324675326,0.01753246753246753,0.6792207792207792
1068,Baltimore City,2756,Baltimore City Precinct 26-021,263,2415,34,909,44,44,2756,1.0,0.09542815674891146,0.8762699564586357,0.012336719883889695,0.015965166908563134,1803,0.32982583454281567,0.015965166908563134,0.6542089985486212
1069,Baltimore City,813,Baltimore City Precinct 26-022,102,679,15,234,10,17,813,1.0,0.12546125461254612,0.8351783517835178,0.01845018450184502,0.020910209102091022,569,0.2878228782287823,0.012300123001230012,0.6998769987699877
1070,Baltimore City,586,Baltimore City Precinct 27-002,406,155,13,263,49,12,586,1.0,0.6928327645051194,0.2645051194539249,0.02218430034129693,0.020477815699658702,274,0.44880546075085326,0.08361774744027303,0.46757679180887374
1071,Baltimore City,2370,Baltimore City Precinct 27-001,734,1506,55,593,95,75,2370,1.0,0.309704641350211,0.6354430379746835,0.023206751054852322,0.03164556962025317,1682,0.25021097046413504,0.04008438818565401,0.7097046413502109
1072,Baltimore City,3583,Baltimore City Precinct 27-018,801,2616,55,564,92,111,3583,1.0,0.22355567959810216,0.7301144292492325,0.015350265140943344,0.030979626011722022,2927,0.1574099916271281,0.025676807144850683,0.8169132012280212
1073,Baltimore City,1263,Baltimore City Precinct 27-017,466,726,28,389,64,43,1263,1.0,0.36896278701504354,0.5748218527315915,0.022169437846397466,0.034045922406967535,810,0.3079968329374505,0.050673000791765635,0.6413301662707839
1074,Baltimore City,642,Baltimore City Precinct 27-003,342,267,15,192,29,18,642,1.0,0.5327102803738317,0.4158878504672897,0.02336448598130841,0.028037383177570093,421,0.29906542056074764,0.045171339563862926,0.6557632398753894
1075,Baltimore City,676,Baltimore City Precinct 27-004,338,306,14,180,52,18,676,1.0,0.5,0.4526627218934911,0.020710059171597635,0.026627218934911243,444,0.26627218934911245,0.07692307692307693,0.6568047337278107
1076,Baltimore City,796,Baltimore City Precinct 27-016,371,399,10,236,46,16,796,1.0,0.46608040201005024,0.5012562814070352,0.01256281407035176,0.020100502512562814,514,0.2964824120603015,0.05778894472361809,0.6457286432160804
1077,Baltimore City,1296,Baltimore City Precinct 26-023,120,1124,19,366,23,33,1296,1.0,0.09259259259259259,0.8672839506172839,0.014660493827160493,0.02546296296296296,907,0.2824074074074074,0.017746913580246913,0.6998456790123457
1078,Baltimore City,1224,Baltimore City Precinct 15-022,11,1172,28,478,8,13,1224,1.0,0.008986928104575163,0.9575163398692811,0.02287581699346405,0.010620915032679739,738,0.39052287581699346,0.006535947712418301,0.6029411764705882
1079,Baltimore City,2136,Baltimore City Precinct 15-024,9,2081,15,534,9,31,2136,1.0,0.004213483146067416,0.974250936329588,0.007022471910112359,0.01451310861423221,1593,0.25,0.004213483146067416,0.7457865168539326
1080,Baltimore City,964,Baltimore City Precinct 27-055,16,922,9,260,2,17,964,1.0,0.016597510373443983,0.9564315352697096,0.00933609958506224,0.017634854771784232,702,0.2697095435684647,0.002074688796680498,0.7282157676348547
1081,Baltimore City,951,Baltimore City Precinct 15-025,20,906,7,213,6,18,951,1.0,0.02103049421661409,0.9526813880126183,0.007360672975814932,0.01892744479495268,732,0.22397476340694006,0.006309148264984227,0.7697160883280757
1082,Baltimore City,614,Baltimore City Precinct 27-054,17,580,5,153,5,12,614,1.0,0.02768729641693811,0.9446254071661238,0.008143322475570033,0.019543973941368076,456,0.249185667752443,0.008143322475570033,0.742671009771987
1083,Baltimore City,804,Baltimore City Precinct 27-058,10,783,5,165,5,6,804,1.0,0.012437810945273632,0.9738805970149254,0.006218905472636816,0.007462686567164179,634,0.20522388059701493,0.006218905472636816,0.7885572139303483
1084,Baltimore City,1983,Baltimore City Precinct 27-053,65,1868,14,490,10,36,1983,1.0,0.03277861825516894,0.9420070600100857,0.0070600100857286935,0.018154311649016642,1483,0.24710035300050429,0.005042864346949067,0.7478567826525466
1085,Baltimore City,3199,Baltimore City Precinct 27-052,85,3007,46,631,14,61,3199,1.0,0.026570803376055017,0.9399812441387934,0.01437949359174742,0.019068458893404187,2554,0.19724914035636137,0.00437636761487965,0.798374492028759
1086,Baltimore City,2203,Baltimore City Precinct 15-023,61,2085,15,535,12,42,2203,1.0,0.027689514298683614,0.9464366772582842,0.006808896958692692,0.019064911484339538,1656,0.24285065819337268,0.005447117566954153,0.7517022242396731
1087,Baltimore City,1066,Baltimore City Precinct 13-005,806,170,39,290,95,51,1066,1.0,0.7560975609756098,0.15947467166979362,0.036585365853658534,0.04784240150093809,681,0.27204502814258913,0.08911819887429644,0.6388367729831145
1088,Baltimore City,1038,Baltimore City Precinct 27-048,156,811,18,285,20,53,1038,1.0,0.15028901734104047,0.7813102119460501,0.017341040462427744,0.051059730250481696,733,0.2745664739884393,0.019267822736030827,0.7061657032755299
1089,Baltimore City,827,Baltimore City Precinct 27-043,692,80,15,280,80,40,827,1.0,0.8367593712212817,0.09673518742442563,0.018137847642079808,0.04836759371221282,467,0.3385731559854897,0.09673518742442563,0.5646916565900847
1090,Baltimore City,1140,Baltimore City Precinct 27-050,691,377,24,490,38,48,1140,1.0,0.606140350877193,0.3307017543859649,0.021052631578947368,0.042105263157894736,612,0.4298245614035088,0.03333333333333333,0.5368421052631579
1091,Baltimore City,390,Baltimore City Precinct 27-051,146,233,3,104,5,8,390,1.0,0.37435897435897436,0.5974358974358974,0.007692307692307693,0.020512820512820513,281,0.26666666666666666,0.01282051282051282,0.7205128205128205
1092,Baltimore City,2674,Baltimore City Precinct 27-049,2164,287,59,839,199,164,2674,1.0,0.8092744951383695,0.10732984293193717,0.022064323111443532,0.061331338818249814,1636,0.3137621540762902,0.07442034405385191,0.6118175018698578
1094,Baltimore City,777,Baltimore City Precinct 13-006,30,728,7,239,5,12,777,1.0,0.03861003861003861,0.9369369369369369,0.009009009009009009,0.015444015444015444,533,0.3075933075933076,0.006435006435006435,0.685971685971686
1095,Baltimore City,1244,Baltimore City Precinct 13-004,1098,53,36,351,184,57,1244,1.0,0.882636655948553,0.04260450160771704,0.028938906752411574,0.04581993569131833,709,0.2821543408360129,0.14790996784565916,0.569935691318328
1096,Baltimore City,2273,Baltimore City Precinct 13-003,1980,107,75,650,237,111,2273,1.0,0.8710954685437747,0.047074351077870655,0.032996040475142985,0.048834139903211615,1386,0.28596568411790585,0.10426748790145182,0.6097668279806423
1097,Baltimore City,2199,Baltimore City Precinct 13-011,1953,52,56,767,160,138,2199,1.0,0.888130968622101,0.02364711232378354,0.02546612096407458,0.06275579809004093,1272,0.3487949067758072,0.07276034561164166,0.5784447476125512
1098,Baltimore City,1290,Baltimore City Precinct 13-012,1174,35,30,682,142,51,1290,1.0,0.9100775193798449,0.027131782945736434,0.023255813953488372,0.03953488372093023,466,0.5286821705426357,0.11007751937984496,0.3612403100775194
1099,Baltimore City,2558,Baltimore City Precinct 13-001,1793,265,66,423,50,434,2558,1.0,0.700938232994527,0.1035965598123534,0.02580140734949179,0.16966379984362784,2085,0.1653635652853792,0.019546520719311962,0.8150899139953088
1100,Baltimore City,1628,Baltimore City Precinct 27-047,1104,266,58,394,134,200,1628,1.0,0.6781326781326781,0.16339066339066338,0.03562653562653563,0.12285012285012285,1100,0.24201474201474202,0.08230958230958231,0.6756756756756757
1101,Baltimore City,1385,Baltimore City Precinct 13-002,1103,151,47,424,129,84,1385,1.0,0.7963898916967509,0.10902527075812274,0.03393501805054152,0.06064981949458484,832,0.3061371841155235,0.09314079422382672,0.6007220216606498
1102,Baltimore City,802,Baltimore City Precinct 27-046,669,46,25,364,67,62,802,1.0,0.8341645885286783,0.057356608478802994,0.03117206982543641,0.0773067331670823,371,0.4538653366583541,0.08354114713216958,0.4625935162094763
1103,Baltimore City,4732,Baltimore City Precinct 27-045,3995,312,200,678,130,225,4732,1.0,0.8442519019442096,0.06593406593406594,0.042265426880811495,0.047548605240912936,3924,0.14327979712595096,0.027472527472527472,0.8292476754015216
1104,Baltimore City,1486,Baltimore City Precinct 12-003,862,154,80,344,44,390,1486,1.0,0.5800807537012113,0.10363391655450875,0.05383580080753701,0.26244952893674295,1098,0.23149394347240915,0.029609690444145357,0.7388963660834454
1105,Baltimore City,1587,Baltimore City Precinct 12-006,1031,182,74,353,25,300,1587,1.0,0.649653434152489,0.1146817895400126,0.04662885948330183,0.1890359168241966,1209,0.22243226212980466,0.01575299306868305,0.7618147448015122
1106,Baltimore City,1914,Baltimore City Precinct 12-005,1218,238,84,446,29,374,1914,1.0,0.6363636363636364,0.12434691745036573,0.0438871473354232,0.19540229885057472,1439,0.2330198537095089,0.015151515151515152,0.7518286311389759
1107,Baltimore City,3814,Baltimore City Precinct 12-004,2068,285,225,495,39,1236,3814,1.0,0.5422128998426848,0.07472469847928684,0.05899318300996329,0.32406921866806504,3280,0.12978500262191925,0.010225485055060305,0.8599895123230205
1108,Baltimore City,2306,Baltimore City Precinct 12-002,1529,210,82,85,23,485,2306,1.0,0.663052905464007,0.09106678230702515,0.03555941023417172,0.2103209019947962,2198,0.03686036426712923,0.00997398091934085,0.9531656548135299
1109,Baltimore City,2090,Baltimore City Precinct 12-001,1535,103,66,964,165,386,2090,1.0,0.7344497607655502,0.049282296650717705,0.031578947368421054,0.184688995215311,961,0.46124401913875596,0.07894736842105263,0.4598086124401914
1163,Baltimore City,2988,Baltimore City Precinct 28-006,115,2785,40,674,25,48,2988,1.0,0.03848728246318608,0.9320615796519411,0.013386880856760375,0.01606425702811245,2289,0.22556894243641232,0.008366800535475234,0.7660642570281124
1164,Baltimore City,1374,Baltimore City Precinct 28-007,38,1282,31,385,10,23,1374,1.0,0.027656477438136828,0.9330422125181951,0.022561863173216887,0.016739446870451237,979,0.2802037845705968,0.00727802037845706,0.7125181950509462
1165,Baltimore City,1808,Baltimore City Precinct 28-005,29,1725,23,472,9,31,1808,1.0,0.016039823008849558,0.9540929203539823,0.012721238938053098,0.017146017699115043,1327,0.2610619469026549,0.00497787610619469,0.7339601769911505
1166,Baltimore City,2470,Baltimore City Precinct 28-002,50,2355,16,552,13,49,2470,1.0,0.020242914979757085,0.9534412955465587,0.006477732793522267,0.019838056680161944,1905,0.22348178137651822,0.005263157894736842,0.771255060728745
1167,Baltimore City,882,Baltimore City Precinct 28-004,11,834,19,219,16,18,882,1.0,0.012471655328798186,0.9455782312925171,0.021541950113378686,0.02040816326530612,647,0.24829931972789115,0.018140589569160998,0.7335600907029478
1168,Baltimore City,1074,Baltimore City Precinct 15-002,22,1028,10,261,5,14,1074,1.0,0.020484171322160148,0.957169459962756,0.00931098696461825,0.01303538175046555,808,0.2430167597765363,0.004655493482309125,0.7523277467411545
1169,Baltimore City,2856,Baltimore City Precinct 15-009,38,2763,25,825,23,30,2856,1.0,0.01330532212885154,0.967436974789916,0.008753501400560224,0.01050420168067227,2008,0.28886554621848737,0.008053221288515405,0.7030812324929971
1201,Baltimore City,1822,Baltimore City Precinct 03-001,235,1360,126,503,17,101,1822,1.0,0.12897914379802414,0.7464324917672887,0.06915477497255763,0.05543358946212953,1302,0.27607025246981337,0.009330406147091108,0.7145993413830956
1202,Baltimore City,356,Baltimore City Precinct 05-002,41,198,8,44,1,109,356,1.0,0.1151685393258427,0.5561797752808989,0.02247191011235955,0.3061797752808989,311,0.12359550561797752,0.0028089887640449437,0.8735955056179775
1203,Baltimore City,1273,Baltimore City Precinct 10-002,8,1234,8,496,6,23,1273,1.0,0.006284367635506678,0.969363707776905,0.006284367635506678,0.018067556952081697,771,0.389630793401414,0.004713275726630008,0.605655930871956
1204,Baltimore City,987,Baltimore City Precinct 10-001,13,954,4,414,2,16,987,1.0,0.013171225937183385,0.9665653495440729,0.004052684903748734,0.016210739614994935,571,0.4194528875379939,0.002026342451874367,0.5785207700101317
1205,Baltimore City,1789,Baltimore City Precinct 09-015,22,1719,19,613,14,29,1789,1.0,0.012297372833985467,0.9608719955282281,0.010620458356623811,0.01621017328116266,1162,0.3426495248742314,0.007825600894354388,0.6495248742314143
1206,Baltimore City,1316,Baltimore City Precinct 12-007,363,873,34,563,15,46,1316,1.0,0.27583586626139817,0.6633738601823708,0.025835866261398176,0.034954407294832825,738,0.4278115501519757,0.011398176291793313,0.560790273556231
1207,Baltimore City,1357,Baltimore City Precinct 09-014,18,1308,7,573,12,24,1357,1.0,0.013264554163596167,0.9638909358879882,0.005158437730287398,0.017686072218128224,772,0.42225497420781133,0.008843036109064112,0.5689019896831246
1208,Baltimore City,364,Baltimore City Precinct 09-011,6,351,5,82,2,2,364,1.0,0.016483516483516484,0.9642857142857143,0.013736263736263736,0.005494505494505495,280,0.22527472527472528,0.005494505494505495,0.7692307692307693
1209,Baltimore City,917,Baltimore City Precinct 09-013,12,874,4,184,6,27,917,1.0,0.013086150490730643,0.9531079607415486,0.004362050163576881,0.029443838604143947,727,0.20065430752453653,0.006543075245365322,0.7928026172300982
1210,Baltimore City,1609,Baltimore City Precinct 09-012,36,1537,18,481,10,18,1609,1.0,0.022374145431945307,0.9552517091361094,0.011187072715972654,0.011187072715972654,1118,0.29894344313238036,0.006215040397762586,0.694841516469857
1211,Baltimore City,1368,Baltimore City Precinct 02-001,706,229,312,326,57,121,1368,1.0,0.5160818713450293,0.16739766081871346,0.22807017543859648,0.08845029239766082,985,0.23830409356725146,0.041666666666666664,0.7200292397660819
1212,Baltimore City,1117,Baltimore City Precinct 06-004,528,424,76,393,42,89,1117,1.0,0.4726947179946285,0.37958818263205013,0.06803939122649955,0.07967770814682185,682,0.35183527305282003,0.03760071620411817,0.6105640107430618
1213,Baltimore City,475,Baltimore City Precinct 06-003,44,391,9,175,5,31,475,1.0,0.09263157894736843,0.8231578947368421,0.018947368421052633,0.06526315789473684,295,0.3684210526315789,0.010526315789473684,0.6210526315789474
1214,Baltimore City,1050,Baltimore City Precinct 07-001,14,1008,6,349,5,22,1050,1.0,0.013333333333333334,0.96,0.005714285714285714,0.02095238095238095,696,0.3323809523809524,0.004761904761904762,0.6628571428571428
1215,Baltimore City,584,Baltimore City Precinct 08-007,15,556,2,575,7,11,584,1.3197278911564625,0.025684931506849314,0.952054794520548,0.003424657534246575,0.018835616438356163,2,0.9845890410958904,0.011986301369863013,0.003424657534246575
1216,Baltimore City,250,Baltimore City Precinct 07-002,11,236,0,80,0,3,250,1.0,0.044,0.944,0.0,0.012,170,0.32,0.0,0.68
1217,Baltimore City,819,Baltimore City Precinct 06-002,107,570,108,227,10,34,819,1.0,0.13064713064713065,0.6959706959706959,0.13186813186813187,0.04151404151404151,582,0.2771672771672772,0.01221001221001221,0.7106227106227107
1218,Baltimore City,2445,Baltimore City Precinct 07-003,84,2189,100,668,11,72,2445,1.0,0.0343558282208589,0.8952965235173824,0.0408997955010225,0.029447852760736196,1766,0.27321063394683026,0.004498977505112475,0.7222903885480573
1219,Baltimore City,986,Baltimore City Precinct 08-008,30,938,7,358,77,11,986,1.0,0.030425963488843813,0.9513184584178499,0.007099391480730223,0.011156186612576065,551,0.3630831643002028,0.07809330628803246,0.5588235294117647
1220,Baltimore City,1928,Baltimore City Precinct 08-006,31,1858,14,769,14,25,1928,1.0,0.016078838174273857,0.9636929460580913,0.007261410788381743,0.012966804979253113,1145,0.39885892116182575,0.007261410788381743,0.5938796680497925
1221,Baltimore City,1774,Baltimore City Precinct 08-005,22,1717,8,511,10,27,1774,1.0,0.012401352874859075,0.967869222096956,0.004509582863585118,0.015219842164599774,1253,0.28804960541149943,0.005636978579481398,0.7063134160090192
1222,Baltimore City,1071,Baltimore City Precinct 08-009,21,1020,17,26,2,13,1071,1.0,0.0196078431372549,0.9523809523809523,0.015873015873015872,0.012138188608776844,1043,0.02427637721755369,0.0018674136321195146,0.9738562091503268
1223,Baltimore City,473,Baltimore City Precinct 08-004,8,456,2,143,3,7,473,1.0,0.016913319238900635,0.9640591966173362,0.004228329809725159,0.014799154334038054,327,0.3023255813953488,0.006342494714587738,0.6913319238900634
1224,Baltimore City,951,Baltimore City Precinct 26-008,818,38,31,356,196,64,951,1.0,0.8601472134595163,0.03995793901156677,0.03259726603575184,0.06729758149316509,399,0.3743427970557308,0.20609884332281808,0.4195583596214511
1225,Baltimore City,2859,Baltimore City Precinct 01-004,2482,142,83,536,341,152,2859,1.0,0.8681357117873383,0.049667715984610006,0.029031129765652326,0.05316544246239944,1982,0.1874781392095138,0.1192724728926198,0.6932493878978664
1226,Baltimore City,3180,Baltimore City Precinct 01-005,2843,73,164,741,430,100,3180,1.0,0.8940251572327044,0.022955974842767294,0.05157232704402516,0.031446540880503145,2009,0.2330188679245283,0.13522012578616352,0.6317610062893082
1227,Baltimore City,3113,Baltimore City Precinct 26-009,2667,97,200,553,353,149,3113,1.0,0.856729842595567,0.031159653067780277,0.06424670735624799,0.04786379698040476,2207,0.1776421458400257,0.1133954384837777,0.7089624156761966
1228,Baltimore City,1478,Baltimore City Precinct 26-006,963,43,407,204,157,65,1478,1.0,0.6515561569688768,0.029093369418132613,0.2753721244925575,0.04397834912043302,1117,0.13802435723951287,0.10622462787550745,0.7557510148849798
1229,Baltimore City,1558,Baltimore City Precinct 01-001,1017,175,283,394,114,83,1558,1.0,0.6527599486521181,0.1123234916559692,0.1816431322207959,0.05327342747111682,1050,0.25288831835686776,0.07317073170731707,0.6739409499358151
1230,Baltimore City,3120,Baltimore City Precinct 06-005,1381,861,721,705,112,157,3120,1.0,0.4426282051282051,0.2759615384615385,0.2310897435897436,0.05032051282051282,2303,0.22596153846153846,0.035897435897435895,0.7381410256410257
1231,Baltimore City,1744,Baltimore City Precinct 06-001,198,1110,376,398,21,60,1744,1.0,0.11353211009174312,0.6364678899082569,0.21559633027522937,0.034403669724770644,1325,0.22821100917431192,0.012041284403669725,0.7597477064220184
1232,Baltimore City,1555,Baltimore City Precinct 23-001,1384,62,44,429,175,65,1555,1.0,0.890032154340836,0.03987138263665595,0.02829581993569132,0.04180064308681672,951,0.27588424437299036,0.11254019292604502,0.6115755627009646
1233,Baltimore City,1449,Baltimore City Precinct 22-002,1253,91,32,535,159,73,1449,1.0,0.8647342995169082,0.06280193236714976,0.022084195997239476,0.05037957211870255,755,0.3692201518288475,0.10973084886128365,0.5210489993098689
1234,Baltimore City,1095,Baltimore City Precinct 22-001,797,197,30,279,103,71,1095,1.0,0.7278538812785388,0.17990867579908676,0.0273972602739726,0.06484018264840183,713,0.2547945205479452,0.09406392694063927,0.6511415525114155
1235,Baltimore City,1382,Baltimore City Precinct 19-001,24,1280,54,475,7,24,1382,1.0,0.017366136034732273,0.9261939218523878,0.03907380607814761,0.017366136034732273,900,0.34370477568740954,0.005065123010130246,0.6512301013024602
1236,Baltimore City,1137,Baltimore City Precinct 16-003,9,1100,4,268,7,24,1137,1.0,0.0079155672823219,0.9674582233948988,0.003518029903254178,0.021108179419525065,862,0.2357080035180299,0.006156552330694811,0.7581354441512753
1237,Baltimore City,1737,Baltimore City Precinct 16-002,27,1652,20,384,11,38,1737,1.0,0.015544041450777202,0.9510650546919976,0.011514104778353483,0.021876799078871616,1342,0.22107081174438686,0.0063327576280944155,0.7725964306275187
1238,Baltimore City,985,Baltimore City Precinct 16-001,18,942,7,277,0,18,985,1.0,0.018274111675126905,0.9563451776649746,0.007106598984771574,0.018274111675126905,708,0.2812182741116751,0.0,0.7187817258883249
1239,Baltimore City,1226,Baltimore City Precinct 18-001,14,1194,6,296,4,12,1226,1.0,0.011419249592169658,0.9738988580750407,0.004893964110929853,0.009787928221859706,926,0.24143556280587275,0.0032626427406199023,0.7553017944535073
1240,Baltimore City,1367,Baltimore City Precinct 17-002,16,1287,25,828,20,39,1367,1.0,0.011704462326261888,0.9414776883686906,0.018288222384784197,0.02852962692026335,519,0.6057059253840527,0.014630577907827359,0.37966349670812
1241,Baltimore City,1008,Baltimore City Precinct 14-003,24,952,18,288,8,14,1008,1.0,0.023809523809523808,0.9444444444444444,0.017857142857142856,0.013888888888888888,712,0.2857142857142857,0.007936507936507936,0.7063492063492064
1242,Baltimore City,1794,Baltimore City Precinct 15-019,31,1733,8,36,0,22,1794,1.0,0.017279821627647716,0.9659977703455964,0.004459308807134894,0.012263099219620958,1758,0.020066889632107024,0.0,0.979933110367893
1243,Baltimore City,529,Baltimore City Precinct 14-005,4,514,5,167,2,6,529,1.0,0.007561436672967864,0.9716446124763705,0.00945179584120983,0.011342155009451797,360,0.31568998109640833,0.003780718336483932,0.6805293005671077
1244,Baltimore City,1897,Baltimore City Precinct 13-008,110,1704,28,608,14,55,1897,1.0,0.05798629414865577,0.8982604111755403,0.014760147601476014,0.028993147074327884,1275,0.32050606220347916,0.007380073800738007,0.6721138639957828
1245,Baltimore City,1483,Baltimore City Precinct 13-007,15,1435,11,501,5,22,1483,1.0,0.010114632501685773,0.9676331759946055,0.007417397167902899,0.014834794335805798,977,0.3378287255563048,0.0033715441672285905,0.6587997302764667
1246,Baltimore City,2314,Baltimore City Precinct 14-004,223,1976,33,803,21,82,2314,1.0,0.09636992221261884,0.8539325842696629,0.014261019878997408,0.03543647363872083,1490,0.3470181503889369,0.009075194468452896,0.6439066551426103
1247,Baltimore City,1277,Baltimore City Precinct 13-009,88,1132,28,363,9,29,1277,1.0,0.06891151135473766,0.8864526233359437,0.02192638997650744,0.022709475332811275,905,0.28425998433829286,0.007047768206734534,0.7086922474549726
1248,Baltimore City,1887,Baltimore City Precinct 13-010,272,1536,28,485,18,51,1887,1.0,0.14414414414414414,0.8139904610492846,0.01483836777954425,0.02702702702702703,1384,0.2570217276099629,0.009538950715421303,0.7334393216746158
1249,Baltimore City,588,Baltimore City Precinct 04-003,33,494,9,194,4,52,588,1.0,0.05612244897959184,0.8401360544217688,0.015306122448979591,0.08843537414965986,390,0.3299319727891156,0.006802721088435374,0.6632653061224489
1250,Baltimore City,2521,Baltimore City Precinct 04-002,1231,629,120,636,70,541,2521,1.0,0.48829829432764776,0.24950416501388337,0.04760015866719556,0.21459738199127332,1815,0.25228084093613645,0.027766759222530742,0.7199523998413329
1251,Baltimore City,1979,Baltimore City Precinct 17-001,162,1737,30,62,1,50,1979,1.0,0.08185952501263265,0.8777160181910055,0.015159171298635674,0.025265285497726123,1916,0.031328954017180395,0.0005053057099545225,0.9681657402728651
1252,Baltimore City,1028,Baltimore City Precinct 11-004,115,881,10,32,0,22,1028,1.0,0.11186770428015565,0.8570038910505836,0.009727626459143969,0.021400778210116732,996,0.0311284046692607,0.0,0.9688715953307393
1253,Baltimore City,1704,Baltimore City Precinct 11-003,892,527,55,602,44,230,1704,1.0,0.5234741784037559,0.30927230046948356,0.03227699530516432,0.13497652582159625,1058,0.3532863849765258,0.025821596244131457,0.6208920187793427
1254,Baltimore City,2097,Baltimore City Precinct 04-001,924,523,112,216,46,538,2097,1.0,0.4406294706723891,0.24940391034811635,0.05340963280877444,0.2565569861707201,1835,0.10300429184549356,0.021936099189318072,0.8750596089651884
1255,Baltimore City,2967,Baltimore City Precinct 11-006,1600,831,124,809,73,412,2967,1.0,0.5392652510953826,0.2800808897876643,0.04179305695989215,0.138860802157061,2085,0.2726659925851028,0.02460397708122683,0.7027300303336703
1256,Baltimore City,870,Baltimore City Precinct 11-005,547,176,53,452,27,94,870,1.0,0.628735632183908,0.20229885057471264,0.06091954022988506,0.10804597701149425,391,0.5195402298850574,0.03103448275862069,0.4494252873563218
1257,Baltimore City,645,Baltimore City Precinct 11-002,302,248,21,172,18,74,645,1.0,0.4682170542635659,0.38449612403100775,0.03255813953488372,0.11472868217054263,455,0.26666666666666666,0.027906976744186046,0.7054263565891473
1258,Baltimore City,1818,Baltimore City Precinct 11-007,1109,408,93,571,51,208,1818,1.0,0.61001100110011,0.22442244224422442,0.05115511551155116,0.11441144114411442,1196,0.3140814081408141,0.028052805280528052,0.6578657865786579
1259,Baltimore City,1899,Baltimore City Precinct 11-001,1177,423,92,570,50,207,1899,1.0,0.6197998946814113,0.22274881516587677,0.04844655081621906,0.10900473933649289,1279,0.3001579778830964,0.02632964718272775,0.6735123749341759
1260,Baltimore City,1670,Baltimore City Precinct 14-002,830,698,47,301,11,95,1670,1.0,0.49700598802395207,0.4179640718562874,0.0281437125748503,0.05688622754491018,1358,0.18023952095808382,0.006586826347305389,0.8131736526946107
1261,Baltimore City,1524,Baltimore City Precinct 14-001,930,325,52,391,24,217,1524,1.0,0.610236220472441,0.21325459317585302,0.03412073490813648,0.14238845144356954,1109,0.25656167979002625,0.015748031496062992,0.7276902887139107
1262,Baltimore City,2304,Baltimore City Precinct 12-009,1078,938,101,543,101,187,2304,1.0,0.4678819444444444,0.4071180555555556,0.04383680555555555,0.08116319444444445,1660,0.23567708333333334,0.04383680555555555,0.7204861111111112
1263,Baltimore City,1485,Baltimore City Precinct 12-012,447,940,26,541,20,72,1485,1.0,0.301010101010101,0.632996632996633,0.017508417508417508,0.048484848484848485,924,0.3643097643097643,0.013468013468013467,0.6222222222222222
1289,Baltimore City,1691,Baltimore City Precinct 16-009,6,1642,19,557,4,24,1691,1.0,0.0035481963335304554,0.9710230632761679,0.011235955056179775,0.014192785334121822,1130,0.32939089296274393,0.002365464222353637,0.6682436428149024
1290,Baltimore City,1025,Baltimore City Precinct 16-010,10,995,4,313,3,16,1025,1.0,0.00975609756097561,0.9707317073170731,0.003902439024390244,0.015609756097560976,709,0.3053658536585366,0.002926829268292683,0.6917073170731707
1291,Baltimore City,936,Baltimore City Precinct 16-011,6,912,7,256,4,11,936,1.0,0.00641025641025641,0.9743589743589743,0.007478632478632479,0.011752136752136752,676,0.27350427350427353,0.004273504273504274,0.7222222222222222
1292,Baltimore City,365,Baltimore City Precinct 15-012,13,346,3,84,0,3,365,1.0,0.03561643835616438,0.947945205479452,0.00821917808219178,0.00821917808219178,281,0.23013698630136986,0.0,0.7698630136986301
1293,Baltimore City,1645,Baltimore City Precinct 15-007,21,1550,44,426,8,30,1645,1.0,0.01276595744680851,0.9422492401215805,0.026747720364741642,0.0182370820668693,1211,0.2589665653495441,0.004863221884498481,0.7361702127659574
1294,Baltimore City,754,Baltimore City Precinct 15-013,5,731,10,234,3,8,754,1.0,0.006631299734748011,0.9694960212201591,0.013262599469496022,0.010610079575596816,517,0.3103448275862069,0.003978779840848806,0.6856763925729443
1295,Baltimore City,813,Baltimore City Precinct 15-015,5,784,7,209,5,17,813,1.0,0.006150061500615006,0.964329643296433,0.008610086100861008,0.020910209102091022,599,0.2570725707257073,0.006150061500615006,0.7367773677736777
1296,Baltimore City,1295,Baltimore City Precinct 15-014,10,1262,3,445,8,20,1295,1.0,0.007722007722007722,0.9745173745173745,0.0023166023166023165,0.015444015444015444,842,0.3436293436293436,0.006177606177606178,0.6501930501930502
1297,Baltimore City,1699,Baltimore City Precinct 15-006,17,1643,10,574,13,29,1699,1.0,0.010005885815185403,0.9670394349617422,0.005885815185403178,0.017068864037669218,1112,0.33784579164214246,0.007651559741024131,0.6545026486168334
1298,Baltimore City,964,Baltimore City Precinct 16-007,6,927,5,469,11,26,964,1.0,0.006224066390041493,0.9616182572614108,0.005186721991701245,0.026970954356846474,484,0.48651452282157676,0.011410788381742738,0.5020746887966805
1299,Baltimore City,1884,Baltimore City Precinct 16-006,7,1841,10,536,5,26,1884,1.0,0.0037154989384288748,0.977176220806794,0.005307855626326964,0.013800424628450107,1343,0.28450106157112526,0.002653927813163482,0.7128450106157113
1300,Baltimore City,1791,Baltimore City Precinct 20-001,30,1710,23,492,4,28,1791,1.0,0.01675041876046901,0.9547738693467337,0.012841987716359575,0.015633724176437745,1295,0.2747068676716918,0.002233389168062535,0.7230597431602457
1301,Baltimore City,764,Baltimore City Precinct 16-004,12,736,3,161,4,13,764,1.0,0.015706806282722512,0.9633507853403142,0.003926701570680628,0.017015706806282723,599,0.2107329842931937,0.005235602094240838,0.7840314136125655
1302,Baltimore City,2126,Baltimore City Precinct 16-005,27,2054,18,545,6,27,2126,1.0,0.012699905926622766,0.9661335841956726,0.008466603951081843,0.012699905926622766,1575,0.25634995296331137,0.0028222013170272815,0.7408278457196613
1303,Baltimore City,1404,Baltimore City Precinct 15-018,4,1378,6,983,12,16,1404,1.0,0.002849002849002849,0.9814814814814815,0.004273504273504274,0.011396011396011397,409,0.7001424501424501,0.008547008547008548,0.2913105413105413
1304,Baltimore City,1040,Baltimore City Precinct 15-016,9,1012,3,265,4,16,1040,1.0,0.008653846153846154,0.9730769230769231,0.0028846153846153848,0.015384615384615385,771,0.2548076923076923,0.0038461538461538464,0.7413461538461539
1305,Baltimore City,2987,Baltimore City Precinct 15-020,37,2836,43,757,6,71,2987,1.0,0.012387010378305993,0.9494476062939404,0.014395714763977234,0.023769668563776363,2224,0.25343153665885504,0.002008704385671242,0.7445597589554738
1306,Baltimore City,1237,Baltimore City Precinct 15-021,14,1191,5,291,4,27,1237,1.0,0.01131770412287793,0.9628132578819725,0.004042037186742118,0.021827000808407437,942,0.23524656426839127,0.0032336297493936943,0.761519805982215
1307,Baltimore City,1807,Baltimore City Precinct 15-017,23,1743,21,666,9,20,1807,1.0,0.012728278915329275,0.9645821804095185,0.01162147205312673,0.011068068622025456,1132,0.3685666851134477,0.004980630879911455,0.6264526840066409
1308,Baltimore City,1062,Baltimore City Precinct 25-006,24,1008,12,386,4,18,1062,1.0,0.022598870056497175,0.9491525423728814,0.011299435028248588,0.01694915254237288,672,0.3634651600753296,0.003766478342749529,0.632768361581921
1309,Baltimore City,596,Baltimore City Precinct 25-007,133,421,12,180,14,30,596,1.0,0.2231543624161074,0.7063758389261745,0.020134228187919462,0.050335570469798654,402,0.30201342281879195,0.02348993288590604,0.674496644295302
1310,Baltimore City,2234,Baltimore City Precinct 21-003,992,973,87,555,107,182,2234,1.0,0.4440465532676813,0.43554162936436885,0.03894359892569382,0.08146821844225605,1572,0.2484333034914951,0.047896150402864816,0.7036705461056401
1311,Baltimore City,3343,Baltimore City Precinct 19-002,1090,1844,221,505,67,188,3343,1.0,0.3260544421178582,0.5516003589590188,0.06610828597068501,0.05623691295243793,2771,0.1510619204307508,0.020041878552198623,0.8288962010170505
1312,Baltimore City,489,Baltimore City Precinct 21-004,246,221,12,154,30,10,489,1.0,0.5030674846625767,0.45194274028629855,0.024539877300613498,0.02044989775051125,305,0.3149284253578732,0.06134969325153374,0.623721881390593
1313,Baltimore City,1952,Baltimore City Precinct 18-002,558,1266,43,428,37,85,1952,1.0,0.2858606557377049,0.6485655737704918,0.022028688524590164,0.043545081967213115,1487,0.2192622950819672,0.018954918032786885,0.7617827868852459
1314,Baltimore City,1673,Baltimore City Precinct 21-002,672,802,43,499,66,156,1673,1.0,0.401673640167364,0.4793783622235505,0.025702331141661684,0.09324566646742379,1108,0.29826658696951586,0.03945008965929468,0.6622833233711894
1315,Baltimore City,2033,Baltimore City Precinct 23-003,1802,94,64,592,278,73,2033,1.0,0.8863748155435317,0.046237088047220855,0.03148057058534186,0.03590752582390556,1163,0.2911952779144122,0.1367437284800787,0.5720609936055091
1316,Baltimore City,1153,Baltimore City Precinct 21-001,755,197,50,242,28,151,1153,1.0,0.6548135299219427,0.17085862966175194,0.04336513443191674,0.13096270598438856,883,0.209887250650477,0.024284475281873375,0.7658282740676496
1317,Baltimore City,1038,Baltimore City Precinct 23-002,584,386,30,344,64,38,1038,1.0,0.5626204238921002,0.371868978805395,0.028901734104046242,0.036608863198458574,630,0.33140655105973027,0.06165703275529865,0.6069364161849711
1318,Baltimore City,2506,Baltimore City Precinct 20-007,148,2271,32,531,35,55,2506,1.0,0.05905826017557861,0.9062250598563448,0.012769353551476457,0.02194732641660016,1940,0.21189146049481244,0.013966480446927373,0.7741420590582602
1319,Baltimore City,2106,Baltimore City Precinct 28-010,255,1797,16,479,41,38,2106,1.0,0.12108262108262108,0.8532763532763533,0.007597340930674264,0.018043684710351376,1586,0.22744539411206077,0.0194681861348528,0.7530864197530864
1320,Baltimore City,458,Baltimore City Precinct 28-012,55,385,5,282,40,13,458,1.0,0.12008733624454149,0.8406113537117904,0.010917030567685589,0.028384279475982533,136,0.6157205240174672,0.08733624454148471,0.29694323144104806
1321,Baltimore City,2423,Baltimore City Precinct 28-009,274,2052,45,660,30,52,2423,1.0,0.1130829550144449,0.846884028064383,0.018572018159306643,0.021460998761865455,1733,0.2723895996698308,0.012381345439537762,0.7152290548906315
1322,Baltimore City,1962,Baltimore City Precinct 28-011,173,1728,28,463,36,33,1962,1.0,0.08817533129459736,0.8807339449541285,0.014271151885830785,0.016819571865443424,1463,0.23598369011213047,0.01834862385321101,0.7456676860346585
1323,Baltimore City,3079,Baltimore City Precinct 20-006,15,3014,20,846,5,30,3079,1.0,0.004871711594673595,0.9788892497564144,0.006495615459564794,0.00974342318934719,2228,0.27476453393959077,0.0016239038648911985,0.723611562195518
1324,Baltimore City,3001,Baltimore City Precinct 16-014,29,2900,23,628,9,49,3001,1.0,0.009663445518160613,0.9663445518160613,0.007664111962679107,0.016327890703098966,2364,0.2092635788070643,0.002999000333222259,0.7877374208597134
1325,Baltimore City,1740,Baltimore City Precinct 28-008,83,1617,10,400,6,30,1740,1.0,0.04770114942528736,0.9293103448275862,0.005747126436781609,0.017241379310344827,1334,0.22988505747126436,0.0034482758620689655,0.7666666666666667
1326,Baltimore City,1451,Baltimore City Precinct 15-011,43,1372,13,446,12,23,1451,1.0,0.029634734665747762,0.9455547898001379,0.00895933838731909,0.015851137146795313,993,0.3073742246726396,0.008270158511371467,0.684355616815989
1327,Baltimore City,1492,Baltimore City Precinct 15-010,39,1422,15,401,13,16,1492,1.0,0.02613941018766756,0.953083109919571,0.010053619302949061,0.010723860589812333,1078,0.2687667560321716,0.00871313672922252,0.7225201072386059
1375,Baltimore City,2932,Baltimore City Precinct 28-015,976,1810,49,528,78,97,2932,1.0,0.3328785811732606,0.6173260572987722,0.016712141882673944,0.033083219645293316,2326,0.1800818553888131,0.02660300136425648,0.7933151432469304
1376,Baltimore City,2794,Baltimore City Precinct 25-001,329,2336,55,838,51,74,2794,1.0,0.11775232641374374,0.8360773085182533,0.01968503937007874,0.026485325697924122,1905,0.2999284180386543,0.01825340014316392,0.6818181818181818
1377,Baltimore City,742,Baltimore City Precinct 28-014,55,669,4,195,9,14,742,1.0,0.07412398921832884,0.9016172506738545,0.005390835579514825,0.018867924528301886,538,0.2628032345013477,0.012129380053908356,0.7250673854447439
1378,Baltimore City,2138,Baltimore City Precinct 25-002,205,1832,37,578,32,64,2138,1.0,0.09588400374181479,0.8568755846585594,0.017305893358278764,0.029934518241347054,1528,0.27034611786716556,0.014967259120673527,0.7146866230121609
1379,Baltimore City,1494,Baltimore City Precinct 28-013,105,1354,12,328,13,23,1494,1.0,0.07028112449799197,0.9062918340026773,0.008032128514056224,0.015394912985274432,1153,0.21954484605087016,0.008701472556894244,0.7717536813922357
1380,Baltimore City,714,Baltimore City Precinct 20-008,104,582,3,161,11,25,714,1.0,0.14565826330532214,0.8151260504201681,0.004201680672268907,0.0350140056022409,542,0.22549019607843138,0.015406162464985995,0.7591036414565826
1698,Baltimore City,1766,Baltimore City Precinct 15-001,42,1689,11,451,9,24,1766,1.0,0.02378255945639864,0.9563986409966025,0.00622876557191393,0.013590033975084938,1306,0.25537938844847113,0.005096262740656852,0.739524348810872
1699,Baltimore City,571,Baltimore City Precinct 28-003,5,541,11,131,3,14,571,1.0,0.008756567425569177,0.9474605954465849,0.01926444833625219,0.024518388791593695,437,0.22942206654991243,0.005253940455341506,0.7653239929947461
1700,Baltimore City,1228,Baltimore City Precinct 27-061,324,864,16,169,32,24,1228,1.0,0.26384364820846906,0.7035830618892508,0.013029315960912053,0.019543973941368076,1027,0.13762214983713356,0.026058631921824105,0.8363192182410424
1701,Baltimore City,1238,Baltimore City Precinct 27-056,13,1188,21,301,6,16,1238,1.0,0.01050080775444265,0.9596122778675282,0.016962843295638127,0.012924071082390954,931,0.2431340872374798,0.004846526655896607,0.7520193861066236
1702,Baltimore City,2460,Baltimore City Precinct 27-057,36,2363,16,453,2,45,2460,1.0,0.014634146341463415,0.9605691056910569,0.0065040650406504065,0.018292682926829267,2005,0.18414634146341463,0.0008130081300813008,0.8150406504065041
1703,Baltimore City,1163,Baltimore City Precinct 27-059,32,1094,15,203,5,22,1163,1.0,0.027515047291487533,0.94067067927773,0.012897678417884782,0.018916595012897677,955,0.17454858125537404,0.004299226139294927,0.821152192605331
1704,Baltimore City,1669,Baltimore City Precinct 28-001,105,1433,80,382,13,51,1669,1.0,0.06291192330736968,0.8585979628520072,0.04793289394847214,0.03055721989215099,1274,0.22887956860395448,0.007789095266626723,0.7633313361294188
1705,Baltimore City,3062,Baltimore City Precinct 27-067,1028,1457,437,476,199,140,3062,1.0,0.3357282821685173,0.4758327890267799,0.14271717831482691,0.045721750489875895,2387,0.15545395166557804,0.06499020248203788,0.779555845852384
1706,Baltimore City,2688,Baltimore City Precinct 27-062,1151,1405,52,270,227,80,2688,1.0,0.42819940476190477,0.5226934523809523,0.019345238095238096,0.02976190476190476,2191,0.10044642857142858,0.08444940476190477,0.8151041666666666
1707,Baltimore City,2392,Baltimore City Precinct 27-066,1756,432,60,216,414,144,2392,1.0,0.7341137123745819,0.1806020066889632,0.02508361204013378,0.06020066889632107,1762,0.0903010033444816,0.17307692307692307,0.7366220735785953
1709,Baltimore City,1675,Baltimore City Precinct 27-063,770,825,40,305,211,40,1675,1.0,0.4597014925373134,0.4925373134328358,0.023880597014925373,0.023880597014925373,1159,0.18208955223880596,0.12597014925373134,0.6919402985074626
1710,Baltimore City,3698,Baltimore City Precinct 27-065,2866,531,69,405,455,232,3698,1.0,0.775013520822066,0.1435911303407247,0.018658734451054624,0.06273661438615467,2838,0.10951865873445106,0.12303948080043267,0.7674418604651163
1711,Baltimore City,997,Baltimore City Precinct 27-060,171,786,11,308,87,29,997,1.0,0.1715145436308927,0.7883650952858575,0.011033099297893681,0.029087261785356068,602,0.30892678034102306,0.08726178535606821,0.6038114343029087
1712,Baltimore City,1689,Baltimore City Precinct 27-064,1206,325,51,239,305,107,1689,1.0,0.7140319715808171,0.19242155121373594,0.03019538188277087,0.06335109532267615,1145,0.1415038484310243,0.18058022498519835,0.6779159265837774
1726,Baltimore City,818,Baltimore City Precinct 15-008,13,767,22,219,8,16,818,1.0,0.01589242053789731,0.9376528117359413,0.02689486552567237,0.019559902200488997,591,0.26772616136919314,0.009779951100244499,0.7224938875305623
1727,Baltimore City,2394,Baltimore City Precinct 15-003,33,2300,16,733,14,45,2394,1.0,0.013784461152882205,0.960735171261487,0.006683375104427736,0.018796992481203006,1647,0.30618212197159567,0.005847953216374269,0.6879699248120301
1728,Baltimore City,1024,Baltimore City Precinct 15-004,8,995,16,283,6,5,1024,1.0,0.0078125,0.9716796875,0.015625,0.0048828125,735,0.2763671875,0.005859375,0.7177734375
1729,Baltimore City,1372,Baltimore City Precinct 15-005,11,1327,7,409,17,27,1372,1.0,0.008017492711370262,0.967201166180758,0.00510204081632653,0.01967930029154519,946,0.2981049562682216,0.01239067055393586,0.6895043731778425
