,COUNTY,VAP,NAME,WVAP,BVAP,HVAP,AG18D,AG18R,OVAP,TOT_VOTES,factor,WVAP_pct,BVAP_pct,HVAP_pct,OVAP_pct,AG18None,AG18D_pct,AG18R_pct,AG18None_pct
556,Baltimore City,1090,Baltimore City Precinct 26-028,142,914,11,230,13,23,1090,1,0.13027522935779817,0.8385321100917431,0.010091743119266056,0.02110091743119266,847,0.21100917431192662,0.011926605504587157,0.7770642201834862
557,Baltimore City,1429,Baltimore City Precinct 26-027,322,1033,31,309,47,43,1429,1,0.22533240027991602,0.7228831350594822,0.021693491952414275,0.030090972708187544,1073,0.21623512946116166,0.032890132960111965,0.7508747375787264
558,Baltimore City,1467,Baltimore City Precinct 27-007,472,907,31,305,32,57,1467,1,0.321745057941377,0.6182685753237901,0.021131561008861623,0.03885480572597137,1130,0.20790729379686435,0.021813224267211998,0.7702794819359237
559,Baltimore City,985,Baltimore City Precinct 26-030,419,511,29,278,35,26,985,1,0.42538071065989846,0.5187817258883248,0.029441624365482234,0.026395939086294416,672,0.28223350253807106,0.03553299492385787,0.682233502538071
574,Baltimore City,502,Baltimore City Precinct 26-001,417,33,35,50,41,17,502,1,0.8306772908366534,0.06573705179282868,0.0697211155378486,0.03386454183266932,411,0.099601593625498,0.08167330677290836,0.8187250996015937
575,Baltimore City,2426,Baltimore City Precinct 26-002,1008,789,539,252,74,90,2426,1,0.4154987633965375,0.32522671063478975,0.22217642209398186,0.03709810387469085,2100,0.10387469084913438,0.030502885408079144,0.8656224237427865
576,Baltimore City,2095,Baltimore City Precinct 26-003,1404,210,361,200,152,120,2095,1,0.6701670644391408,0.10023866348448687,0.17231503579952268,0.057279236276849645,1743,0.0954653937947494,0.07255369928400955,0.831980906921241
581,Baltimore City,782,Baltimore City Precinct 26-005,514,71,133,99,59,64,782,1,0.6572890025575447,0.0907928388746803,0.170076726342711,0.08184143222506395,624,0.1265984654731458,0.07544757033248081,0.7979539641943734
582,Baltimore City,1623,Baltimore City Precinct 26-004,1098,134,293,150,84,98,1623,1,0.6765249537892791,0.08256315465187923,0.18052988293284042,0.06038200862600123,1389,0.09242144177449169,0.051756007393715345,0.8558225508317929
583,Baltimore City,1434,Baltimore City Precinct 26-007,799,101,490,268,137,44,1434,1,0.5571827057182706,0.07043235704323571,0.3417015341701534,0.030683403068340307,1029,0.18688981868898186,0.09553695955369595,0.7175732217573222
584,Baltimore City,1562,Baltimore City Precinct 26-014,1050,136,339,115,79,37,1562,1,0.6722151088348272,0.08706786171574904,0.21702944942381563,0.023687580025608196,1368,0.0736235595390525,0.05057618437900128,0.8758002560819462
585,Baltimore City,1463,Baltimore City Precinct 26-015,116,1277,26,362,22,44,1463,1,0.07928913192071087,0.872863978127136,0.0177717019822283,0.03007518796992481,1079,0.24743677375256323,0.015037593984962405,0.7375256322624744
586,Baltimore City,4697,Baltimore City Precinct 26-029,597,3916,95,765,57,89,4697,1,0.12710240579093038,0.8337236533957846,0.02022567596338088,0.018948264849904195,3875,0.16286991696827763,0.01213540557802853,0.8249946774536938
805,Baltimore City,3265,Baltimore City Precinct 25-005,822,1696,585,457,89,162,3265,1,0.2517611026033691,0.519448698315467,0.17917304747320062,0.04961715160796325,2719,0.13996937212863705,0.027258805513016845,0.8327718223583461
807,Baltimore City,2660,Baltimore City Precinct 25-008,74,2484,65,374,22,37,2660,1,0.027819548872180452,0.9338345864661655,0.02443609022556391,0.013909774436090226,2264,0.1406015037593985,0.008270676691729323,0.8511278195488722
808,Baltimore City,1089,Baltimore City Precinct 25-009,9,1064,7,238,8,9,1089,1,0.008264462809917356,0.9770431588613406,0.006427915518824609,0.008264462809917356,843,0.21854912764003673,0.0073461891643709825,0.7741046831955923
809,Baltimore City,1595,Baltimore City Precinct 25-010,46,1486,25,279,10,38,1595,1,0.02884012539184953,0.9316614420062695,0.01567398119122257,0.023824451410658306,1306,0.17492163009404388,0.006269592476489028,0.8188087774294671
810,Baltimore City,3555,Baltimore City Precinct 25-003,2570,746,104,480,251,135,3555,1,0.7229254571026723,0.20984528832630098,0.029254571026722926,0.0379746835443038,2824,0.1350210970464135,0.07060478199718706,0.7943741209563995
811,Baltimore City,929,Baltimore City Precinct 20-009,527,341,34,114,38,27,929,1,0.5672766415500539,0.36706135629709363,0.03659849300322928,0.02906350914962325,777,0.12271259418729817,0.04090419806243272,0.8363832077502691
812,Baltimore City,1049,Baltimore City Precinct 20-005,28,1001,8,224,14,12,1049,1,0.02669208770257388,0.9542421353670162,0.0076263107721639654,0.011439466158245948,811,0.21353670162059105,0.01334604385128694,0.773117254528122
813,Baltimore City,3568,Baltimore City Precinct 25-004,2774,472,145,309,280,177,3568,1,0.7774663677130045,0.13228699551569506,0.0406390134529148,0.04960762331838565,2979,0.08660313901345291,0.07847533632286996,0.8349215246636771
814,Baltimore City,756,Baltimore City Precinct 20-010,333,353,45,47,12,25,756,1,0.44047619047619047,0.4669312169312169,0.05952380952380952,0.03306878306878307,697,0.062169312169312166,0.015873015873015872,0.921957671957672
815,Baltimore City,2322,Baltimore City Precinct 20-003,54,2229,6,243,12,33,2322,1,0.023255813953488372,0.9599483204134367,0.002583979328165375,0.014211886304909561,2067,0.10465116279069768,0.00516795865633075,0.8901808785529716
816,Baltimore City,2303,Baltimore City Precinct 20-011,848,1287,65,189,51,103,2303,1,0.36821537125488496,0.5588363004776379,0.02822405557967868,0.04472427268779852,2063,0.08206686930091185,0.02214502822405558,0.8957881024750326
817,Baltimore City,950,Baltimore City Precinct 20-002,70,853,7,117,8,20,950,1,0.07368421052631578,0.8978947368421053,0.007368421052631579,0.021052631578947368,825,0.1231578947368421,0.008421052631578947,0.868421052631579
818,Baltimore City,1760,Baltimore City Precinct 16-013,14,1711,4,312,20,31,1760,1,0.007954545454545454,0.9721590909090909,0.0022727272727272726,0.017613636363636363,1428,0.17727272727272728,0.011363636363636364,0.8113636363636364
819,Baltimore City,1950,Baltimore City Precinct 16-012,10,1891,15,432,23,34,1950,1,0.005128205128205128,0.9697435897435898,0.007692307692307693,0.017435897435897435,1495,0.22153846153846155,0.011794871794871795,0.7666666666666667
820,Baltimore City,240,Baltimore City Precinct 20-004,4,226,3,66,3,7,240,1,0.016666666666666666,0.9416666666666667,0.0125,0.029166666666666667,171,0.275,0.0125,0.7125
821,Baltimore City,1495,Baltimore City Precinct 16-008,24,1426,21,199,9,24,1495,1,0.016053511705685617,0.9538461538461539,0.014046822742474917,0.016053511705685617,1287,0.1331103678929766,0.006020066889632107,0.8608695652173913
822,Baltimore City,901,Baltimore City Precinct 26-031,516,339,13,181,64,33,901,1,0.5726970033296337,0.3762486126526082,0.014428412874583796,0.03662597114317425,656,0.2008879023307436,0.07103218645948946,0.7280799112097669
826,Baltimore City,2719,Baltimore City Precinct 27-008,1192,1388,38,668,156,101,2719,1,0.4383964692901802,0.5104817947774917,0.013975726369988967,0.03714600956233909,1895,0.24567855829349025,0.05737403457153365,0.696947407134976
827,Baltimore City,2670,Baltimore City Precinct 27-011,1688,820,103,679,319,59,2670,1,0.6322097378277154,0.30711610486891383,0.03857677902621723,0.022097378277153558,1672,0.2543071161048689,0.1194756554307116,0.6262172284644195
828,Baltimore City,842,Baltimore City Precinct 27-010,645,155,22,205,117,20,842,1,0.7660332541567696,0.1840855106888361,0.026128266033254157,0.023752969121140142,520,0.24346793349168647,0.13895486935866982,0.6175771971496437
876,Baltimore City,1038,Baltimore City Precinct 12-011,130,754,59,271,14,95,1038,1,0.1252408477842004,0.7263969171483622,0.05684007707129094,0.09152215799614644,753,0.2610789980732177,0.01348747591522158,0.7254335260115607
877,Baltimore City,1718,Baltimore City Precinct 12-008,988,497,82,576,48,151,1718,1,0.5750873108265425,0.2892898719441211,0.047729918509895226,0.08789289871944121,1094,0.3352735739231665,0.027939464493597205,0.6367869615832363
878,Baltimore City,1916,Baltimore City Precinct 12-010,382,1370,76,398,21,88,1916,1,0.19937369519832984,0.7150313152400835,0.03966597077244259,0.04592901878914405,1497,0.20772442588726514,0.010960334029227558,0.7813152400835073
882,Baltimore City,1139,Baltimore City Precinct 25-011,672,181,220,108,71,66,1139,1,0.5899912203687445,0.15891132572431957,0.19315188762071994,0.05794556628621598,960,0.09482001755926252,0.06233538191395961,0.8428446005267779
883,Baltimore City,2273,Baltimore City Precinct 25-012,1279,588,307,208,102,99,2273,1,0.5626924769027717,0.258688957325121,0.1350637923449186,0.04355477342718874,1963,0.09150901891772988,0.04487461504619446,0.8636163660360757
884,Baltimore City,1483,Baltimore City Precinct 25-014,468,905,52,197,39,58,1483,1,0.3155765340525961,0.6102494942683749,0.03506405933917734,0.03910991233985165,1247,0.13283884018880648,0.026298044504383007,0.8408631153068106
885,Baltimore City,1262,Baltimore City Precinct 25-013,750,334,135,103,54,43,1262,1,0.5942947702060222,0.26465927099841524,0.10697305863708399,0.03407290015847861,1105,0.08161648177496038,0.042789223454833596,0.875594294770206
886,Baltimore City,1628,Baltimore City Precinct 25-015,701,744,110,182,44,73,1628,1,0.4305896805896806,0.457002457002457,0.06756756756756757,0.04484029484029484,1402,0.11179361179361179,0.02702702702702703,0.8611793611793612
887,Baltimore City,2415,Baltimore City Precinct 25-016,1616,525,115,226,106,159,2415,1,0.6691511387163561,0.21739130434782608,0.047619047619047616,0.06583850931677018,2083,0.09358178053830228,0.04389233954451346,0.8625258799171842
888,Baltimore City,2673,Baltimore City Precinct 24-004,2448,43,68,768,353,114,2673,1,0.9158249158249159,0.016086793864571642,0.02543958099513655,0.04264870931537598,1552,0.287317620650954,0.13206135428357652,0.5806210250654695
889,Baltimore City,878,Baltimore City Precinct 24-002,775,30,29,272,127,44,878,1,0.8826879271070615,0.03416856492027335,0.03302961275626424,0.05011389521640091,479,0.3097949886104784,0.14464692482915717,0.5455580865603644
890,Baltimore City,722,Baltimore City Precinct 24-001,632,41,18,226,108,31,722,1,0.8753462603878116,0.05678670360110803,0.024930747922437674,0.04293628808864266,388,0.31301939058171746,0.14958448753462603,0.5373961218836565
891,Baltimore City,1728,Baltimore City Precinct 24-003,1531,46,43,541,258,108,1728,1,0.8859953703703703,0.02662037037037037,0.02488425925925926,0.0625,929,0.3130787037037037,0.14930555555555555,0.5376157407407407
892,Baltimore City,1994,Baltimore City Precinct 03-003,1421,223,166,429,185,184,1994,1,0.7126379137412236,0.11183550651955868,0.08324974924774323,0.09227683049147442,1380,0.21514543630892677,0.09277833500501505,0.6920762286860582
893,Baltimore City,3017,Baltimore City Precinct 24-005,2786,60,58,1112,621,113,3017,1,0.9234338747099768,0.019887305270135897,0.0192243950944647,0.03745442492542261,1284,0.3685780576731853,0.20583360954590654,0.4255883327809082
894,Baltimore City,2635,Baltimore City Precinct 02-003,2167,106,164,689,227,198,2635,1,0.8223908918406072,0.040227703984819736,0.06223908918406072,0.07514231499051234,1719,0.26148007590132827,0.08614800759013283,0.6523719165085389
895,Baltimore City,2074,Baltimore City Precinct 02-002,1402,157,396,505,127,119,2074,1,0.6759884281581485,0.07569913211186113,0.1909353905496625,0.05737704918032787,1442,0.24349083895853424,0.06123432979749277,0.695274831243973
896,Baltimore City,2117,Baltimore City Precinct 01-002,1706,102,203,598,133,106,2117,1,0.8058573452999528,0.048181388757675955,0.0958904109589041,0.050070854983467174,1386,0.28247520075578647,0.06282475200755787,0.6547000472366556
897,Baltimore City,1947,Baltimore City Precinct 01-003,1710,56,93,436,188,88,1947,1,0.8782742681047766,0.028762198253723677,0.04776579352850539,0.04519774011299435,1323,0.2239342578325629,0.09655880842321521,0.6795069337442219
898,Baltimore City,2617,Baltimore City Precinct 05-001,202,2276,86,250,15,53,2617,1,0.07718761941153993,0.8696981276270539,0.032862055789071455,0.020252197172334733,2352,0.09552923194497516,0.00573175391669851,0.8987390141383264
899,Baltimore City,658,Baltimore City Precinct 10-004,17,620,13,146,6,8,658,1,0.025835866261398176,0.9422492401215805,0.019756838905775075,0.0121580547112462,506,0.22188449848024316,0.00911854103343465,0.7689969604863222
900,Baltimore City,5665,Baltimore City Precinct 10-003,789,4761,71,82,5,44,5665,1,0.13927625772285968,0.840423654015887,0.012533097969991174,0.007766990291262136,5578,0.014474845542806708,0.00088261253309797,0.9846425419240953
901,Baltimore City,836,Baltimore City Precinct 03-002,231,487,43,135,18,75,836,1,0.27631578947368424,0.5825358851674641,0.05143540669856459,0.08971291866028708,683,0.16148325358851676,0.0215311004784689,0.8169856459330144
913,Baltimore City,2765,Baltimore City Precinct 07-004,124,2450,119,376,23,72,2765,1,0.04484629294755877,0.8860759493670886,0.043037974683544304,0.026039783001808318,2366,0.1359855334538879,0.008318264014466547,0.8556962025316456
914,Baltimore City,3497,Baltimore City Precinct 26-010,1389,683,1290,431,144,135,3497,1,0.3971975979410924,0.1953102659422362,0.3688876179582499,0.0386045181584215,2922,0.12324849871318273,0.04117815270231627,0.835573348584501
915,Baltimore City,923,Baltimore City Precinct 26-012,85,564,203,113,9,71,923,1,0.09209100758396534,0.6110509209100758,0.2199349945828819,0.07692307692307693,801,0.12242686890574214,0.009750812567713976,0.8678223185265439
916,Baltimore City,3245,Baltimore City Precinct 08-010,18,3159,33,699,40,35,3245,1,0.005546995377503852,0.973497688751926,0.010169491525423728,0.01078582434514638,2506,0.21540832049306627,0.012326656394453005,0.7722650231124807
917,Baltimore City,577,Baltimore City Precinct 08-011,13,548,4,142,5,12,577,1,0.022530329289428077,0.949740034662045,0.006932409012131715,0.02079722703639515,430,0.24610051993067592,0.008665511265164644,0.7452339688041595
918,Baltimore City,1998,Baltimore City Precinct 08-003,70,1883,18,365,28,27,1998,1,0.035035035035035036,0.9424424424424425,0.009009009009009009,0.013513513513513514,1605,0.18268268268268267,0.014014014014014014,0.8033033033033034
919,Baltimore City,1675,Baltimore City Precinct 26-019,143,1472,16,442,18,44,1675,1,0.0853731343283582,0.8788059701492538,0.00955223880597015,0.02626865671641791,1215,0.2638805970149254,0.010746268656716417,0.7253731343283583
920,Baltimore City,783,Baltimore City Precinct 26-020,50,719,7,193,10,7,783,1,0.06385696040868455,0.9182630906768838,0.008939974457215836,0.008939974457215836,580,0.24648786717752236,0.01277139208173691,0.7407407407407407
921,Baltimore City,1709,Baltimore City Precinct 26-011,785,268,560,123,58,96,1709,1,0.4593329432416618,0.15681685196021064,0.32767700409596257,0.056173200702165006,1528,0.07197191339964892,0.03393797542422469,0.8940901111761264
922,Baltimore City,1355,Baltimore City Precinct 26-013,1074,54,195,128,123,32,1355,1,0.792619926199262,0.03985239852398524,0.14391143911439114,0.023616236162361623,1104,0.09446494464944649,0.0907749077490775,0.814760147601476
923,Baltimore City,339,Baltimore City Precinct 26-017,33,280,10,157,10,16,339,1,0.09734513274336283,0.8259587020648967,0.029498525073746312,0.0471976401179941,172,0.4631268436578171,0.029498525073746312,0.5073746312684366
924,Baltimore City,2928,Baltimore City Precinct 26-018,256,2613,25,745,26,34,2928,1,0.08743169398907104,0.8924180327868853,0.00853825136612022,0.011612021857923498,2157,0.25443989071038253,0.008879781420765027,0.7366803278688525
925,Baltimore City,1249,Baltimore City Precinct 26-016,74,1115,6,321,15,54,1249,1,0.059247397918334666,0.8927141713370697,0.004803843074459567,0.04323458767013611,913,0.2570056044835869,0.01200960768614892,0.7309847878302642
982,Baltimore City,2683,Baltimore City Precinct 26-024,242,2170,23,466,16,248,2683,1,0.09019754006708908,0.8087961237420798,0.008572493477450614,0.09243384271338054,2201,0.17368617219530377,0.005963473723443906,0.8203503540812523
983,Baltimore City,2299,Baltimore City Precinct 26-025,146,1992,28,333,21,133,2299,1,0.06350587211831231,0.8664636798608091,0.012179208351457155,0.05785123966942149,1945,0.1448455850369726,0.009134406263592866,0.8460200086994345
984,Baltimore City,1812,Baltimore City Precinct 26-026,482,1240,48,410,56,42,1812,1,0.26600441501103755,0.6843267108167771,0.026490066225165563,0.023178807947019868,1346,0.22626931567328917,0.03090507726269316,0.7428256070640177
985,Baltimore City,2585,Baltimore City Precinct 27-005,1273,1168,45,708,137,99,2585,1,0.49245647969052225,0.4518375241779497,0.017408123791102514,0.03829787234042553,1740,0.27388781431334625,0.05299806576402321,0.6731141199226306
986,Baltimore City,3355,Baltimore City Precinct 27-006,959,2259,52,794,92,85,3355,1,0.28584202682563337,0.6733233979135619,0.015499254843517139,0.02533532041728763,2469,0.23666169895678094,0.027421758569299553,0.7359165424739196
987,Baltimore City,780,Baltimore City Precinct 27-019,33,725,17,176,8,5,780,1,0.04230769230769231,0.9294871794871795,0.021794871794871794,0.00641025641025641,596,0.22564102564102564,0.010256410256410256,0.764102564102564
988,Baltimore City,2289,Baltimore City Precinct 27-015,400,1768,63,565,52,58,2289,1,0.17474879860200962,0.7723896898208825,0.027522935779816515,0.025338575797291395,1672,0.24683267802533856,0.022717343818261248,0.7304499781564002
992,Baltimore City,2647,Baltimore City Precinct 27-014,1453,1028,61,730,225,105,2647,1,0.5489233094068757,0.38836418587079713,0.0230449565545901,0.039667548167737064,1692,0.2757839063090291,0.08500188893086513,0.6392142047601058
993,Baltimore City,3409,Baltimore City Precinct 27-013,915,2303,118,668,127,73,3409,1,0.26840715752420063,0.675564681724846,0.034614256380170134,0.02141390437078322,2614,0.19595189205045468,0.03725432678204752,0.7667937811674977
994,Baltimore City,1492,Baltimore City Precinct 27-009,843,537,50,468,127,62,1492,1,0.5650134048257373,0.3599195710455764,0.03351206434316354,0.04155495978552279,897,0.3136729222520107,0.08512064343163539,0.6012064343163539
995,Baltimore City,762,Baltimore City Precinct 27-012,550,153,42,159,88,17,762,1,0.7217847769028871,0.20078740157480315,0.05511811023622047,0.02230971128608924,515,0.20866141732283464,0.11548556430446194,0.6758530183727034
1014,Baltimore City,751,Baltimore City Precinct 27-037,547,155,22,186,72,27,751,1,0.7283621837549934,0.20639147802929428,0.02929427430093209,0.03595206391478029,493,0.24766977363515313,0.09587217043941411,0.6564580559254327
1015,Baltimore City,1727,Baltimore City Precinct 27-038,993,567,49,371,56,118,1727,1,0.57498552403011,0.328314997104806,0.028372900984365953,0.06832657788071801,1300,0.21482339316734222,0.03242617255356109,0.7527504342790967
1016,Baltimore City,1669,Baltimore City Precinct 27-042,1261,164,22,586,194,222,1669,1,0.7555422408627921,0.09826243259436789,0.013181545835829839,0.1330137807070102,889,0.35110844817255843,0.11623726782504494,0.5326542840023967
1017,Baltimore City,1155,Baltimore City Precinct 27-044,1034,31,36,539,116,54,1155,1,0.8952380952380953,0.02683982683982684,0.03116883116883117,0.046753246753246755,500,0.4666666666666667,0.10043290043290043,0.4329004329004329
1018,Baltimore City,1487,Baltimore City Precinct 27-040,1289,83,36,543,212,79,1487,1,0.8668459986550101,0.05581708137188971,0.0242098184263618,0.0531271015467384,732,0.36516476126429054,0.1425689307330195,0.49226630800269
1019,Baltimore City,742,Baltimore City Precinct 27-039,645,57,14,328,105,26,742,1,0.8692722371967655,0.07681940700808626,0.018867924528301886,0.03504043126684636,309,0.4420485175202156,0.14150943396226415,0.4164420485175202
1020,Baltimore City,1929,Baltimore City Precinct 27-041,1446,340,44,624,190,99,1929,1,0.749611197511664,0.1762571280456195,0.02280974598237429,0.05132192846034215,1115,0.3234836702954899,0.09849663037843442,0.5780196993260757
1036,Baltimore City,1338,Baltimore City Precinct 09-010,254,994,50,338,16,40,1338,1,0.1898355754857997,0.7428998505231689,0.03736920777279522,0.029895366218236172,984,0.2526158445440957,0.01195814648729447,0.7354260089686099
1037,Baltimore City,1402,Baltimore City Precinct 09-003,246,1073,32,416,24,51,1402,1,0.1754636233951498,0.7653352353780314,0.02282453637660485,0.03637660485021398,962,0.2967189728958631,0.017118402282453638,0.6861626248216833
1038,Baltimore City,1166,Baltimore City Precinct 09-002,133,974,16,248,21,43,1166,1,0.11406518010291596,0.8353344768439108,0.0137221269296741,0.03687821612349914,897,0.21269296740994853,0.018010291595197257,0.7692967409948542
1039,Baltimore City,1002,Baltimore City Precinct 09-009,76,873,15,219,17,38,1002,1,0.07584830339321358,0.8712574850299402,0.014970059880239521,0.03792415169660679,766,0.218562874251497,0.016966067864271458,0.7644710578842315
1040,Baltimore City,1958,Baltimore City Precinct 09-004,484,1353,25,625,48,96,1958,1,0.24719101123595505,0.6910112359550562,0.012768130745658836,0.049029622063329927,1285,0.3192032686414709,0.024514811031664963,0.6562819203268642
1041,Baltimore City,1717,Baltimore City Precinct 09-005,367,1273,27,427,37,50,1717,1,0.21374490390215492,0.7414094350611532,0.0157251019219569,0.029120559114735003,1253,0.24868957483983692,0.021549213744903904,0.7297612114152592
1042,Baltimore City,782,Baltimore City Precinct 09-001,41,721,9,147,7,11,782,1,0.052429667519181586,0.921994884910486,0.011508951406649617,0.014066496163682864,628,0.18797953964194372,0.008951406649616368,0.80306905370844
1043,Baltimore City,970,Baltimore City Precinct 27-036,32,895,18,211,12,25,970,1,0.032989690721649485,0.9226804123711341,0.018556701030927835,0.02577319587628866,747,0.2175257731958763,0.012371134020618556,0.7701030927835052
1044,Baltimore City,3261,Baltimore City Precinct 27-035,98,3076,27,476,26,60,3261,1,0.03005213124808341,0.9432689359092303,0.00827966881324747,0.01839926402943882,2759,0.145967494633548,0.007973014412756822,0.8460594909536951
1045,Baltimore City,1481,Baltimore City Precinct 27-026,265,1094,75,204,15,47,1481,1,0.17893315327481432,0.7386900742741391,0.05064145847400405,0.03173531397704254,1262,0.137744767049291,0.01012829169480081,0.8521269412559082
1046,Baltimore City,1722,Baltimore City Precinct 27-027,33,1637,28,342,10,24,1722,1,0.01916376306620209,0.9506387921022067,0.016260162601626018,0.013937282229965157,1370,0.1986062717770035,0.005807200929152149,0.7955865272938444
1047,Baltimore City,1372,Baltimore City Precinct 27-028,32,1295,15,285,14,30,1372,1,0.023323615160349854,0.9438775510204082,0.010932944606413994,0.021865889212827987,1073,0.20772594752186588,0.01020408163265306,0.782069970845481
1048,Baltimore City,858,Baltimore City Precinct 27-029,10,823,7,194,20,18,858,1,0.011655011655011656,0.9592074592074592,0.008158508158508158,0.02097902097902098,644,0.2261072261072261,0.023310023310023312,0.7505827505827506
1049,Baltimore City,1643,Baltimore City Precinct 09-008,18,1580,15,240,6,30,1643,1,0.010955569080949483,0.9616555082166768,0.009129640900791236,0.018259281801582473,1397,0.14607425441265978,0.0036518563603164943,0.8502738892270237
1050,Baltimore City,1933,Baltimore City Precinct 09-006,142,1715,21,597,31,55,1933,1,0.0734609415416451,0.8872219348163477,0.010863942058975685,0.028453181583031558,1305,0.3088463528194516,0.01603724780134506,0.6751163993792033
1051,Baltimore City,1819,Baltimore City Precinct 09-007,152,1583,41,488,23,43,1819,1,0.08356239692138538,0.8702583837273227,0.022539857064321055,0.023639362286970864,1308,0.2682792743265531,0.012644310060472787,0.7190764156129742
1052,Baltimore City,1296,Baltimore City Precinct 27-025,35,1223,14,339,16,24,1296,1,0.02700617283950617,0.9436728395061729,0.010802469135802469,0.018518518518518517,941,0.26157407407407407,0.012345679012345678,0.7260802469135802
1053,Baltimore City,1047,Baltimore City Precinct 27-024,138,854,29,141,6,26,1047,1,0.1318051575931232,0.8156638013371538,0.027698185291308502,0.024832855778414518,900,0.1346704871060172,0.0057306590257879654,0.8595988538681948
1054,Baltimore City,588,Baltimore City Precinct 27-023,30,534,7,215,15,17,588,1,0.05102040816326531,0.9081632653061225,0.011904761904761904,0.02891156462585034,358,0.3656462585034014,0.025510204081632654,0.608843537414966
1055,Baltimore City,1632,Baltimore City Precinct 27-034,121,1435,32,404,24,44,1632,1,0.0741421568627451,0.8792892156862745,0.0196078431372549,0.02696078431372549,1204,0.24754901960784315,0.014705882352941176,0.7377450980392157
1056,Baltimore City,2316,Baltimore City Precinct 27-033,564,1641,35,630,59,76,2316,1,0.24352331606217617,0.7085492227979274,0.015112262521588947,0.03281519861830743,1627,0.27202072538860106,0.02547495682210708,0.7025043177892919
1057,Baltimore City,2778,Baltimore City Precinct 27-032,1010,1467,153,747,79,148,2778,1,0.36357091432685384,0.5280777537796977,0.0550755939524838,0.05327573794096472,1952,0.2688984881209503,0.02843772498200144,0.7026637868970482
1060,Baltimore City,1703,Baltimore City Precinct 27-030,58,1571,33,351,16,41,1703,1,0.03405754550792719,0.9224897240164416,0.019377568995889608,0.024075161479741633,1336,0.20610687022900764,0.009395184967704051,0.7844979448032883
1061,Baltimore City,2334,Baltimore City Precinct 27-031,141,2109,26,605,38,58,2334,1,0.060411311053984576,0.903598971722365,0.011139674378748929,0.024850042844901457,1691,0.2592116538131962,0.016281062553556127,0.7245072836332477
1062,Baltimore City,2547,Baltimore City Precinct 27-022,207,2279,23,699,33,38,2547,1,0.0812720848056537,0.894778170396545,0.009030231645072634,0.0149195131527287,1815,0.2744405182567727,0.012956419316843345,0.7126030624263839
1063,Baltimore City,2765,Baltimore City Precinct 27-021,234,2402,44,686,35,85,2765,1,0.08462929475587704,0.8687160940325497,0.015913200723327307,0.03074141048824593,2044,0.2481012658227848,0.012658227848101266,0.739240506329114
1064,Baltimore City,2623,Baltimore City Precinct 27-020,377,2071,61,606,38,114,2623,1,0.14372855508959206,0.789553945863515,0.023255813953488372,0.0434616850934045,1979,0.2310331681280976,0.014487228364468167,0.7544796035074343
1066,Baltimore City,1108,Baltimore City Precinct 08-001,657,395,19,29,1,37,1108,1,0.5929602888086642,0.3564981949458484,0.017148014440433214,0.033393501805054154,1078,0.026173285198555957,0.0009025270758122744,0.9729241877256317
1067,Baltimore City,1540,Baltimore City Precinct 08-002,183,1293,25,353,27,39,1540,1,0.11883116883116883,0.8396103896103896,0.016233766233766232,0.025324675324675326,1160,0.2292207792207792,0.01753246753246753,0.7532467532467533
1068,Baltimore City,2756,Baltimore City Precinct 26-021,263,2415,34,724,39,44,2756,1,0.09542815674891146,0.8762699564586357,0.012336719883889695,0.015965166908563134,1993,0.262699564586357,0.014150943396226415,0.7231494920174165
1069,Baltimore City,813,Baltimore City Precinct 26-022,102,679,15,206,12,17,813,1,0.12546125461254612,0.8351783517835178,0.01845018450184502,0.020910209102091022,595,0.25338253382533826,0.014760147601476014,0.7318573185731857
1070,Baltimore City,586,Baltimore City Precinct 27-002,406,155,13,281,60,12,586,1,0.6928327645051194,0.2645051194539249,0.02218430034129693,0.020477815699658702,245,0.47952218430034127,0.10238907849829351,0.4180887372013652
1071,Baltimore City,2370,Baltimore City Precinct 27-001,734,1506,55,562,88,75,2370,1,0.309704641350211,0.6354430379746835,0.023206751054852322,0.03164556962025317,1720,0.2371308016877637,0.03713080168776371,0.7257383966244726
1072,Baltimore City,3583,Baltimore City Precinct 27-018,801,2616,55,513,71,111,3583,1,0.22355567959810216,0.7301144292492325,0.015350265140943344,0.030979626011722022,2999,0.1431761094055261,0.01981579681830868,0.8370080937761653
1073,Baltimore City,1263,Baltimore City Precinct 27-017,466,726,28,383,50,43,1263,1,0.36896278701504354,0.5748218527315915,0.022169437846397466,0.034045922406967535,830,0.30324623911322246,0.0395882818685669,0.6571654790182107
1074,Baltimore City,642,Baltimore City Precinct 27-003,342,267,15,213,33,18,642,1,0.5327102803738317,0.4158878504672897,0.02336448598130841,0.028037383177570093,396,0.3317757009345794,0.0514018691588785,0.616822429906542
1075,Baltimore City,676,Baltimore City Precinct 27-004,338,306,14,189,40,18,676,1,0.5,0.4526627218934911,0.020710059171597635,0.026627218934911243,447,0.27958579881656803,0.05917159763313609,0.6612426035502958
1076,Baltimore City,796,Baltimore City Precinct 27-016,371,399,10,223,37,16,796,1,0.46608040201005024,0.5012562814070352,0.01256281407035176,0.020100502512562814,536,0.28015075376884424,0.04648241206030151,0.6733668341708543
1077,Baltimore City,1296,Baltimore City Precinct 26-023,120,1124,19,289,16,33,1296,1,0.09259259259259259,0.8672839506172839,0.014660493827160493,0.02546296296296296,991,0.22299382716049382,0.012345679012345678,0.7646604938271605
1078,Baltimore City,1224,Baltimore City Precinct 15-022,11,1172,28,290,20,13,1224,1,0.008986928104575163,0.9575163398692811,0.02287581699346405,0.010620915032679739,914,0.2369281045751634,0.016339869281045753,0.7467320261437909
1079,Baltimore City,2136,Baltimore City Precinct 15-024,9,2081,15,346,11,31,2136,1,0.004213483146067416,0.974250936329588,0.007022471910112359,0.01451310861423221,1779,0.16198501872659177,0.005149812734082397,0.8328651685393258
1080,Baltimore City,964,Baltimore City Precinct 27-055,16,922,9,147,11,17,964,1,0.016597510373443983,0.9564315352697096,0.00933609958506224,0.017634854771784232,806,0.1524896265560166,0.011410788381742738,0.8360995850622407
1081,Baltimore City,951,Baltimore City Precinct 15-025,20,906,7,115,9,18,951,1,0.02103049421661409,0.9526813880126183,0.007360672975814932,0.01892744479495268,827,0.12092534174553102,0.00946372239747634,0.8696109358569927
1082,Baltimore City,614,Baltimore City Precinct 27-054,17,580,5,119,4,12,614,1,0.02768729641693811,0.9446254071661238,0.008143322475570033,0.019543973941368076,491,0.19381107491856678,0.006514657980456026,0.7996742671009772
1083,Baltimore City,804,Baltimore City Precinct 27-058,10,783,5,109,8,6,804,1,0.012437810945273632,0.9738805970149254,0.006218905472636816,0.007462686567164179,687,0.13557213930348258,0.009950248756218905,0.8544776119402985
1084,Baltimore City,1983,Baltimore City Precinct 27-053,65,1868,14,330,18,36,1983,1,0.03277861825516894,0.9420070600100857,0.0070600100857286935,0.018154311649016642,1635,0.1664145234493192,0.009077155824508321,0.8245083207261724
1085,Baltimore City,3199,Baltimore City Precinct 27-052,85,3007,46,518,20,61,3199,1,0.026570803376055017,0.9399812441387934,0.01437949359174742,0.019068458893404187,2661,0.16192560175054704,0.006251953735542357,0.8318224445139106
1086,Baltimore City,2203,Baltimore City Precinct 15-023,61,2085,15,358,13,42,2203,1,0.027689514298683614,0.9464366772582842,0.006808896958692692,0.019064911484339538,1832,0.1625056740807989,0.005901044030866999,0.831593281888334
1087,Baltimore City,1066,Baltimore City Precinct 13-005,806,170,39,324,68,51,1066,1,0.7560975609756098,0.15947467166979362,0.036585365853658534,0.04784240150093809,674,0.30393996247654786,0.06378986866791744,0.6322701688555347
1088,Baltimore City,1038,Baltimore City Precinct 27-048,156,811,18,279,25,53,1038,1,0.15028901734104047,0.7813102119460501,0.017341040462427744,0.051059730250481696,734,0.26878612716763006,0.024084778420038536,0.7071290944123314
1089,Baltimore City,827,Baltimore City Precinct 27-043,692,80,15,315,70,40,827,1,0.8367593712212817,0.09673518742442563,0.018137847642079808,0.04836759371221282,442,0.3808948004836759,0.08464328899637243,0.5344619105199516
1090,Baltimore City,1140,Baltimore City Precinct 27-050,691,377,24,479,40,48,1140,1,0.606140350877193,0.3307017543859649,0.021052631578947368,0.042105263157894736,621,0.4201754385964912,0.03508771929824561,0.5447368421052632
1091,Baltimore City,390,Baltimore City Precinct 27-051,146,233,3,63,5,8,390,1,0.37435897435897436,0.5974358974358974,0.007692307692307693,0.020512820512820513,322,0.16153846153846155,0.01282051282051282,0.8256410256410256
1092,Baltimore City,2674,Baltimore City Precinct 27-049,2164,287,59,900,222,164,2674,1,0.8092744951383695,0.10732984293193717,0.022064323111443532,0.061331338818249814,1552,0.3365744203440538,0.08302169035153328,0.5804038893044129
1094,Baltimore City,777,Baltimore City Precinct 13-006,30,728,7,179,12,12,777,1,0.03861003861003861,0.9369369369369369,0.009009009009009009,0.015444015444015444,586,0.23037323037323038,0.015444015444015444,0.7541827541827542
1095,Baltimore City,1244,Baltimore City Precinct 13-004,1098,53,36,399,151,57,1244,1,0.882636655948553,0.04260450160771704,0.028938906752411574,0.04581993569131833,694,0.3207395498392283,0.12138263665594855,0.5578778135048231
1096,Baltimore City,2273,Baltimore City Precinct 13-003,1980,107,75,789,175,111,2273,1,0.8710954685437747,0.047074351077870655,0.032996040475142985,0.048834139903211615,1309,0.3471183457985042,0.07699076110866696,0.5758908930928288
1097,Baltimore City,2199,Baltimore City Precinct 13-011,1953,52,56,824,136,138,2199,1,0.888130968622101,0.02364711232378354,0.02546612096407458,0.06275579809004093,1239,0.3747157798999545,0.06184629376989541,0.5634379263301501
1098,Baltimore City,1290,Baltimore City Precinct 13-012,1174,35,30,728,135,51,1290,1,0.9100775193798449,0.027131782945736434,0.023255813953488372,0.03953488372093023,427,0.5643410852713179,0.10465116279069768,0.3310077519379845
1099,Baltimore City,2558,Baltimore City Precinct 13-001,1793,265,66,501,60,434,2558,1,0.700938232994527,0.1035965598123534,0.02580140734949179,0.16966379984362784,1997,0.19585613760750586,0.023455824863174355,0.7806880375293198
1100,Baltimore City,1628,Baltimore City Precinct 27-047,1104,266,58,394,91,200,1628,1,0.6781326781326781,0.16339066339066338,0.03562653562653563,0.12285012285012285,1143,0.24201474201474202,0.055896805896805894,0.702088452088452
1101,Baltimore City,1385,Baltimore City Precinct 13-002,1103,151,47,453,90,84,1385,1,0.7963898916967509,0.10902527075812274,0.03393501805054152,0.06064981949458484,842,0.3270758122743682,0.06498194945848375,0.607942238267148
1102,Baltimore City,802,Baltimore City Precinct 27-046,669,46,25,364,76,62,802,1,0.8341645885286783,0.057356608478802994,0.03117206982543641,0.0773067331670823,362,0.4538653366583541,0.09476309226932668,0.4513715710723192
1103,Baltimore City,4732,Baltimore City Precinct 27-045,3995,312,200,703,144,225,4732,1,0.8442519019442096,0.06593406593406594,0.042265426880811495,0.047548605240912936,3885,0.1485629754860524,0.030431107354184278,0.8210059171597633
1104,Baltimore City,1486,Baltimore City Precinct 12-003,862,154,80,379,40,390,1486,1,0.5800807537012113,0.10363391655450875,0.05383580080753701,0.26244952893674295,1067,0.2550471063257066,0.026917900403768506,0.7180349932705249
1105,Baltimore City,1587,Baltimore City Precinct 12-006,1031,182,74,356,27,300,1587,1,0.649653434152489,0.1146817895400126,0.04662885948330183,0.1890359168241966,1204,0.22432262129804661,0.017013232514177693,0.7586641461877757
1106,Baltimore City,1914,Baltimore City Precinct 12-005,1218,238,84,455,29,374,1914,1,0.6363636363636364,0.12434691745036573,0.0438871473354232,0.19540229885057472,1430,0.23772204806687566,0.015151515151515152,0.7471264367816092
1107,Baltimore City,3814,Baltimore City Precinct 12-004,2068,285,225,433,35,1236,3814,1,0.5422128998426848,0.07472469847928684,0.05899318300996329,0.32406921866806504,3346,0.11352910330361825,0.009176717357105402,0.8772941793392763
1108,Baltimore City,2306,Baltimore City Precinct 12-002,1529,210,82,79,29,485,2306,1,0.663052905464007,0.09106678230702515,0.03555941023417172,0.2103209019947962,2198,0.034258456201214225,0.012575888985255855,0.9531656548135299
1109,Baltimore City,2090,Baltimore City Precinct 12-001,1535,103,66,999,183,386,2090,1,0.7344497607655502,0.049282296650717705,0.031578947368421054,0.184688995215311,908,0.4779904306220096,0.08755980861244018,0.43444976076555025
1163,Baltimore City,2988,Baltimore City Precinct 28-006,115,2785,40,614,34,48,2988,1,0.03848728246318608,0.9320615796519411,0.013386880856760375,0.01606425702811245,2340,0.20548862115127176,0.011378848728246318,0.7831325301204819
1164,Baltimore City,1374,Baltimore City Precinct 28-007,38,1282,31,269,13,23,1374,1,0.027656477438136828,0.9330422125181951,0.022561863173216887,0.016739446870451237,1092,0.1957787481804949,0.009461426491994178,0.7947598253275109
1165,Baltimore City,1808,Baltimore City Precinct 28-005,29,1725,23,402,29,31,1808,1,0.016039823008849558,0.9540929203539823,0.012721238938053098,0.017146017699115043,1377,0.22234513274336284,0.016039823008849558,0.7616150442477876
1166,Baltimore City,2470,Baltimore City Precinct 28-002,50,2355,16,491,26,49,2470,1,0.020242914979757085,0.9534412955465587,0.006477732793522267,0.019838056680161944,1953,0.19878542510121458,0.010526315789473684,0.7906882591093117
1167,Baltimore City,882,Baltimore City Precinct 28-004,11,834,19,163,16,18,882,1,0.012471655328798186,0.9455782312925171,0.021541950113378686,0.02040816326530612,703,0.18480725623582767,0.018140589569160998,0.7970521541950113
1168,Baltimore City,1074,Baltimore City Precinct 15-002,22,1028,10,207,7,14,1074,1,0.020484171322160148,0.957169459962756,0.00931098696461825,0.01303538175046555,860,0.19273743016759776,0.006517690875232775,0.8007448789571695
1169,Baltimore City,2856,Baltimore City Precinct 15-009,38,2763,25,597,29,30,2856,1,0.01330532212885154,0.967436974789916,0.008753501400560224,0.01050420168067227,2230,0.20903361344537816,0.01015406162464986,0.780812324929972
1201,Baltimore City,1822,Baltimore City Precinct 03-001,235,1360,126,306,23,101,1822,1,0.12897914379802414,0.7464324917672887,0.06915477497255763,0.05543358946212953,1493,0.16794731064763996,0.012623490669593854,0.8194291986827662
1202,Baltimore City,356,Baltimore City Precinct 05-002,41,198,8,25,2,109,356,1,0.1151685393258427,0.5561797752808989,0.02247191011235955,0.3061797752808989,329,0.0702247191011236,0.0056179775280898875,0.9241573033707865
1203,Baltimore City,1273,Baltimore City Precinct 10-002,8,1234,8,332,10,23,1273,1,0.006284367635506678,0.969363707776905,0.006284367635506678,0.018067556952081697,931,0.2608012568735271,0.007855459544383346,0.7313432835820896
1204,Baltimore City,987,Baltimore City Precinct 10-001,13,954,4,321,20,16,987,1,0.013171225937183385,0.9665653495440729,0.004052684903748734,0.016210739614994935,646,0.3252279635258359,0.020263424518743668,0.6545086119554204
1205,Baltimore City,1789,Baltimore City Precinct 09-015,22,1719,19,361,22,29,1789,1,0.012297372833985467,0.9608719955282281,0.010620458356623811,0.01621017328116266,1406,0.20178870877585242,0.012297372833985467,0.7859139183901621
1206,Baltimore City,1316,Baltimore City Precinct 12-007,363,873,34,524,24,46,1316,1,0.27583586626139817,0.6633738601823708,0.025835866261398176,0.034954407294832825,768,0.3981762917933131,0.0182370820668693,0.5835866261398176
1207,Baltimore City,1357,Baltimore City Precinct 09-014,18,1308,7,360,13,24,1357,1,0.013264554163596167,0.9638909358879882,0.005158437730287398,0.017686072218128224,984,0.26529108327192336,0.009579955784819455,0.7251289609432572
1208,Baltimore City,364,Baltimore City Precinct 09-011,6,351,5,43,1,2,364,1,0.016483516483516484,0.9642857142857143,0.013736263736263736,0.005494505494505495,320,0.11813186813186813,0.0027472527472527475,0.8791208791208791
1209,Baltimore City,917,Baltimore City Precinct 09-013,12,874,4,107,6,27,917,1,0.013086150490730643,0.9531079607415486,0.004362050163576881,0.029443838604143947,804,0.11668484187568157,0.006543075245365322,0.8767720828789531
1210,Baltimore City,1609,Baltimore City Precinct 09-012,36,1537,18,334,16,18,1609,1,0.022374145431945307,0.9552517091361094,0.011187072715972654,0.011187072715972654,1259,0.20758234928527036,0.009944064636420136,0.7824735860783095
1211,Baltimore City,1368,Baltimore City Precinct 02-001,706,229,312,327,64,121,1368,1,0.5160818713450293,0.16739766081871346,0.22807017543859648,0.08845029239766082,977,0.23903508771929824,0.04678362573099415,0.7141812865497076
1212,Baltimore City,1117,Baltimore City Precinct 06-004,528,424,76,367,32,89,1117,1,0.4726947179946285,0.37958818263205013,0.06803939122649955,0.07967770814682185,718,0.3285586392121755,0.02864816472694718,0.6427931960608774
1213,Baltimore City,475,Baltimore City Precinct 06-003,44,391,9,116,4,31,475,1,0.09263157894736843,0.8231578947368421,0.018947368421052633,0.06526315789473684,355,0.24421052631578946,0.008421052631578947,0.7473684210526316
1214,Baltimore City,1050,Baltimore City Precinct 07-001,14,1008,6,248,18,22,1050,1,0.013333333333333334,0.96,0.005714285714285714,0.02095238095238095,784,0.2361904761904762,0.017142857142857144,0.7466666666666667
1215,Baltimore City,441,Baltimore City Precinct 08-007,11,421,1,335,13,8,441,1,0.024943310657596373,0.9546485260770975,0.0022675736961451248,0.018140589569160998,93,0.7596371882086168,0.02947845804988662,0.2108843537414966
1216,Baltimore City,250,Baltimore City Precinct 07-002,11,236,0,50,3,3,250,1,0.044,0.944,0.0,0.012,197,0.2,0.012,0.788
1217,Baltimore City,819,Baltimore City Precinct 06-002,107,570,108,165,11,34,819,1,0.13064713064713065,0.6959706959706959,0.13186813186813187,0.04151404151404151,643,0.20146520146520147,0.013431013431013432,0.7851037851037851
1218,Baltimore City,2445,Baltimore City Precinct 07-003,84,2189,100,453,22,72,2445,1,0.0343558282208589,0.8952965235173824,0.0408997955010225,0.029447852760736196,1970,0.18527607361963191,0.00899795501022495,0.8057259713701431
1219,Baltimore City,986,Baltimore City Precinct 08-008,30,938,7,374,82,11,986,1,0.030425963488843813,0.9513184584178499,0.007099391480730223,0.011156186612576065,530,0.3793103448275862,0.08316430020283976,0.537525354969574
1220,Baltimore City,1928,Baltimore City Precinct 08-006,31,1858,14,533,37,25,1928,1,0.016078838174273857,0.9636929460580913,0.007261410788381743,0.012966804979253113,1358,0.27645228215767637,0.019190871369294607,0.7043568464730291
1221,Baltimore City,1774,Baltimore City Precinct 08-005,22,1717,8,349,23,27,1774,1,0.012401352874859075,0.967869222096956,0.004509582863585118,0.015219842164599774,1402,0.19673055242390078,0.012965050732807215,0.790304396843292
1222,Baltimore City,1071,Baltimore City Precinct 08-009,21,1020,17,22,1,13,1071,1,0.0196078431372549,0.9523809523809523,0.015873015873015872,0.012138188608776844,1048,0.02054154995331466,0.0009337068160597573,0.9785247432306255
1223,Baltimore City,473,Baltimore City Precinct 08-004,8,456,2,77,7,7,473,1,0.016913319238900635,0.9640591966173362,0.004228329809725159,0.014799154334038054,389,0.16279069767441862,0.014799154334038054,0.8224101479915433
1224,Baltimore City,951,Baltimore City Precinct 26-008,818,38,31,371,209,64,951,1,0.8601472134595163,0.03995793901156677,0.03259726603575184,0.06729758149316509,371,0.3901156677181914,0.21976866456361724,0.3901156677181914
1225,Baltimore City,2859,Baltimore City Precinct 01-004,2482,142,83,551,308,152,2859,1,0.8681357117873383,0.049667715984610006,0.029031129765652326,0.05316544246239944,2000,0.19272472892619796,0.10772997551591465,0.6995452955578874
1226,Baltimore City,3180,Baltimore City Precinct 01-005,2843,73,164,805,446,100,3180,1,0.8940251572327044,0.022955974842767294,0.05157232704402516,0.031446540880503145,1929,0.2531446540880503,0.14025157232704402,0.6066037735849057
1227,Baltimore City,3113,Baltimore City Precinct 26-009,2667,97,200,582,319,149,3113,1,0.856729842595567,0.031159653067780277,0.06424670735624799,0.04786379698040476,2212,0.18695791840668166,0.10247349823321555,0.7105685833601028
1228,Baltimore City,1478,Baltimore City Precinct 26-006,963,43,407,143,76,65,1478,1,0.6515561569688768,0.029093369418132613,0.2753721244925575,0.04397834912043302,1259,0.09675236806495263,0.05142083897158322,0.8518267929634641
1229,Baltimore City,1558,Baltimore City Precinct 01-001,1017,175,283,368,129,83,1558,1,0.6527599486521181,0.1123234916559692,0.1816431322207959,0.05327342747111682,1061,0.2362002567394095,0.08279845956354301,0.6810012836970475
1230,Baltimore City,3120,Baltimore City Precinct 06-005,1381,861,721,722,118,157,3120,1,0.4426282051282051,0.2759615384615385,0.2310897435897436,0.05032051282051282,2280,0.23141025641025642,0.03782051282051282,0.7307692307692307
1231,Baltimore City,1744,Baltimore City Precinct 06-001,198,1110,376,298,19,60,1744,1,0.11353211009174312,0.6364678899082569,0.21559633027522937,0.034403669724770644,1427,0.17087155963302753,0.010894495412844037,0.8182339449541285
1232,Baltimore City,1555,Baltimore City Precinct 23-001,1384,62,44,388,174,65,1555,1,0.890032154340836,0.03987138263665595,0.02829581993569132,0.04180064308681672,993,0.24951768488745982,0.11189710610932475,0.6385852090032155
1233,Baltimore City,1449,Baltimore City Precinct 22-002,1253,91,32,513,178,73,1449,1,0.8647342995169082,0.06280193236714976,0.022084195997239476,0.05037957211870255,758,0.35403726708074534,0.12284334023464458,0.52311939268461
1234,Baltimore City,1095,Baltimore City Precinct 22-001,797,197,30,316,111,71,1095,1,0.7278538812785388,0.17990867579908676,0.0273972602739726,0.06484018264840183,668,0.28858447488584477,0.10136986301369863,0.6100456621004566
1235,Baltimore City,1382,Baltimore City Precinct 19-001,24,1280,54,315,24,24,1382,1,0.017366136034732273,0.9261939218523878,0.03907380607814761,0.017366136034732273,1043,0.22793053545586106,0.017366136034732273,0.7547033285094067
1236,Baltimore City,1137,Baltimore City Precinct 16-003,9,1100,4,159,9,24,1137,1,0.0079155672823219,0.9674582233948988,0.003518029903254178,0.021108179419525065,969,0.13984168865435356,0.0079155672823219,0.8522427440633246
1237,Baltimore City,1737,Baltimore City Precinct 16-002,27,1652,20,235,15,38,1737,1,0.015544041450777202,0.9510650546919976,0.011514104778353483,0.021876799078871616,1487,0.13529073114565343,0.008635578583765112,0.8560736902705814
1238,Baltimore City,985,Baltimore City Precinct 16-001,18,942,7,165,7,18,985,1,0.018274111675126905,0.9563451776649746,0.007106598984771574,0.018274111675126905,813,0.16751269035532995,0.007106598984771574,0.8253807106598985
1239,Baltimore City,1226,Baltimore City Precinct 18-001,14,1194,6,184,10,12,1226,1,0.011419249592169658,0.9738988580750407,0.004893964110929853,0.009787928221859706,1032,0.1500815660685155,0.008156606851549755,0.8417618270799347
1240,Baltimore City,1367,Baltimore City Precinct 17-002,16,1287,25,534,28,39,1367,1,0.011704462326261888,0.9414776883686906,0.018288222384784197,0.02852962692026335,805,0.39063643013899046,0.020482809070958303,0.5888807607900512
1241,Baltimore City,1008,Baltimore City Precinct 14-003,24,952,18,185,8,14,1008,1,0.023809523809523808,0.9444444444444444,0.017857142857142856,0.013888888888888888,815,0.18353174603174602,0.007936507936507936,0.808531746031746
1242,Baltimore City,1794,Baltimore City Precinct 15-019,31,1733,8,24,3,22,1794,1,0.017279821627647716,0.9659977703455964,0.004459308807134894,0.012263099219620958,1767,0.013377926421404682,0.0016722408026755853,0.9849498327759197
1243,Baltimore City,529,Baltimore City Precinct 14-005,4,514,5,102,7,6,529,1,0.007561436672967864,0.9716446124763705,0.00945179584120983,0.011342155009451797,420,0.19281663516068054,0.013232514177693762,0.7939508506616257
1244,Baltimore City,1897,Baltimore City Precinct 13-008,110,1704,28,523,26,55,1897,1,0.05798629414865577,0.8982604111755403,0.014760147601476014,0.028993147074327884,1348,0.275698471270427,0.013705851344227728,0.7105956773853452
1245,Baltimore City,1483,Baltimore City Precinct 13-007,15,1435,11,352,14,22,1483,1,0.010114632501685773,0.9676331759946055,0.007417397167902899,0.014834794335805798,1117,0.23735670937289277,0.009440323668240054,0.7532029669588671
1246,Baltimore City,2314,Baltimore City Precinct 14-004,223,1976,33,676,32,82,2314,1,0.09636992221261884,0.8539325842696629,0.014261019878997408,0.03543647363872083,1606,0.29213483146067415,0.013828867761452032,0.6940363007778738
1247,Baltimore City,1277,Baltimore City Precinct 13-009,88,1132,28,302,15,29,1277,1,0.06891151135473766,0.8864526233359437,0.02192638997650744,0.022709475332811275,960,0.2364917776037588,0.011746280344557557,0.7517619420516837
1248,Baltimore City,1887,Baltimore City Precinct 13-010,272,1536,28,461,31,51,1887,1,0.14414414414414414,0.8139904610492846,0.01483836777954425,0.02702702702702703,1395,0.24430312665606782,0.016428192898781134,0.739268680445151
1249,Baltimore City,588,Baltimore City Precinct 04-003,33,494,9,147,7,52,588,1,0.05612244897959184,0.8401360544217688,0.015306122448979591,0.08843537414965986,434,0.25,0.011904761904761904,0.7380952380952381
1250,Baltimore City,2521,Baltimore City Precinct 04-002,1231,629,120,639,81,541,2521,1,0.48829829432764776,0.24950416501388337,0.04760015866719556,0.21459738199127332,1801,0.25347084490281635,0.032130107100357,0.7143990479968266
1251,Baltimore City,1979,Baltimore City Precinct 17-001,162,1737,30,38,3,50,1979,1,0.08185952501263265,0.8777160181910055,0.015159171298635674,0.025265285497726123,1938,0.019201616978271854,0.0015159171298635675,0.9792824658918646
1252,Baltimore City,1028,Baltimore City Precinct 11-004,115,881,10,15,0,22,1028,1,0.11186770428015565,0.8570038910505836,0.009727626459143969,0.021400778210116732,1013,0.014591439688715954,0.0,0.9854085603112841
1253,Baltimore City,1704,Baltimore City Precinct 11-003,892,527,55,561,50,230,1704,1,0.5234741784037559,0.30927230046948356,0.03227699530516432,0.13497652582159625,1093,0.32922535211267606,0.029342723004694836,0.6414319248826291
1254,Baltimore City,2097,Baltimore City Precinct 04-001,924,523,112,325,50,538,2097,1,0.4406294706723891,0.24940391034811635,0.05340963280877444,0.2565569861707201,1722,0.15498330948974726,0.023843586075345733,0.821173104434907
1255,Baltimore City,2967,Baltimore City Precinct 11-006,1600,831,124,786,84,412,2967,1,0.5392652510953826,0.2800808897876643,0.04179305695989215,0.138860802157061,2097,0.2649140546006067,0.028311425682507583,0.7067745197168858
1256,Baltimore City,870,Baltimore City Precinct 11-005,547,176,53,410,30,94,870,1,0.628735632183908,0.20229885057471264,0.06091954022988506,0.10804597701149425,430,0.47126436781609193,0.034482758620689655,0.4942528735632184
1257,Baltimore City,645,Baltimore City Precinct 11-002,302,248,21,172,16,74,645,1,0.4682170542635659,0.38449612403100775,0.03255813953488372,0.11472868217054263,457,0.26666666666666666,0.024806201550387597,0.7085271317829457
1258,Baltimore City,1818,Baltimore City Precinct 11-007,1109,408,93,580,59,208,1818,1,0.61001100110011,0.22442244224422442,0.05115511551155116,0.11441144114411442,1179,0.31903190319031904,0.032453245324532455,0.6485148514851485
1259,Baltimore City,1899,Baltimore City Precinct 11-001,1177,423,92,577,63,207,1899,1,0.6197998946814113,0.22274881516587677,0.04844655081621906,0.10900473933649289,1259,0.30384412848867826,0.03317535545023697,0.6629805160610848
1260,Baltimore City,1670,Baltimore City Precinct 14-002,830,698,47,255,24,95,1670,1,0.49700598802395207,0.4179640718562874,0.0281437125748503,0.05688622754491018,1391,0.15269461077844312,0.01437125748502994,0.832934131736527
1261,Baltimore City,1524,Baltimore City Precinct 14-001,930,325,52,375,24,217,1524,1,0.610236220472441,0.21325459317585302,0.03412073490813648,0.14238845144356954,1125,0.24606299212598426,0.015748031496062992,0.7381889763779528
1262,Baltimore City,2304,Baltimore City Precinct 12-009,1078,938,101,566,72,187,2304,1,0.4678819444444444,0.4071180555555556,0.04383680555555555,0.08116319444444445,1666,0.2456597222222222,0.03125,0.7230902777777778
1263,Baltimore City,1485,Baltimore City Precinct 12-012,447,940,26,540,20,72,1485,1,0.301010101010101,0.632996632996633,0.017508417508417508,0.048484848484848485,925,0.36363636363636365,0.013468013468013467,0.622895622895623
1289,Baltimore City,1691,Baltimore City Precinct 16-009,6,1642,19,351,9,24,1691,1,0.0035481963335304554,0.9710230632761679,0.011235955056179775,0.014192785334121822,1331,0.20756948551153165,0.005322294500295683,0.7871082199881727
1290,Baltimore City,1025,Baltimore City Precinct 16-010,10,995,4,197,3,16,1025,1,0.00975609756097561,0.9707317073170731,0.003902439024390244,0.015609756097560976,825,0.19219512195121952,0.002926829268292683,0.8048780487804879
1291,Baltimore City,936,Baltimore City Precinct 16-011,6,912,7,171,2,11,936,1,0.00641025641025641,0.9743589743589743,0.007478632478632479,0.011752136752136752,763,0.18269230769230768,0.002136752136752137,0.8151709401709402
1292,Baltimore City,365,Baltimore City Precinct 15-012,13,346,3,51,3,3,365,1,0.03561643835616438,0.947945205479452,0.00821917808219178,0.00821917808219178,311,0.13972602739726028,0.00821917808219178,0.852054794520548
1293,Baltimore City,1645,Baltimore City Precinct 15-007,21,1550,44,374,11,30,1645,1,0.01276595744680851,0.9422492401215805,0.026747720364741642,0.0182370820668693,1260,0.22735562310030394,0.006686930091185411,0.7659574468085106
1294,Baltimore City,754,Baltimore City Precinct 15-013,5,731,10,154,10,8,754,1,0.006631299734748011,0.9694960212201591,0.013262599469496022,0.010610079575596816,590,0.20424403183023873,0.013262599469496022,0.7824933687002652
1295,Baltimore City,813,Baltimore City Precinct 15-015,5,784,7,147,4,17,813,1,0.006150061500615006,0.964329643296433,0.008610086100861008,0.020910209102091022,662,0.18081180811808117,0.004920049200492005,0.8142681426814268
1296,Baltimore City,1295,Baltimore City Precinct 15-014,10,1262,3,362,16,20,1295,1,0.007722007722007722,0.9745173745173745,0.0023166023166023165,0.015444015444015444,917,0.27953667953667954,0.012355212355212355,0.7081081081081081
1297,Baltimore City,1699,Baltimore City Precinct 15-006,17,1643,10,502,19,29,1699,1,0.010005885815185403,0.9670394349617422,0.005885815185403178,0.017068864037669218,1178,0.29546792230723956,0.011183048852266038,0.6933490288404944
1298,Baltimore City,964,Baltimore City Precinct 16-007,6,927,5,327,16,26,964,1,0.006224066390041493,0.9616182572614108,0.005186721991701245,0.026970954356846474,621,0.3392116182572614,0.016597510373443983,0.6441908713692946
1299,Baltimore City,1884,Baltimore City Precinct 16-006,7,1841,10,380,22,26,1884,1,0.0037154989384288748,0.977176220806794,0.005307855626326964,0.013800424628450107,1482,0.20169851380042464,0.01167728237791932,0.7866242038216561
1300,Baltimore City,1791,Baltimore City Precinct 20-001,30,1710,23,343,20,28,1791,1,0.01675041876046901,0.9547738693467337,0.012841987716359575,0.015633724176437745,1428,0.19151312116136238,0.011166945840312675,0.7973199329983249
1301,Baltimore City,764,Baltimore City Precinct 16-004,12,736,3,110,9,13,764,1,0.015706806282722512,0.9633507853403142,0.003926701570680628,0.017015706806282723,645,0.14397905759162305,0.011780104712041885,0.8442408376963351
1302,Baltimore City,2126,Baltimore City Precinct 16-005,27,2054,18,366,15,27,2126,1,0.012699905926622766,0.9661335841956726,0.008466603951081843,0.012699905926622766,1745,0.17215428033866415,0.0070555032925682035,0.8207902163687676
1303,Baltimore City,1404,Baltimore City Precinct 15-018,4,1378,6,559,23,16,1404,1,0.002849002849002849,0.9814814814814815,0.004273504273504274,0.011396011396011397,822,0.39814814814814814,0.01638176638176638,0.5854700854700855
1304,Baltimore City,1040,Baltimore City Precinct 15-016,9,1012,3,182,10,16,1040,1,0.008653846153846154,0.9730769230769231,0.0028846153846153848,0.015384615384615385,848,0.175,0.009615384615384616,0.8153846153846154
1305,Baltimore City,2987,Baltimore City Precinct 15-020,37,2836,43,556,25,71,2987,1,0.012387010378305993,0.9494476062939404,0.014395714763977234,0.023769668563776363,2406,0.18613993973886844,0.008369601606963508,0.805490458654168
1306,Baltimore City,1237,Baltimore City Precinct 15-021,14,1191,5,245,8,27,1237,1,0.01131770412287793,0.9628132578819725,0.004042037186742118,0.021827000808407437,984,0.19805982215036377,0.0064672594987873885,0.7954729183508489
1307,Baltimore City,1807,Baltimore City Precinct 15-017,23,1743,21,405,20,20,1807,1,0.012728278915329275,0.9645821804095185,0.01162147205312673,0.011068068622025456,1382,0.2241283895960155,0.011068068622025456,0.7648035417819591
1308,Baltimore City,1062,Baltimore City Precinct 25-006,24,1008,12,262,10,18,1062,1,0.022598870056497175,0.9491525423728814,0.011299435028248588,0.01694915254237288,790,0.24670433145009416,0.009416195856873822,0.743879472693032
1309,Baltimore City,596,Baltimore City Precinct 25-007,133,421,12,128,14,30,596,1,0.2231543624161074,0.7063758389261745,0.020134228187919462,0.050335570469798654,454,0.21476510067114093,0.02348993288590604,0.761744966442953
1310,Baltimore City,2234,Baltimore City Precinct 21-003,992,973,87,459,89,182,2234,1,0.4440465532676813,0.43554162936436885,0.03894359892569382,0.08146821844225605,1686,0.20546105640107432,0.03983885407341092,0.7547000895255148
1311,Baltimore City,3343,Baltimore City Precinct 19-002,1090,1844,221,340,54,188,3343,1,0.3260544421178582,0.5516003589590188,0.06610828597068501,0.05623691295243793,2949,0.1017050553395154,0.01615315584804068,0.8821417888124439
1312,Baltimore City,489,Baltimore City Precinct 21-004,246,221,12,169,25,10,489,1,0.5030674846625767,0.45194274028629855,0.024539877300613498,0.02044989775051125,295,0.3456032719836401,0.05112474437627812,0.6032719836400818
1313,Baltimore City,1952,Baltimore City Precinct 18-002,558,1266,43,328,39,85,1952,1,0.2858606557377049,0.6485655737704918,0.022028688524590164,0.043545081967213115,1585,0.1680327868852459,0.019979508196721313,0.8119877049180327
1314,Baltimore City,1673,Baltimore City Precinct 21-002,672,802,43,447,59,156,1673,1,0.401673640167364,0.4793783622235505,0.025702331141661684,0.09324566646742379,1167,0.26718469814704127,0.035265989240884636,0.6975493126120741
1315,Baltimore City,2033,Baltimore City Precinct 23-003,1802,94,64,547,285,73,2033,1,0.8863748155435317,0.046237088047220855,0.03148057058534186,0.03590752582390556,1201,0.2690605017215937,0.14018691588785046,0.5907525823905558
1316,Baltimore City,1153,Baltimore City Precinct 21-001,755,197,50,244,51,151,1153,1,0.6548135299219427,0.17085862966175194,0.04336513443191674,0.13096270598438856,858,0.21162185602775369,0.04423243712055507,0.7441457068516912
1317,Baltimore City,1038,Baltimore City Precinct 23-002,584,386,30,358,97,38,1038,1,0.5626204238921002,0.371868978805395,0.028901734104046242,0.036608863198458574,583,0.3448940269749518,0.09344894026974952,0.5616570327552987
1318,Baltimore City,2506,Baltimore City Precinct 20-007,148,2271,32,451,33,55,2506,1,0.05905826017557861,0.9062250598563448,0.012769353551476457,0.02194732641660016,2022,0.1799680766161213,0.013168395849960097,0.8068635275339185
1319,Baltimore City,2106,Baltimore City Precinct 28-010,255,1797,16,478,56,38,2106,1,0.12108262108262108,0.8532763532763533,0.007597340930674264,0.018043684710351376,1572,0.22697056030389365,0.026590693257359924,0.7464387464387464
1320,Baltimore City,458,Baltimore City Precinct 28-012,55,385,5,303,53,13,458,1,0.12008733624454149,0.8406113537117904,0.010917030567685589,0.028384279475982533,102,0.6615720524017468,0.11572052401746726,0.22270742358078602
1321,Baltimore City,2423,Baltimore City Precinct 28-009,274,2052,45,502,27,52,2423,1,0.1130829550144449,0.846884028064383,0.018572018159306643,0.021460998761865455,1894,0.2071811803549319,0.011143210895583986,0.7816756087494842
1322,Baltimore City,1962,Baltimore City Precinct 28-011,173,1728,28,462,37,33,1962,1,0.08817533129459736,0.8807339449541285,0.014271151885830785,0.016819571865443424,1463,0.23547400611620795,0.018858307849133536,0.7456676860346585
1323,Baltimore City,3079,Baltimore City Precinct 20-006,15,3014,20,626,19,30,3079,1,0.004871711594673595,0.9788892497564144,0.006495615459564794,0.00974342318934719,2434,0.20331276388437805,0.006170834686586554,0.7905164014290355
1324,Baltimore City,3001,Baltimore City Precinct 16-014,29,2900,23,588,19,49,3001,1,0.009663445518160613,0.9663445518160613,0.007664111962679107,0.016327890703098966,2394,0.19593468843718762,0.006331222925691436,0.7977340886371209
1325,Baltimore City,1740,Baltimore City Precinct 28-008,83,1617,10,360,15,30,1740,1,0.04770114942528736,0.9293103448275862,0.005747126436781609,0.017241379310344827,1365,0.20689655172413793,0.008620689655172414,0.7844827586206896
1326,Baltimore City,1451,Baltimore City Precinct 15-011,43,1372,13,319,11,23,1451,1,0.029634734665747762,0.9455547898001379,0.00895933838731909,0.015851137146795313,1121,0.21984838042729152,0.007580978635423846,0.7725706409372847
1327,Baltimore City,1492,Baltimore City Precinct 15-010,39,1422,15,382,15,16,1492,1,0.02613941018766756,0.953083109919571,0.010053619302949061,0.010723860589812333,1095,0.25603217158176944,0.010053619302949061,0.7339142091152815
1375,Baltimore City,2932,Baltimore City Precinct 28-015,976,1810,49,489,82,97,2932,1,0.3328785811732606,0.6173260572987722,0.016712141882673944,0.033083219645293316,2361,0.16678035470668487,0.02796725784447476,0.8052523874488404
1376,Baltimore City,2794,Baltimore City Precinct 25-001,329,2336,55,707,49,74,2794,1,0.11775232641374374,0.8360773085182533,0.01968503937007874,0.026485325697924122,2038,0.253042233357194,0.017537580529706515,0.7294201861130994
1377,Baltimore City,742,Baltimore City Precinct 28-014,55,669,4,156,11,14,742,1,0.07412398921832884,0.9016172506738545,0.005390835579514825,0.018867924528301886,575,0.21024258760107817,0.014824797843665768,0.7749326145552561
1378,Baltimore City,2138,Baltimore City Precinct 25-002,205,1832,37,439,39,64,2138,1,0.09588400374181479,0.8568755846585594,0.017305893358278764,0.029934518241347054,1660,0.20533208606173994,0.01824134705332086,0.7764265668849392
1379,Baltimore City,1494,Baltimore City Precinct 28-013,105,1354,12,300,14,23,1494,1,0.07028112449799197,0.9062918340026773,0.008032128514056224,0.015394912985274432,1180,0.20080321285140562,0.009370816599732263,0.7898259705488622
1380,Baltimore City,714,Baltimore City Precinct 20-008,104,582,3,128,10,25,714,1,0.14565826330532214,0.8151260504201681,0.004201680672268907,0.0350140056022409,576,0.1792717086834734,0.014005602240896359,0.8067226890756303
1698,Baltimore City,1766,Baltimore City Precinct 15-001,42,1689,11,365,19,24,1766,1,0.02378255945639864,0.9563986409966025,0.00622876557191393,0.013590033975084938,1382,0.20668176670441676,0.010758776896942242,0.782559456398641
1699,Baltimore City,571,Baltimore City Precinct 28-003,5,541,11,135,5,14,571,1,0.008756567425569177,0.9474605954465849,0.01926444833625219,0.024518388791593695,431,0.23642732049036777,0.008756567425569177,0.7548161120840631
1700,Baltimore City,1228,Baltimore City Precinct 27-061,324,864,16,120,42,24,1228,1,0.26384364820846906,0.7035830618892508,0.013029315960912053,0.019543973941368076,1066,0.09771986970684039,0.03420195439739414,0.8680781758957655
1701,Baltimore City,1238,Baltimore City Precinct 27-056,13,1188,21,182,9,16,1238,1,0.01050080775444265,0.9596122778675282,0.016962843295638127,0.012924071082390954,1047,0.1470113085621971,0.007269789983844911,0.845718901453958
1702,Baltimore City,2460,Baltimore City Precinct 27-057,36,2363,16,326,12,45,2460,1,0.014634146341463415,0.9605691056910569,0.0065040650406504065,0.018292682926829267,2122,0.13252032520325202,0.004878048780487805,0.8626016260162601
1703,Baltimore City,1163,Baltimore City Precinct 27-059,32,1094,15,160,3,22,1163,1,0.027515047291487533,0.94067067927773,0.012897678417884782,0.018916595012897677,1000,0.13757523645743766,0.0025795356835769563,0.8598452278589854
1704,Baltimore City,1669,Baltimore City Precinct 28-001,105,1433,80,326,25,51,1669,1,0.06291192330736968,0.8585979628520072,0.04793289394847214,0.03055721989215099,1318,0.19532654284002396,0.014979029358897543,0.7896944278010785
1705,Baltimore City,3062,Baltimore City Precinct 27-067,1028,1457,437,423,173,140,3062,1,0.3357282821685173,0.4758327890267799,0.14271717831482691,0.045721750489875895,2466,0.1381450032658393,0.05649902024820379,0.8053559764859569
1706,Baltimore City,2688,Baltimore City Precinct 27-062,1151,1405,52,195,189,80,2688,1,0.42819940476190477,0.5226934523809523,0.019345238095238096,0.02976190476190476,2304,0.07254464285714286,0.0703125,0.8571428571428571
1707,Baltimore City,2392,Baltimore City Precinct 27-066,1756,432,60,232,361,144,2392,1,0.7341137123745819,0.1806020066889632,0.02508361204013378,0.06020066889632107,1799,0.09698996655518395,0.15091973244147158,0.7520903010033445
1709,Baltimore City,1675,Baltimore City Precinct 27-063,770,825,40,294,176,40,1675,1,0.4597014925373134,0.4925373134328358,0.023880597014925373,0.023880597014925373,1205,0.1755223880597015,0.10507462686567164,0.7194029850746269
1710,Baltimore City,3698,Baltimore City Precinct 27-065,2866,531,69,413,408,232,3698,1,0.775013520822066,0.1435911303407247,0.018658734451054624,0.06273661438615467,2877,0.11168199026500811,0.11032990805840995,0.777988101676582
1711,Baltimore City,997,Baltimore City Precinct 27-060,171,786,11,271,66,29,997,1,0.1715145436308927,0.7883650952858575,0.011033099297893681,0.029087261785356068,660,0.27181544633901705,0.06619859578736209,0.6619859578736209
1712,Baltimore City,1689,Baltimore City Precinct 27-064,1206,325,51,261,307,107,1689,1,0.7140319715808171,0.19242155121373594,0.03019538188277087,0.06335109532267615,1121,0.15452930728241562,0.1817643576080521,0.6637063351095323
1726,Baltimore City,818,Baltimore City Precinct 15-008,13,767,22,214,10,16,818,1,0.01589242053789731,0.9376528117359413,0.02689486552567237,0.019559902200488997,594,0.2616136919315403,0.012224938875305624,0.726161369193154
1727,Baltimore City,2394,Baltimore City Precinct 15-003,33,2300,16,632,31,45,2394,1,0.013784461152882205,0.960735171261487,0.006683375104427736,0.018796992481203006,1731,0.26399331662489556,0.012949039264828738,0.7230576441102757
1728,Baltimore City,1024,Baltimore City Precinct 15-004,8,995,16,237,9,5,1024,1,0.0078125,0.9716796875,0.015625,0.0048828125,778,0.2314453125,0.0087890625,0.759765625
1729,Baltimore City,1372,Baltimore City Precinct 15-005,11,1327,7,379,19,27,1372,1,0.008017492711370262,0.967201166180758,0.00510204081632653,0.01967930029154519,974,0.2762390670553936,0.013848396501457727,0.7099125364431487
